full_name,email,company,title,industry,company_size,phone
Trần Xuân Lan,tran.xuan.lan.0@cenland.vn,CenLand,Sales Director,retail,10,0934683029
Phạm Quang Việt,pham.quang.viet.1@fptsoftware.vn,FPT Software,Product Manager,fintech,120,0861576424
Phan Quang Khánh,phan.quang.khanh.2@viettiengarm.vn,Viet Tien Garment,Kế toán trưởng,retail,25,0973634749
Lê Xuân Lan,le.xuan.lan.3@vinamilk.vn,Vinamilk,Sales Director,manufacturing,10,0907569603
Đặng Đức Trang,dang.duc.trang.4@pharmacity.vn,Pharmacity,Head of Finance,education,10,0934741333
Lê Quang Lan,le.quang.lan.5@duytanplasti.vn,Duy Tan Plastics,Sales Director,manufacturing,500,0706890824
Hồ Xuân Châu,ho.xuan.chau.6@gmail.com,Vinmec,Kế toán trưởng,education,50,0327870440
Đặng Thanh Tâm,dang.thanh.tam.7@gmail.com,Pharmacity,CFO,logistics,10,0935178057
Lý Đức Dũng,ly.duc.dung.8@thecoffeehou.vn,The Coffee House,CTO,manufacturing,500,0701685102
Ngô Văn An,ngo.van.an.9@gmail.com,Base.vn,CTO,software,120,0354135992
Nguyễn Hữu Việt,nguyen.huu.viet.10@pnj.vn,PNJ,Procurement Manager,retail,1500,0902219060
Phan Quang Dũng,phan.quang.dung.11@hoaphat.vn,Hoà Phát,Kế toán trưởng,logistics,25,0913329813
Phạm Quang Hà,pham.quang.ha.12@hoaphat.vn,Hoà Phát,Kế toán trưởng,logistics,250,0350796267
Bùi Thị Trang,bui.thi.trang.13@thacoindustr.vn,Thaco Industries,Sales Director,software,1500,0706713250
Dương Quang Lan,duong.quang.lan.14@tiki.vn,Tiki,Procurement Manager,logistics,25,0701852562
Ngô Quang Tuấn,ngo.quang.tuan.15@gmail.com,Viet Tien Garment,Marketing Manager,ecommerce,500,0974805307
Đặng Hữu Nam,dang.huu.nam.16@kiotviet.vn,KiotViet,CTO,software,500,0963838630
Phạm Ngọc Lan,pham.ngoc.lan.17@gmail.com,MoMo,Procurement Manager,fintech,500,0919509375
Trần Thị Châu,tran.thi.chau.18@gmail.com,MoMo,CEO,healthcare,10,0971279409
Nguyễn Minh Mai,nguyen.minh.mai.19@thecoffeehou.vn,The Coffee House,Marketing Manager,manufacturing,500,0708702458
Phạm Thanh Khánh,pham.thanh.khanh.20@gmail.com,Duy Tan Plastics,Head of Finance,software,25,0863850708
Nguyễn Thanh Dũng,nguyen.thanh.dung.21@kiotviet.vn,KiotViet,Head of Finance,logistics,500,0908915270
Võ Xuân Quân,vo.xuan.quan.22@tiki.vn,Tiki,CFO,education,120,0917869221
Đặng Minh Khánh,dang.minh.khanh.23@gmail.com,PNJ,CEO,manufacturing,25,0979166249
Phan Xuân Tâm,phan.xuan.tam.24@basevn.vn,Base.vn,Marketing Manager,retail,500,0967295248
Ngô Quang Khánh,ngo.quang.khanh.25@basevn.vn,Base.vn,CTO,healthcare,1500,0933589921
Võ Hồng Phúc,vo.hong.phuc.26@tiki.vn,Tiki,Product Manager,healthcare,1500,0869092349
Bùi Minh Khánh,bui.minh.khanh.27@pharmacity.vn,Pharmacity,CTO,fintech,50,0915259802
Vũ Thanh Khánh,vu.thanh.khanh.28@haravan.vn,Haravan,CFO,education,250,0967553497
Ngô Thị Mai,ngo.thi.mai.29@gmail.com,Base.vn,Kế toán trưởng,software,25,0706601001
Lý Hữu Giang,ly.huu.giang.30@haravan.vn,Haravan,Sales Director,ecommerce,120,0935758169
Lê Quang Oanh,le.quang.oanh.31@kiotviet.vn,KiotViet,Head of Finance,manufacturing,1500,0908134403
Phan Ngọc Việt,phan.ngoc.viet.32@gemadeptlogi.vn,Gemadept Logistics,Procurement Manager,manufacturing,10,0323099566
Dương Quang Nam,duong.quang.nam.33@gmail.com,Shopee Vietnam,Sales Director,fintech,10,0967287680
Lê Ngọc Việt,le.ngoc.viet.34@vngcorporati.vn,VNG Corporation,CEO,fintech,10,0933941200
Vũ Hồng Giang,vu.hong.giang.35@gmail.com,Base.vn,Marketing Manager,manufacturing,25,0972217294
Lê Xuân Quân,le.xuan.quan.36@gmail.com,The Coffee House,Operations Manager,education,50,0976286845
Lê Minh Quân,le.minh.quan.37@gmail.com,Thaco Industries,CEO,software,120,0702458105
Phan Đức Sơn,phan.duc.son.38@gmail.com,Vinmec,Sales Director,education,1500,0908065960
Đỗ Đức Tâm,do.duc.tam.39@fptsoftware.vn,FPT Software,Marketing Manager,fintech,250,0357841230
Đỗ Văn Bình,do.van.binh.40@pharmacity.vn,Pharmacity,CFO,ecommerce,500,0322480951
Ngô Văn Lan,ngo.van.lan.41@gmail.com,Gemadept Logistics,Procurement Manager,logistics,25,0910515881
Hoàng Quang Khánh,hoang.quang.khanh.42@vinamilk.vn,Vinamilk,Operations Manager,ecommerce,50,0961649822
Hồ Hồng An,ho.hong.an.43@topcv.vn,TopCV,Operations Manager,logistics,1500,0359230815
Võ Hữu Khánh,vo.huu.khanh.44@tiki.vn,Tiki,CEO,ecommerce,250,0909538139
Phạm Xuân Bình,pham.xuan.binh.45@hoaphat.vn,Hoà Phát,CFO,ecommerce,120,0321493724
Võ Hồng Quân,vo.hong.quan.46@duytanplasti.vn,Duy Tan Plastics,Procurement Manager,healthcare,50,0705217605
Nguyễn Minh Nam,nguyen.minh.nam.47@gmail.com,Vinmec,CEO,retail,500,0703578483
Phạm Đức Quân,pham.duc.quan.48@thecoffeehou.vn,The Coffee House,Marketing Manager,fintech,120,0964166674
Ngô Hồng Tuấn,ngo.hong.tuan.49@vinamilk.vn,Vinamilk,CTO,software,1500,0960697994
Phạm Văn Hà,pham.van.ha.50@topcv.vn,TopCV,CEO,education,500,0351076330
Lý Hữu Trang,ly.huu.trang.51@viettiengarm.vn,Viet Tien Garment,Procurement Manager,fintech,250,0933848522
Nguyễn Hồng Tâm,nguyen.hong.tam.52@shopeevietna.vn,Shopee Vietnam,Product Manager,manufacturing,1500,0704605720
Nguyễn Thị Giang,nguyen.thi.giang.53@viettiengarm.vn,Viet Tien Garment,Sales Director,ecommerce,50,0977146923
Đặng Thị Oanh,dang.thi.oanh.54@gmail.com,Thaco Industries,Head of Finance,software,120,0865236844
Ngô Thị Trang,ngo.thi.trang.55@pnj.vn,PNJ,Operations Manager,ecommerce,25,0936142517
Dương Minh Khánh,duong.minh.khanh.56@gemadeptlogi.vn,Gemadept Logistics,CEO,logistics,500,0704851255
Ngô Xuân Giang,ngo.xuan.giang.57@basevn.vn,Base.vn,Head of Finance,fintech,1500,0973532674
Lê Quang Lan,le.quang.lan.58@gmail.com,Vinamilk,Operations Manager,fintech,10,0357215925
Phạm Xuân Linh,pham.xuan.linh.59@basevn.vn,Base.vn,Sales Director,fintech,50,0868561481
Lý Hữu Phúc,ly.huu.phuc.60@gmail.com,Base.vn,CFO,logistics,50,0702887220
Nguyễn Xuân Linh,nguyen.xuan.linh.61@gmail.com,Duy Tan Plastics,Kế toán trưởng,healthcare,1500,0907506239
Hồ Văn Phúc,ho.van.phuc.62@fptsoftware.vn,FPT Software,Sales Director,logistics,10,0905382315
Lý Đức Sơn,ly.duc.son.63@momo.vn,MoMo,Sales Director,fintech,500,0701125983
Nguyễn Hồng Nam,nguyen.hong.nam.64@shopeevietna.vn,Shopee Vietnam,Product Manager,fintech,50,0701117106
Hồ Xuân Lan,ho.xuan.lan.65@gmail.com,Pharmacity,Head of Finance,ecommerce,120,0911934933
Đặng Văn An,dang.van.an.66@topcv.vn,TopCV,CEO,ecommerce,250,0355282719
Hồ Hồng Lan,ho.hong.lan.67@gemadeptlogi.vn,Gemadept Logistics,Sales Director,logistics,10,0967495384
Đặng Thanh Tuấn,dang.thanh.tuan.68@shopeevietna.vn,Shopee Vietnam,Sales Director,ecommerce,50,0869539004
Đặng Văn Dũng,dang.van.dung.69@gmail.com,VNG Corporation,CTO,software,10,0961741673
Nguyễn Thanh Sơn,nguyen.thanh.son.70@thecoffeehou.vn,The Coffee House,Sales Director,ecommerce,25,0908521272
Nguyễn Minh Hùng,nguyen.minh.hung.71@vinmec.vn,Vinmec,Head of Finance,healthcare,500,0912407729
Đặng Đức Oanh,dang.duc.oanh.72@vinmec.vn,Vinmec,Product Manager,healthcare,50,0960411801
Bùi Hồng Lan,bui.hong.lan.73@gmail.com,Viet Tien Garment,CFO,retail,10,0359880498
Đặng Thanh Hà,dang.thanh.ha.74@gmail.com,Haravan,Product Manager,ecommerce,1500,0907506766
Đỗ Xuân Khánh,do.xuan.khanh.75@thacoindustr.vn,Thaco Industries,CFO,healthcare,25,0966730557
Phạm Hữu Sơn,pham.huu.son.76@thecoffeehou.vn,The Coffee House,Marketing Manager,retail,1500,0936771397
Lê Quang Tâm,le.quang.tam.77@thecoffeehou.vn,The Coffee House,CTO,fintech,10,0910774811
Bùi Hồng Châu,bui.hong.chau.78@pharmacity.vn,Pharmacity,Marketing Manager,ecommerce,250,0903655039
Lý Hữu Bình,ly.huu.binh.79@gmail.com,VNG Corporation,Procurement Manager,fintech,25,0937580081
Đỗ Thanh Giang,do.thanh.giang.80@haravan.vn,Haravan,CEO,healthcare,10,0916194015
Dương Đức Khánh,duong.duc.khanh.81@gemadeptlogi.vn,Gemadept Logistics,Operations Manager,ecommerce,50,0709491895
Đỗ Văn Tâm,do.van.tam.82@vinmec.vn,Vinmec,Sales Director,fintech,500,0976162701
Phạm Quang Tuấn,pham.quang.tuan.83@fptsoftware.vn,FPT Software,CEO,manufacturing,50,0914326292
Lý Thị Việt,ly.thi.viet.84@gmail.com,VNG Corporation,CEO,logistics,25,0936054193
Hoàng Thanh Tuấn,hoang.thanh.tuan.85@gmail.com,Shopee Vietnam,Product Manager,manufacturing,120,0978475058
Võ Minh An,vo.minh.an.86@cenland.vn,CenLand,Kế toán trưởng,ecommerce,50,0962402484
Đặng Hữu Tâm,dang.huu.tam.87@cenland.vn,CenLand,Sales Director,fintech,10,0900660845
Trần Hữu Bình,tran.huu.binh.88@shopeevietna.vn,Shopee Vietnam,Head of Finance,retail,1500,0906486887
Trần Hồng Sơn,tran.hong.son.89@duytanplasti.vn,Duy Tan Plastics,Head of Finance,software,500,0936036131
Dương Xuân Oanh,duong.xuan.oanh.90@hoaphat.vn,Hoà Phát,CFO,logistics,10,0321092966
Đỗ Ngọc Giang,do.ngoc.giang.91@thacoindustr.vn,Thaco Industries,CEO,healthcare,10,0978276617
Ngô Thị Trang,ngo.thi.trang.92@thacoindustr.vn,Thaco Industries,Product Manager,healthcare,10,0359814533
Trần Văn Hùng,tran.van.hung.93@vinamilk.vn,Vinamilk,Product Manager,software,50,0708160926
Võ Hồng Giang,vo.hong.giang.94@gmail.com,Base.vn,Marketing Manager,manufacturing,250,0976955654
Phạm Hồng Giang,pham.hong.giang.95@vinmec.vn,Vinmec,Procurement Manager,education,25,0902511930
Võ Thanh Linh,vo.thanh.linh.96@tiki.vn,Tiki,CEO,logistics,1500,0905861040
Ngô Hồng Hùng,ngo.hong.hung.97@gmail.com,Duy Tan Plastics,Sales Director,retail,10,0706143969
Hồ Xuân Hùng,ho.xuan.hung.98@viettiengarm.vn,Viet Tien Garment,Procurement Manager,logistics,120,0916660258
Phạm Hữu Trang,pham.huu.trang.99@vngcorporati.vn,VNG Corporation,Kế toán trưởng,fintech,25,0960643894
Hoàng Thanh Lan,hoang.thanh.lan.100@gmail.com,The Coffee House,CTO,software,25,0909659671
Hoàng Thanh Tâm,hoang.thanh.tam.101@haravan.vn,Haravan,CFO,ecommerce,250,0869502691
Ngô Hữu Bình,ngo.huu.binh.102@pharmacity.vn,Pharmacity,Procurement Manager,logistics,250,0707439231
Phan Hồng Dũng,phan.hong.dung.103@vinamilk.vn,Vinamilk,Kế toán trưởng,education,120,0937541913
Đặng Ngọc Hùng,dang.ngoc.hung.104@tiki.vn,Tiki,Product Manager,manufacturing,1500,0938068285
Hoàng Văn Phúc,hoang.van.phuc.105@basevn.vn,Base.vn,CTO,software,10,0321252447
Vũ Đức Trang,vu.duc.trang.106@momo.vn,MoMo,Marketing Manager,ecommerce,500,0354318923
Bùi Xuân Tâm,bui.xuan.tam.107@duytanplasti.vn,Duy Tan Plastics,Marketing Manager,software,120,0353245077
Phạm Đức Dũng,pham.duc.dung.108@vinamilk.vn,Vinamilk,Kế toán trưởng,healthcare,25,0935116362
Hoàng Hữu Nam,hoang.huu.nam.109@tiki.vn,Tiki,CTO,software,120,0912014134
Lê Thị Châu,le.thi.chau.110@pharmacity.vn,Pharmacity,Head of Finance,education,500,0358516482
Đỗ Văn Khánh,do.van.khanh.111@gmail.com,KiotViet,Procurement Manager,education,25,0359536356
Hoàng Thanh Mai,hoang.thanh.mai.112@gmail.com,Gemadept Logistics,Operations Manager,fintech,120,0970750879
Đỗ Hồng Sơn,do.hong.son.113@basevn.vn,Base.vn,Kế toán trưởng,ecommerce,1500,0975332974
Đặng Hữu Khánh,dang.huu.khanh.114@haravan.vn,Haravan,Head of Finance,education,1500,0706519857
Dương Minh Nam,duong.minh.nam.115@gmail.com,Thaco Industries,CTO,healthcare,1500,0905676566
Trần Thị Hà,tran.thi.ha.116@pharmacity.vn,Pharmacity,Marketing Manager,healthcare,10,0912971019
Vũ Hữu Tâm,vu.huu.tam.117@thacoindustr.vn,Thaco Industries,CFO,retail,1500,0863473224
Phạm Xuân Phúc,pham.xuan.phuc.118@pharmacity.vn,Pharmacity,Head of Finance,fintech,25,0706147889
Võ Thanh Bình,vo.thanh.binh.119@vinmec.vn,Vinmec,CFO,ecommerce,250,0933371017
Nguyễn Hồng Mai,nguyen.hong.mai.120@basevn.vn,Base.vn,Sales Director,software,50,0961530136
Ngô Quang An,ngo.quang.an.121@topcv.vn,TopCV,CEO,ecommerce,10,0321946330
Ngô Đức Giang,ngo.duc.giang.122@gmail.com,Base.vn,Kế toán trưởng,ecommerce,1500,0702805821
Hồ Thanh Trang,ho.thanh.trang.123@gmail.com,MoMo,CEO,ecommerce,10,0320450693
Võ Minh Trang,vo.minh.trang.124@thecoffeehou.vn,The Coffee House,Kế toán trưởng,ecommerce,10,0909541906
Đặng Xuân Quân,dang.xuan.quan.125@vinmec.vn,Vinmec,Head of Finance,education,10,0937860894
Phan Minh Oanh,phan.minh.oanh.126@gmail.com,MoMo,Product Manager,retail,120,0930007799
Lê Văn Phúc,le.van.phuc.127@haravan.vn,Haravan,Head of Finance,manufacturing,50,0935198896
Dương Xuân Linh,duong.xuan.linh.128@fptsoftware.vn,FPT Software,Sales Director,logistics,1500,0320088401
Trần Ngọc Lan,tran.ngoc.lan.129@pnj.vn,PNJ,CFO,retail,250,0961413419
Đỗ Ngọc Việt,do.ngoc.viet.130@gmail.com,Haravan,Product Manager,retail,250,0703522022
Hồ Hồng Sơn,ho.hong.son.131@gmail.com,Haravan,Sales Director,ecommerce,500,0962717306
Bùi Văn Linh,bui.van.linh.132@pnj.vn,PNJ,CTO,retail,1500,0907342449
Dương Ngọc Trang,duong.ngoc.trang.133@basevn.vn,Base.vn,Procurement Manager,software,500,0321666093
Ngô Thị Oanh,ngo.thi.oanh.134@vngcorporati.vn,VNG Corporation,Marketing Manager,manufacturing,500,0970003938
Bùi Xuân Phúc,bui.xuan.phuc.135@shopeevietna.vn,Shopee Vietnam,Head of Finance,healthcare,10,0911714552
Dương Quang Dũng,duong.quang.dung.136@gmail.com,Gemadept Logistics,Marketing Manager,fintech,1500,0903254446
Phạm Minh Hà,pham.minh.ha.137@tiki.vn,Tiki,Product Manager,healthcare,1500,0907088494
Đặng Minh Tâm,dang.minh.tam.138@gemadeptlogi.vn,Gemadept Logistics,Head of Finance,education,10,0320205921
Võ Văn Khánh,vo.van.khanh.139@gmail.com,Vinamilk,Procurement Manager,manufacturing,250,0919140113
Trần Quang Nam,tran.quang.nam.140@momo.vn,MoMo,CEO,retail,500,0320001593
Hồ Đức Trang,ho.duc.trang.141@gmail.com,Base.vn,CTO,software,10,0867164092
Đặng Minh Linh,dang.minh.linh.142@thacoindustr.vn,Thaco Industries,CFO,logistics,120,0935282081
Đỗ Hữu Quân,do.huu.quan.143@gmail.com,Pharmacity,Kế toán trưởng,logistics,10,0866655112
Nguyễn Thanh Dũng,nguyen.thanh.dung.144@gmail.com,Pharmacity,Kế toán trưởng,education,250,0967419872
Võ Văn An,vo.van.an.145@pharmacity.vn,Pharmacity,CFO,education,120,0321442187
Đặng Đức Oanh,dang.duc.oanh.146@gmail.com,Vinamilk,Marketing Manager,logistics,1500,0700300420
Bùi Ngọc Tâm,bui.ngoc.tam.147@gmail.com,VNG Corporation,CEO,manufacturing,1500,0917458337
Lê Thị Lan,le.thi.lan.148@basevn.vn,Base.vn,CFO,healthcare,50,0937879148
Lý Thị Quân,ly.thi.quan.149@shopeevietna.vn,Shopee Vietnam,Operations Manager,education,10,0939552421
Hoàng Hồng Mai,hoang.hong.mai.150@hoaphat.vn,Hoà Phát,Head of Finance,education,1500,0862673487
Đỗ Văn Bình,do.van.binh.151@vinmec.vn,Vinmec,CTO,software,25,0323616182
Nguyễn Hữu Hùng,nguyen.huu.hung.152@gmail.com,Vinamilk,CFO,manufacturing,50,0972405687
Trần Minh Sơn,tran.minh.son.153@gmail.com,CenLand,CEO,manufacturing,120,0912372882
Ngô Văn Khánh,ngo.van.khanh.154@vngcorporati.vn,VNG Corporation,CFO,education,500,0963914561
Hoàng Thị Sơn,hoang.thi.son.155@cenland.vn,CenLand,Head of Finance,software,1500,0902036950
Dương Văn Giang,duong.van.giang.156@shopeevietna.vn,Shopee Vietnam,Head of Finance,education,120,0977229636
Hồ Xuân Mai,ho.xuan.mai.157@gmail.com,TopCV,Head of Finance,healthcare,1500,0902233242
Đỗ Văn Trang,do.van.trang.158@momo.vn,MoMo,Marketing Manager,healthcare,120,0936145184
Võ Thanh Tuấn,vo.thanh.tuan.159@gmail.com,Tiki,CTO,healthcare,120,0351916083
Bùi Hồng Giang,bui.hong.giang.160@gmail.com,PNJ,Operations Manager,manufacturing,25,0964136597
Ngô Thị Mai,ngo.thi.mai.161@gmail.com,Shopee Vietnam,Kế toán trưởng,retail,50,0963949969
Lý Hữu Quân,ly.huu.quan.162@gmail.com,Shopee Vietnam,CEO,fintech,120,0967363272
Võ Đức Oanh,vo.duc.oanh.163@gmail.com,MoMo,Marketing Manager,manufacturing,250,0907099836
Lý Xuân Phúc,ly.xuan.phuc.164@gmail.com,FPT Software,Marketing Manager,manufacturing,120,0913839156
Đỗ Hữu Sơn,do.huu.son.165@gmail.com,Viet Tien Garment,CEO,fintech,25,0355755187
Hồ Ngọc Khánh,ho.ngoc.khanh.166@vinamilk.vn,Vinamilk,Kế toán trưởng,retail,250,0321702382
Ngô Hồng Phúc,ngo.hong.phuc.167@haravan.vn,Haravan,Marketing Manager,software,500,0978799670
Hồ Xuân Việt,ho.xuan.viet.168@duytanplasti.vn,Duy Tan Plastics,Operations Manager,retail,120,0864103450
Đặng Ngọc Sơn,dang.ngoc.son.169@cenland.vn,CenLand,Procurement Manager,software,500,0353410335
Phan Hữu Châu,phan.huu.chau.170@viettiengarm.vn,Viet Tien Garment,CFO,healthcare,120,0908256778
Hồ Thị Nam,ho.thi.nam.171@gmail.com,PNJ,Head of Finance,education,120,0964578223
Ngô Ngọc Hùng,ngo.ngoc.hung.172@viettiengarm.vn,Viet Tien Garment,Product Manager,retail,1500,0973837534
Dương Đức Bình,duong.duc.binh.173@gmail.com,Pharmacity,CFO,manufacturing,500,0861295832
Dương Đức Hà,duong.duc.ha.174@basevn.vn,Base.vn,CTO,ecommerce,25,0976505714
Lý Hữu Linh,ly.huu.linh.175@gmail.com,Haravan,CEO,fintech,120,0971448994
Ngô Thanh Châu,ngo.thanh.chau.176@vngcorporati.vn,VNG Corporation,Marketing Manager,logistics,120,0326714343
Trần Xuân Mai,tran.xuan.mai.177@gmail.com,The Coffee House,CEO,fintech,1500,0977070959
Bùi Thanh Dũng,bui.thanh.dung.178@topcv.vn,TopCV,Marketing Manager,logistics,1500,0356547871
Phạm Thanh Nam,pham.thanh.nam.179@pharmacity.vn,Pharmacity,Procurement Manager,retail,500,0701306901
Phạm Xuân Khánh,pham.xuan.khanh.180@momo.vn,MoMo,CFO,ecommerce,120,0352509159
Hoàng Đức Quân,hoang.duc.quan.181@gmail.com,PNJ,Sales Director,education,250,0936916461
Phạm Minh Tâm,pham.minh.tam.182@basevn.vn,Base.vn,Operations Manager,fintech,50,0973561174
Lê Văn Lan,le.van.lan.183@gmail.com,Viet Tien Garment,Product Manager,software,250,0355235843
Vũ Ngọc Hà,vu.ngoc.ha.184@momo.vn,MoMo,CTO,education,250,0863807347
Bùi Quang Hà,bui.quang.ha.185@duytanplasti.vn,Duy Tan Plastics,CFO,manufacturing,500,0903764104
Đỗ Đức Việt,do.duc.viet.186@topcv.vn,TopCV,Operations Manager,ecommerce,1500,0960949114
Dương Văn Mai,duong.van.mai.187@duytanplasti.vn,Duy Tan Plastics,Head of Finance,healthcare,120,0356835238
Lý Minh Sơn,ly.minh.son.188@hoaphat.vn,Hoà Phát,Kế toán trưởng,ecommerce,25,0970826539
Ngô Xuân Châu,ngo.xuan.chau.189@pnj.vn,PNJ,CEO,logistics,500,0865028166
Vũ Xuân Châu,vu.xuan.chau.190@topcv.vn,TopCV,Procurement Manager,manufacturing,25,0965086369
Bùi Quang Phúc,bui.quang.phuc.191@duytanplasti.vn,Duy Tan Plastics,CFO,software,50,0968080349
Lý Văn Dũng,ly.van.dung.192@gmail.com,Vinamilk,Product Manager,retail,50,0326884795
Đỗ Quang Khánh,do.quang.khanh.193@gmail.com,Shopee Vietnam,Kế toán trưởng,ecommerce,120,0357755678
Phạm Hữu Dũng,pham.huu.dung.194@fptsoftware.vn,FPT Software,CFO,education,50,0968709269
Ngô Quang Việt,ngo.quang.viet.195@gmail.com,Vinmec,Product Manager,retail,50,0961551428
Lê Thanh Oanh,le.thanh.oanh.196@topcv.vn,TopCV,CFO,software,25,0702520494
Phan Hồng Khánh,phan.hong.khanh.197@shopeevietna.vn,Shopee Vietnam,Product Manager,fintech,10,0351128993
Dương Văn Linh,duong.van.linh.198@gemadeptlogi.vn,Gemadept Logistics,Product Manager,education,120,0357133983
Lý Văn Hùng,ly.van.hung.199@shopeevietna.vn,Shopee Vietnam,Product Manager,education,10,0937286675
Lê Hữu Nam,le.huu.nam.200@gmail.com,CenLand,CTO,retail,500,0967006933
Phan Hồng Khánh,phan.hong.khanh.201@basevn.vn,Base.vn,CEO,education,500,0868727538
Võ Ngọc Quân,vo.ngoc.quan.202@thecoffeehou.vn,The Coffee House,Sales Director,healthcare,250,0979669606
Bùi Xuân Trang,bui.xuan.trang.203@cenland.vn,CenLand,Operations Manager,healthcare,120,0935886420
Vũ Hồng Trang,vu.hong.trang.204@gemadeptlogi.vn,Gemadept Logistics,Head of Finance,software,50,0327946771
Dương Xuân Phúc,duong.xuan.phuc.205@tiki.vn,Tiki,Marketing Manager,fintech,250,0910775131
Phạm Văn Phúc,pham.van.phuc.206@duytanplasti.vn,Duy Tan Plastics,Marketing Manager,fintech,1500,0321548706
Nguyễn Quang Tâm,nguyen.quang.tam.207@momo.vn,MoMo,Head of Finance,software,1500,0352237950
Nguyễn Đức Sơn,nguyen.duc.son.208@momo.vn,MoMo,CEO,ecommerce,250,0350122371
Phạm Quang Sơn,pham.quang.son.209@gmail.com,Duy Tan Plastics,Sales Director,logistics,120,0701579073
Hồ Hồng Sơn,ho.hong.son.210@momo.vn,MoMo,Kế toán trưởng,education,50,0913694397
Vũ Thanh Hà,vu.thanh.ha.211@pnj.vn,PNJ,CFO,software,25,0707481770
Ngô Xuân Linh,ngo.xuan.linh.212@pnj.vn,PNJ,Head of Finance,software,120,0705294151
Bùi Thanh Dũng,bui.thanh.dung.213@kiotviet.vn,KiotViet,CFO,education,500,0915536443
Đặng Văn Oanh,dang.van.oanh.214@gmail.com,Tiki,Procurement Manager,fintech,250,0939939923
Lê Đức Mai,le.duc.mai.215@hoaphat.vn,Hoà Phát,CTO,retail,1500,0966275906
Vũ Minh Hùng,vu.minh.hung.216@gmail.com,Pharmacity,Marketing Manager,software,1500,0706534658
Hoàng Hữu Hùng,hoang.huu.hung.217@gmail.com,Tiki,CFO,healthcare,500,0353236153
Hồ Thanh Châu,ho.thanh.chau.218@kiotviet.vn,KiotViet,Procurement Manager,retail,500,0914605820
Bùi Thanh Giang,bui.thanh.giang.219@kiotviet.vn,KiotViet,CEO,logistics,25,0356171605
Vũ Hồng Quân,vu.hong.quan.220@gmail.com,CenLand,CTO,healthcare,120,0705705747
Ngô Hữu Giang,ngo.huu.giang.221@pharmacity.vn,Pharmacity,CTO,education,25,0934518839
Nguyễn Thị Sơn,nguyen.thi.son.222@gmail.com,Shopee Vietnam,CEO,ecommerce,10,0320485319
Nguyễn Quang Khánh,nguyen.quang.khanh.223@duytanplasti.vn,Duy Tan Plastics,Product Manager,healthcare,500,0975977938
Hồ Minh Sơn,ho.minh.son.224@gmail.com,Tiki,Procurement Manager,healthcare,120,0962926849
Phan Xuân Giang,phan.xuan.giang.225@pnj.vn,PNJ,CFO,education,1500,0934045191
Võ Văn Hà,vo.van.ha.226@viettiengarm.vn,Viet Tien Garment,Procurement Manager,education,120,0918920862
Lê Quang Việt,le.quang.viet.227@momo.vn,MoMo,CFO,retail,120,0321894471
Trần Xuân Mai,tran.xuan.mai.228@gmail.com,TopCV,Procurement Manager,logistics,10,0329299844
Phan Xuân Dũng,phan.xuan.dung.229@hoaphat.vn,Hoà Phát,Product Manager,healthcare,120,0327521542
Phan Văn Nam,phan.van.nam.230@gmail.com,VNG Corporation,Operations Manager,software,250,0972559943
Đặng Thị Mai,dang.thi.mai.231@gmail.com,Tiki,Operations Manager,education,120,0861354607
Lê Đức Dũng,le.duc.dung.232@gmail.com,CenLand,Product Manager,ecommerce,25,0934277697
Lê Đức Linh,le.duc.linh.233@kiotviet.vn,KiotViet,Head of Finance,education,120,0706091305
Đỗ Đức Việt,do.duc.viet.234@tiki.vn,Tiki,Operations Manager,fintech,10,0905291830
Hồ Hồng Giang,ho.hong.giang.235@gmail.com,Base.vn,CTO,retail,120,0912934106
Phạm Xuân Giang,pham.xuan.giang.236@basevn.vn,Base.vn,Marketing Manager,ecommerce,500,0328782003
Vũ Đức Dũng,vu.duc.dung.237@vinamilk.vn,Vinamilk,CEO,education,120,0913505715
Dương Xuân Lan,duong.xuan.lan.238@fptsoftware.vn,FPT Software,Product Manager,education,25,0328595029
Lý Ngọc Giang,ly.ngoc.giang.239@haravan.vn,Haravan,CEO,healthcare,120,0356392547
Đỗ Quang Hùng,do.quang.hung.240@gmail.com,Shopee Vietnam,Head of Finance,software,50,0866499738
Hồ Thanh Linh,ho.thanh.linh.241@gmail.com,Haravan,Sales Director,retail,120,0702116031
Nguyễn Ngọc Khánh,nguyen.ngoc.khanh.242@pharmacity.vn,Pharmacity,Product Manager,fintech,50,0937251087
Hồ Ngọc Tuấn,ho.ngoc.tuan.243@gmail.com,VNG Corporation,Head of Finance,healthcare,10,0350124983
Lý Văn Bình,ly.van.binh.244@pnj.vn,PNJ,Procurement Manager,software,1500,0937098588
Ngô Thanh Trang,ngo.thanh.trang.245@gemadeptlogi.vn,Gemadept Logistics,Head of Finance,healthcare,10,0352613646
Bùi Thị Phúc,bui.thi.phuc.246@haravan.vn,Haravan,Sales Director,manufacturing,25,0916716162
Phan Thanh Linh,phan.thanh.linh.247@vinamilk.vn,Vinamilk,Procurement Manager,ecommerce,250,0909914148
Đặng Thị Trang,dang.thi.trang.248@gmail.com,Gemadept Logistics,Kế toán trưởng,fintech,1500,0964850016
Bùi Minh Hùng,bui.minh.hung.249@gmail.com,VNG Corporation,Marketing Manager,education,120,0354008893
Hồ Xuân Phúc,ho.xuan.phuc.250@viettiengarm.vn,Viet Tien Garment,CFO,logistics,50,0709979104
Đỗ Hữu Tâm,do.huu.tam.251@tiki.vn,Tiki,Sales Director,fintech,120,0351810377
Ngô Thị Giang,ngo.thi.giang.252@gmail.com,Shopee Vietnam,Head of Finance,healthcare,250,0969500512
Phan Hồng Việt,phan.hong.viet.253@vngcorporati.vn,VNG Corporation,Head of Finance,ecommerce,50,0964383297
Nguyễn Hồng Oanh,nguyen.hong.oanh.254@tiki.vn,Tiki,CTO,software,120,0904458016
Vũ Thị Dũng,vu.thi.dung.255@momo.vn,MoMo,Kế toán trưởng,retail,250,0354373099
Vũ Xuân Tâm,vu.xuan.tam.256@gmail.com,Base.vn,CTO,healthcare,1500,0979442538
Lý Xuân Lan,ly.xuan.lan.257@basevn.vn,Base.vn,Marketing Manager,logistics,10,0863519837
Lý Hữu Châu,ly.huu.chau.258@vngcorporati.vn,VNG Corporation,Head of Finance,fintech,25,0939814825
Hoàng Ngọc Mai,hoang.ngoc.mai.259@kiotviet.vn,KiotViet,CFO,ecommerce,1500,0861084730
Trần Quang Quân,tran.quang.quan.260@pharmacity.vn,Pharmacity,Head of Finance,logistics,250,0707574741
Ngô Thị Mai,ngo.thi.mai.261@cenland.vn,CenLand,Sales Director,healthcare,25,0977920864
Dương Ngọc Khánh,duong.ngoc.khanh.262@vinamilk.vn,Vinamilk,Kế toán trưởng,manufacturing,25,0704984202
Ngô Hồng Sơn,ngo.hong.son.263@vngcorporati.vn,VNG Corporation,Product Manager,software,10,0703388925
Trần Hồng Tâm,tran.hong.tam.264@kiotviet.vn,KiotViet,Marketing Manager,software,50,0969662827
Hoàng Ngọc Bình,hoang.ngoc.binh.265@tiki.vn,Tiki,CTO,retail,50,0326447170
Hồ Quang Phúc,ho.quang.phuc.266@tiki.vn,Tiki,Product Manager,healthcare,500,0350420699
Phan Đức Oanh,phan.duc.oanh.267@tiki.vn,Tiki,Procurement Manager,retail,1500,0918359582
Nguyễn Ngọc Việt,nguyen.ngoc.viet.268@duytanplasti.vn,Duy Tan Plastics,CFO,software,1500,0862654450
Phạm Đức Lan,pham.duc.lan.269@basevn.vn,Base.vn,Product Manager,logistics,50,0324387734
Phan Thanh Quân,phan.thanh.quan.270@viettiengarm.vn,Viet Tien Garment,CFO,education,250,0863180166
Phạm Văn Nam,pham.van.nam.271@duytanplasti.vn,Duy Tan Plastics,Kế toán trưởng,ecommerce,250,0702122510
Lý Thanh An,ly.thanh.an.272@gmail.com,CenLand,Kế toán trưởng,retail,500,0862023244
Lý Ngọc Lan,ly.ngoc.lan.273@basevn.vn,Base.vn,Operations Manager,healthcare,50,0902265186
Vũ Quang Linh,vu.quang.linh.274@vinmec.vn,Vinmec,Product Manager,logistics,50,0355168450
Nguyễn Đức Trang,nguyen.duc.trang.275@tiki.vn,Tiki,Marketing Manager,healthcare,1500,0320483098
Đỗ Thị Quân,do.thi.quan.276@gmail.com,Tiki,CEO,fintech,1500,0356620285
Trần Đức Linh,tran.duc.linh.277@gmail.com,MoMo,Head of Finance,healthcare,25,0967567805
Trần Thị Bình,tran.thi.binh.278@momo.vn,MoMo,CTO,software,25,0355563743
Phạm Ngọc Sơn,pham.ngoc.son.279@gemadeptlogi.vn,Gemadept Logistics,Marketing Manager,software,10,0326867544
Lý Ngọc Tuấn,ly.ngoc.tuan.280@gmail.com,Gemadept Logistics,CEO,healthcare,10,0968272772
Phan Minh Nam,phan.minh.nam.281@pharmacity.vn,Pharmacity,Head of Finance,manufacturing,25,0354859451
Hồ Văn Dũng,ho.van.dung.282@kiotviet.vn,KiotViet,Marketing Manager,ecommerce,1500,0700268781
Nguyễn Quang Bình,nguyen.quang.binh.283@vinmec.vn,Vinmec,Head of Finance,retail,50,0911793182
Hồ Thanh Hùng,ho.thanh.hung.284@hoaphat.vn,Hoà Phát,CTO,fintech,250,0700109130
Võ Thanh Mai,vo.thanh.mai.285@gmail.com,Vinmec,Product Manager,education,25,0970885373
Nguyễn Thanh Lan,nguyen.thanh.lan.286@thacoindustr.vn,Thaco Industries,CTO,education,1500,0913477687
Nguyễn Ngọc Tâm,nguyen.ngoc.tam.287@vinmec.vn,Vinmec,Procurement Manager,software,250,0912853141
Phan Hữu Khánh,phan.huu.khanh.288@hoaphat.vn,Hoà Phát,Kế toán trưởng,ecommerce,50,0969017046
Nguyễn Minh Hà,nguyen.minh.ha.289@hoaphat.vn,Hoà Phát,Operations Manager,software,25,0358301712
Lê Quang Oanh,le.quang.oanh.290@tiki.vn,Tiki,Product Manager,manufacturing,120,0355481292
Trần Thị Việt,tran.thi.viet.291@momo.vn,MoMo,Operations Manager,software,25,0352358310
Hoàng Thanh Việt,hoang.thanh.viet.292@gmail.com,Hoà Phát,Marketing Manager,software,10,0919609316
Võ Thanh Lan,vo.thanh.lan.293@gmail.com,Shopee Vietnam,Marketing Manager,manufacturing,50,0324979269
Hồ Minh Quân,ho.minh.quan.294@gmail.com,Gemadept Logistics,Operations Manager,software,10,0911829004
Bùi Thanh Châu,bui.thanh.chau.295@gmail.com,Hoà Phát,CFO,fintech,25,0708162007
Đỗ Hồng Châu,do.hong.chau.296@viettiengarm.vn,Viet Tien Garment,Sales Director,education,50,0931386226
Ngô Quang An,ngo.quang.an.297@pharmacity.vn,Pharmacity,Marketing Manager,software,120,0930455228
Trần Hồng Nam,tran.hong.nam.298@gmail.com,MoMo,Sales Director,retail,25,0905047856
Lê Hồng Giang,le.hong.giang.299@viettiengarm.vn,Viet Tien Garment,Marketing Manager,education,120,0865286027
Bùi Quang Trang,bui.quang.trang.300@kiotviet.vn,KiotViet,Kế toán trưởng,ecommerce,25,0901129141
Vũ Văn Hà,vu.van.ha.301@haravan.vn,Haravan,CEO,manufacturing,10,0704783858
Ngô Thị Phúc,ngo.thi.phuc.302@gmail.com,Vinamilk,CFO,fintech,120,0961717716
Đỗ Thanh Trang,do.thanh.trang.303@pharmacity.vn,Pharmacity,Kế toán trưởng,software,50,0328151890
Trần Hữu Lan,tran.huu.lan.304@basevn.vn,Base.vn,Product Manager,fintech,25,0869447130
Lê Thị Hùng,le.thi.hung.305@duytanplasti.vn,Duy Tan Plastics,CTO,fintech,120,0357581419
Lý Thanh Tâm,ly.thanh.tam.306@gemadeptlogi.vn,Gemadept Logistics,Operations Manager,retail,120,0351404957
Trần Văn Giang,tran.van.giang.307@gmail.com,Duy Tan Plastics,CTO,logistics,120,0915235931
Đỗ Hữu Tâm,do.huu.tam.308@haravan.vn,Haravan,CTO,fintech,500,0355629478
Võ Văn Sơn,vo.van.son.309@gmail.com,Thaco Industries,Product Manager,software,500,0869097852
Bùi Xuân Hà,bui.xuan.ha.310@hoaphat.vn,Hoà Phát,Operations Manager,ecommerce,250,0708032411
Hồ Quang Giang,ho.quang.giang.311@tiki.vn,Tiki,Procurement Manager,retail,500,0709072207
Nguyễn Hồng Dũng,nguyen.hong.dung.312@duytanplasti.vn,Duy Tan Plastics,CEO,healthcare,25,0961240053
Lý Ngọc An,ly.ngoc.an.313@gmail.com,TopCV,CEO,logistics,50,0934163968
Lý Văn Sơn,ly.van.son.314@vinamilk.vn,Vinamilk,Sales Director,retail,500,0916731906
Đặng Thanh Việt,dang.thanh.viet.315@gmail.com,Thaco Industries,Operations Manager,education,120,0350447297
Hồ Ngọc Mai,ho.ngoc.mai.316@gmail.com,Hoà Phát,CEO,education,250,0354119712
Lê Minh Oanh,le.minh.oanh.317@vinamilk.vn,Vinamilk,CEO,software,500,0706250540
Hồ Ngọc Châu,ho.ngoc.chau.318@gmail.com,The Coffee House,Operations Manager,education,120,0709559277
Bùi Thanh Giang,bui.thanh.giang.319@thecoffeehou.vn,The Coffee House,Kế toán trưởng,fintech,500,0905297464
Trần Quang Oanh,tran.quang.oanh.320@hoaphat.vn,Hoà Phát,Kế toán trưởng,retail,50,0709414839
Ngô Thị Mai,ngo.thi.mai.321@thecoffeehou.vn,The Coffee House,CTO,software,120,0972927700
Bùi Thị Dũng,bui.thi.dung.322@thecoffeehou.vn,The Coffee House,Kế toán trưởng,healthcare,120,0914488249
Phạm Thị Lan,pham.thi.lan.323@pharmacity.vn,Pharmacity,Sales Director,fintech,25,0934747907
Phạm Minh Bình,pham.minh.binh.324@gemadeptlogi.vn,Gemadept Logistics,Kế toán trưởng,logistics,500,0962193648
Hoàng Hữu Việt,hoang.huu.viet.325@viettiengarm.vn,Viet Tien Garment,Kế toán trưởng,manufacturing,500,0322428839
Võ Minh An,vo.minh.an.326@kiotviet.vn,KiotViet,Operations Manager,healthcare,10,0705975690
Phạm Quang Hùng,pham.quang.hung.327@gemadeptlogi.vn,Gemadept Logistics,Marketing Manager,software,1500,0910822326
Lê Hữu Mai,le.huu.mai.328@duytanplasti.vn,Duy Tan Plastics,Product Manager,retail,250,0933434444
Phạm Xuân Giang,pham.xuan.giang.329@gmail.com,MoMo,Sales Director,software,250,0932671609
Phạm Quang Lan,pham.quang.lan.330@kiotviet.vn,KiotViet,Product Manager,fintech,10,0933035124
Vũ Hồng Châu,vu.hong.chau.331@hoaphat.vn,Hoà Phát,Product Manager,retail,1500,0968730203
Hồ Hồng Mai,ho.hong.mai.332@duytanplasti.vn,Duy Tan Plastics,Operations Manager,logistics,50,0935101696
Đỗ Văn Khánh,do.van.khanh.333@topcv.vn,TopCV,Kế toán trưởng,healthcare,25,0354906870
Hoàng Quang Lan,hoang.quang.lan.334@gmail.com,Shopee Vietnam,Sales Director,healthcare,120,0931980873
Đặng Minh Khánh,dang.minh.khanh.335@hoaphat.vn,Hoà Phát,Kế toán trưởng,software,1500,0932848917
Phan Minh Khánh,phan.minh.khanh.336@hoaphat.vn,Hoà Phát,CTO,manufacturing,25,0910934240
Đặng Đức Lan,dang.duc.lan.337@tiki.vn,Tiki,CEO,software,1500,0324643147
Trần Văn Tuấn,tran.van.tuan.338@gmail.com,TopCV,CFO,education,50,0705123198
Hồ Ngọc Khánh,ho.ngoc.khanh.339@vngcorporati.vn,VNG Corporation,Procurement Manager,ecommerce,25,0703127611
Vũ Quang An,vu.quang.an.340@vngcorporati.vn,VNG Corporation,Head of Finance,software,500,0326714241
Dương Hữu Nam,duong.huu.nam.341@gemadeptlogi.vn,Gemadept Logistics,Marketing Manager,manufacturing,50,0326896847
Trần Hữu Châu,tran.huu.chau.342@momo.vn,MoMo,Head of Finance,logistics,10,0354791282
Phan Minh Bình,phan.minh.binh.343@gmail.com,Haravan,Procurement Manager,retail,10,0706249020
Dương Minh Tâm,duong.minh.tam.344@basevn.vn,Base.vn,Head of Finance,manufacturing,120,0974200688
Đặng Ngọc Nam,dang.ngoc.nam.345@topcv.vn,TopCV,Marketing Manager,fintech,250,0937597619
Lê Xuân Tuấn,le.xuan.tuan.346@gmail.com,Shopee Vietnam,CEO,fintech,25,0919031705
Đặng Minh Hùng,dang.minh.hung.347@viettiengarm.vn,Viet Tien Garment,Product Manager,software,10,0908634326
Vũ Xuân Lan,vu.xuan.lan.348@viettiengarm.vn,Viet Tien Garment,Procurement Manager,manufacturing,1500,0976096701
Trần Xuân Tuấn,tran.xuan.tuan.349@topcv.vn,TopCV,Procurement Manager,healthcare,50,0971431124
Đỗ Đức Tâm,do.duc.tam.350@topcv.vn,TopCV,Operations Manager,ecommerce,1500,0900683684
Đặng Ngọc Tuấn,dang.ngoc.tuan.351@gmail.com,Base.vn,Head of Finance,manufacturing,500,0935795445
Ngô Đức Trang,ngo.duc.trang.352@gmail.com,The Coffee House,CEO,software,1500,0902691467
Phan Hồng Tuấn,phan.hong.tuan.353@thacoindustr.vn,Thaco Industries,Operations Manager,logistics,120,0978676044
Nguyễn Thanh Sơn,nguyen.thanh.son.354@hoaphat.vn,Hoà Phát,Kế toán trưởng,logistics,120,0907543925
Trần Thị Giang,tran.thi.giang.355@gmail.com,The Coffee House,Procurement Manager,manufacturing,120,0933263900
Võ Xuân Châu,vo.xuan.chau.356@gemadeptlogi.vn,Gemadept Logistics,Operations Manager,healthcare,120,0961286712
Nguyễn Quang Dũng,nguyen.quang.dung.357@basevn.vn,Base.vn,Product Manager,healthcare,250,0907539388
Phan Hồng Phúc,phan.hong.phuc.358@kiotviet.vn,KiotViet,Operations Manager,logistics,500,0962495627
Dương Hữu Khánh,duong.huu.khanh.359@shopeevietna.vn,Shopee Vietnam,Sales Director,fintech,10,0868405462
Phan Thanh Quân,phan.thanh.quan.360@shopeevietna.vn,Shopee Vietnam,Operations Manager,retail,25,0966097308
Trần Hồng Sơn,tran.hong.son.361@vngcorporati.vn,VNG Corporation,CEO,healthcare,120,0328910824
Hồ Hữu Mai,ho.huu.mai.362@thacoindustr.vn,Thaco Industries,CFO,healthcare,120,0914388230
Nguyễn Minh Châu,nguyen.minh.chau.363@thecoffeehou.vn,The Coffee House,Kế toán trưởng,software,25,0353633283
Nguyễn Thanh Phúc,nguyen.thanh.phuc.364@haravan.vn,Haravan,CEO,healthcare,120,0903695862
Nguyễn Hồng Linh,nguyen.hong.linh.365@gmail.com,PNJ,Marketing Manager,healthcare,250,0904783462
Nguyễn Hữu Hà,nguyen.huu.ha.366@pnj.vn,PNJ,CEO,healthcare,25,0358164236
Hồ Ngọc Hà,ho.ngoc.ha.367@topcv.vn,TopCV,CTO,ecommerce,10,0971260078
Phan Hồng Hà,phan.hong.ha.368@gmail.com,Vinmec,CFO,ecommerce,25,0869503859
Hoàng Thanh Dũng,hoang.thanh.dung.369@thecoffeehou.vn,The Coffee House,Marketing Manager,retail,1500,0938036737
Bùi Quang Hùng,bui.quang.hung.370@topcv.vn,TopCV,Operations Manager,software,25,0862922968
Lý Văn Dũng,ly.van.dung.371@gmail.com,Tiki,CTO,ecommerce,50,0913760239
Võ Hồng Giang,vo.hong.giang.372@fptsoftware.vn,FPT Software,Head of Finance,education,250,0970824556
Dương Đức Trang,duong.duc.trang.373@vinamilk.vn,Vinamilk,Operations Manager,logistics,25,0700312888
Lê Hồng Phúc,le.hong.phuc.374@pharmacity.vn,Pharmacity,Marketing Manager,ecommerce,500,0709907494
Trần Hồng Bình,tran.hong.binh.375@haravan.vn,Haravan,Product Manager,logistics,120,0903255666
Bùi Thị Bình,bui.thi.binh.376@kiotviet.vn,KiotViet,CEO,logistics,500,0705538857
Vũ Hữu Tâm,vu.huu.tam.377@pharmacity.vn,Pharmacity,Product Manager,healthcare,50,0917480110
Nguyễn Văn Bình,nguyen.van.binh.378@fptsoftware.vn,FPT Software,Sales Director,ecommerce,120,0909272920
Hoàng Văn Trang,hoang.van.trang.379@gmail.com,Thaco Industries,CEO,education,1500,0868514176
Vũ Xuân Phúc,vu.xuan.phuc.380@momo.vn,MoMo,Marketing Manager,manufacturing,500,0869545696
Hồ Ngọc Oanh,ho.ngoc.oanh.381@viettiengarm.vn,Viet Tien Garment,Head of Finance,manufacturing,25,0939227643
Lê Văn Bình,le.van.binh.382@haravan.vn,Haravan,Head of Finance,logistics,1500,0973916159
Trần Hữu Dũng,tran.huu.dung.383@duytanplasti.vn,Duy Tan Plastics,Sales Director,manufacturing,1500,0975542384
Vũ Thanh Việt,vu.thanh.viet.384@shopeevietna.vn,Shopee Vietnam,Procurement Manager,fintech,25,0862013035
Hồ Hữu Tuấn,ho.huu.tuan.385@pharmacity.vn,Pharmacity,Operations Manager,logistics,10,0912223222
Bùi Đức Châu,bui.duc.chau.386@pharmacity.vn,Pharmacity,Product Manager,logistics,25,0918206007
Hoàng Xuân Nam,hoang.xuan.nam.387@vngcorporati.vn,VNG Corporation,Kế toán trưởng,logistics,250,0968039148
Phạm Đức Giang,pham.duc.giang.388@cenland.vn,CenLand,Head of Finance,healthcare,250,0919685934
Đặng Minh Mai,dang.minh.mai.389@pharmacity.vn,Pharmacity,CFO,education,10,0913615593
Lý Đức Tuấn,ly.duc.tuan.390@vinmec.vn,Vinmec,Head of Finance,software,120,0975048845
Dương Ngọc Giang,duong.ngoc.giang.391@gemadeptlogi.vn,Gemadept Logistics,Sales Director,ecommerce,500,0325173640
Ngô Hồng Châu,ngo.hong.chau.392@gmail.com,PNJ,Product Manager,manufacturing,25,0706261748
Trần Đức Linh,tran.duc.linh.393@gmail.com,The Coffee House,Product Manager,software,25,0975416769
Phan Minh Hà,phan.minh.ha.394@gmail.com,Viet Tien Garment,Product Manager,healthcare,120,0964891784
Vũ Văn Hà,vu.van.ha.395@hoaphat.vn,Hoà Phát,Operations Manager,education,50,0932416060
Ngô Hữu Oanh,ngo.huu.oanh.396@thacoindustr.vn,Thaco Industries,Head of Finance,fintech,250,0969501686
Lý Hữu Sơn,ly.huu.son.397@vinmec.vn,Vinmec,CEO,retail,250,0705404957
Lý Đức Hà,ly.duc.ha.398@gmail.com,Duy Tan Plastics,Kế toán trưởng,education,500,0910955673
Đặng Xuân Khánh,dang.xuan.khanh.399@gemadeptlogi.vn,Gemadept Logistics,Product Manager,software,500,0976294702
Dương Văn Khánh,duong.van.khanh.400@shopeevietna.vn,Shopee Vietnam,Marketing Manager,education,120,0867918790
Trần Văn An,tran.van.an.401@shopeevietna.vn,Shopee Vietnam,Head of Finance,fintech,500,0919301026
Phan Văn Hùng,phan.van.hung.402@gmail.com,KiotViet,Operations Manager,fintech,120,0904731597
Võ Hồng Hùng,vo.hong.hung.403@basevn.vn,Base.vn,Procurement Manager,retail,500,0706955768
Hồ Hồng Quân,ho.hong.quan.404@thecoffeehou.vn,The Coffee House,Kế toán trưởng,education,10,0970799386
Phạm Văn Nam,pham.van.nam.405@kiotviet.vn,KiotViet,Product Manager,retail,250,0913843554
Vũ Hồng Việt,vu.hong.viet.406@thecoffeehou.vn,The Coffee House,CEO,education,250,0918528286
Hoàng Minh Hà,hoang.minh.ha.407@gmail.com,MoMo,Kế toán trưởng,ecommerce,50,0938515274
Lý Văn Dũng,ly.van.dung.408@gmail.com,CenLand,CEO,retail,1500,0975079011
Ngô Ngọc Việt,ngo.ngoc.viet.409@shopeevietna.vn,Shopee Vietnam,Marketing Manager,fintech,1500,0962191908
Hoàng Ngọc Việt,hoang.ngoc.viet.410@gmail.com,Pharmacity,CEO,healthcare,250,0914906036
Vũ Xuân Lan,vu.xuan.lan.411@gemadeptlogi.vn,Gemadept Logistics,Head of Finance,manufacturing,25,0916109115
Vũ Xuân Nam,vu.xuan.nam.412@gemadeptlogi.vn,Gemadept Logistics,CTO,education,50,0355123050
Võ Ngọc Việt,vo.ngoc.viet.413@gmail.com,TopCV,Head of Finance,ecommerce,25,0703271635
Vũ Hữu Giang,vu.huu.giang.414@gmail.com,Pharmacity,CEO,healthcare,50,0971947616
Phạm Thanh Mai,pham.thanh.mai.415@vngcorporati.vn,VNG Corporation,CTO,ecommerce,500,0902812369
Võ Hồng Trang,vo.hong.trang.416@cenland.vn,CenLand,Operations Manager,ecommerce,25,0933527499
Ngô Ngọc Giang,ngo.ngoc.giang.417@tiki.vn,Tiki,Sales Director,fintech,500,0321158075
Lý Xuân Bình,ly.xuan.binh.418@thacoindustr.vn,Thaco Industries,Product Manager,manufacturing,10,0862299786
Võ Đức Hà,vo.duc.ha.419@thecoffeehou.vn,The Coffee House,Kế toán trưởng,fintech,25,0931309934
Hoàng Thị Tâm,hoang.thi.tam.420@shopeevietna.vn,Shopee Vietnam,Head of Finance,ecommerce,120,0355295170
Phan Quang An,phan.quang.an.421@kiotviet.vn,KiotViet,Marketing Manager,fintech,10,0354191860
Phan Hữu Oanh,phan.huu.oanh.422@gmail.com,Tiki,Head of Finance,software,50,0320758740
Phạm Đức Oanh,pham.duc.oanh.423@gmail.com,Hoà Phát,CEO,logistics,1500,0707117525
Lý Thị Nam,ly.thi.nam.424@pharmacity.vn,Pharmacity,Product Manager,fintech,25,0902449214
Võ Văn Phúc,vo.van.phuc.425@pharmacity.vn,Pharmacity,Sales Director,healthcare,500,0321236209
Ngô Thanh Quân,ngo.thanh.quan.426@thecoffeehou.vn,The Coffee House,CTO,fintech,1500,0961642372
Dương Thị Sơn,duong.thi.son.427@shopeevietna.vn,Shopee Vietnam,CEO,fintech,10,0703423973
Nguyễn Thị Khánh,nguyen.thi.khanh.428@haravan.vn,Haravan,Sales Director,fintech,120,0700328477
Ngô Đức Sơn,ngo.duc.son.429@gmail.com,CenLand,Head of Finance,logistics,250,0862665736
Võ Minh Giang,vo.minh.giang.430@gemadeptlogi.vn,Gemadept Logistics,CTO,healthcare,10,0864481082
Phan Hữu Oanh,phan.huu.oanh.431@cenland.vn,CenLand,CFO,manufacturing,10,0868726544
Nguyễn Thị An,nguyen.thi.an.432@cenland.vn,CenLand,CTO,education,25,0913801808
Dương Thanh Hùng,duong.thanh.hung.433@topcv.vn,TopCV,CTO,software,50,0329868397
Hoàng Thanh Khánh,hoang.thanh.khanh.434@kiotviet.vn,KiotViet,Operations Manager,retail,1500,0861191352
Lý Quang Oanh,ly.quang.oanh.435@thecoffeehou.vn,The Coffee House,Operations Manager,healthcare,500,0327096045
Phạm Thị Phúc,pham.thi.phuc.436@thacoindustr.vn,Thaco Industries,Operations Manager,fintech,500,0866419380
Phan Xuân Châu,phan.xuan.chau.437@gmail.com,VNG Corporation,Operations Manager,manufacturing,250,0350132626
Đỗ Xuân Tâm,do.xuan.tam.438@vinmec.vn,Vinmec,CEO,ecommerce,250,0860111143
Lý Văn Tâm,ly.van.tam.439@gmail.com,Gemadept Logistics,Procurement Manager,healthcare,10,0860131268
Phạm Hữu Việt,pham.huu.viet.440@kiotviet.vn,KiotViet,CTO,ecommerce,500,0907978004
Đặng Xuân Hà,dang.xuan.ha.441@fptsoftware.vn,FPT Software,Procurement Manager,manufacturing,10,0326499086
Đỗ Đức Tâm,do.duc.tam.442@thacoindustr.vn,Thaco Industries,CTO,logistics,1500,0705115149
Đặng Minh Dũng,dang.minh.dung.443@gmail.com,CenLand,CTO,retail,10,0919608915
Võ Quang Oanh,vo.quang.oanh.444@gmail.com,Vinmec,Kế toán trưởng,retail,500,0325595072
Dương Văn Sơn,duong.van.son.445@pnj.vn,PNJ,CFO,education,25,0353255164
Vũ Văn Trang,vu.van.trang.446@gmail.com,Duy Tan Plastics,Product Manager,healthcare,120,0977632599
Hoàng Văn Việt,hoang.van.viet.447@gmail.com,Gemadept Logistics,Kế toán trưởng,education,10,0961809543
Đỗ Hồng Khánh,do.hong.khanh.448@hoaphat.vn,Hoà Phát,Kế toán trưởng,healthcare,500,0966583463
Dương Hồng Khánh,duong.hong.khanh.449@pharmacity.vn,Pharmacity,Procurement Manager,software,25,0320849613
Đặng Minh Dũng,dang.minh.dung.450@thecoffeehou.vn,The Coffee House,Marketing Manager,retail,50,0702860748
Phan Xuân Bình,phan.xuan.binh.451@gmail.com,Gemadept Logistics,Procurement Manager,ecommerce,500,0352394187
Hồ Thị Mai,ho.thi.mai.452@haravan.vn,Haravan,CFO,healthcare,25,0324974437
Hoàng Xuân Dũng,hoang.xuan.dung.453@cenland.vn,CenLand,Operations Manager,ecommerce,500,0322966214
Ngô Minh Sơn,ngo.minh.son.454@fptsoftware.vn,FPT Software,Procurement Manager,software,250,0978332145
Hồ Thanh Tâm,ho.thanh.tam.455@basevn.vn,Base.vn,CEO,healthcare,25,0960307466
Võ Thị Hà,vo.thi.ha.456@thacoindustr.vn,Thaco Industries,CTO,education,250,0862142969
Đặng Xuân Việt,dang.xuan.viet.457@pharmacity.vn,Pharmacity,CTO,software,10,0327327759
Phạm Xuân Dũng,pham.xuan.dung.458@gmail.com,Vinamilk,CTO,logistics,500,0969446976
Ngô Đức Nam,ngo.duc.nam.459@kiotviet.vn,KiotViet,Kế toán trưởng,retail,50,0977764415
Đặng Quang Nam,dang.quang.nam.460@vinmec.vn,Vinmec,CTO,ecommerce,1500,0907454748
Lê Đức Tuấn,le.duc.tuan.461@duytanplasti.vn,Duy Tan Plastics,Sales Director,fintech,120,0865524762
Võ Xuân Bình,vo.xuan.binh.462@vngcorporati.vn,VNG Corporation,Sales Director,fintech,500,0960856134
Đặng Ngọc Khánh,dang.ngoc.khanh.463@vinamilk.vn,Vinamilk,Sales Director,software,500,0701288363
Hồ Hồng Nam,ho.hong.nam.464@basevn.vn,Base.vn,Head of Finance,software,10,0932678700
Hoàng Hồng Châu,hoang.hong.chau.465@momo.vn,MoMo,Sales Director,ecommerce,50,0357365757
Trần Minh Tuấn,tran.minh.tuan.466@fptsoftware.vn,FPT Software,Sales Director,logistics,500,0863721406
Dương Minh Bình,duong.minh.binh.467@gemadeptlogi.vn,Gemadept Logistics,Operations Manager,retail,500,0967249214
Phan Hồng Linh,phan.hong.linh.468@pnj.vn,PNJ,Operations Manager,healthcare,25,0963616033
Hồ Hữu Châu,ho.huu.chau.469@cenland.vn,CenLand,Procurement Manager,fintech,120,0321236471
Bùi Quang Tuấn,bui.quang.tuan.470@pnj.vn,PNJ,Procurement Manager,logistics,10,0935656577
Vũ Văn Sơn,vu.van.son.471@topcv.vn,TopCV,Kế toán trưởng,fintech,25,0355645954
Đặng Thanh An,dang.thanh.an.472@gmail.com,MoMo,Procurement Manager,manufacturing,50,0963219076
Trần Thị Việt,tran.thi.viet.473@gmail.com,Vinamilk,CTO,software,500,0907225760
Hoàng Thị Hà,hoang.thi.ha.474@gmail.com,PNJ,Procurement Manager,healthcare,50,0863293767
Hồ Hồng Oanh,ho.hong.oanh.475@gmail.com,Tiki,Head of Finance,healthcare,25,0919050282
Dương Xuân Lan,duong.xuan.lan.476@gmail.com,VNG Corporation,Head of Finance,ecommerce,120,0961038298
Đỗ Quang Nam,do.quang.nam.477@gmail.com,Vinamilk,Kế toán trưởng,ecommerce,25,0912879063
Vũ Ngọc Lan,vu.ngoc.lan.478@gmail.com,Pharmacity,Operations Manager,ecommerce,250,0968285726
Đặng Đức Mai,dang.duc.mai.479@duytanplasti.vn,Duy Tan Plastics,Head of Finance,education,25,0932804531
Hoàng Quang Lan,hoang.quang.lan.480@thecoffeehou.vn,The Coffee House,Head of Finance,healthcare,50,0358029511
Lê Ngọc Châu,le.ngoc.chau.481@viettiengarm.vn,Viet Tien Garment,Product Manager,logistics,50,0919168931
Phạm Minh An,pham.minh.an.482@topcv.vn,TopCV,Kế toán trưởng,logistics,10,0963086228
Đỗ Văn Khánh,do.van.khanh.483@gmail.com,Tiki,Operations Manager,ecommerce,1500,0909067719
Hoàng Hồng Tuấn,hoang.hong.tuan.484@hoaphat.vn,Hoà Phát,Kế toán trưởng,healthcare,50,0971309110
Lê Hữu Mai,le.huu.mai.485@vngcorporati.vn,VNG Corporation,Operations Manager,fintech,250,0933999277
Dương Thanh Tuấn,duong.thanh.tuan.486@gmail.com,Pharmacity,CTO,ecommerce,500,0356326690
Bùi Thanh Phúc,bui.thanh.phuc.487@pnj.vn,PNJ,Operations Manager,software,500,0908232205
Võ Đức Trang,vo.duc.trang.488@vngcorporati.vn,VNG Corporation,Kế toán trưởng,ecommerce,250,0971486091
Vũ Quang Tâm,vu.quang.tam.489@duytanplasti.vn,Duy Tan Plastics,Product Manager,ecommerce,120,0961690859
Lê Quang Trang,le.quang.trang.490@gmail.com,Gemadept Logistics,Procurement Manager,ecommerce,1500,0966266213
Bùi Quang Việt,bui.quang.viet.491@gmail.com,The Coffee House,CTO,ecommerce,500,0975840242
Phan Hữu Trang,phan.huu.trang.492@cenland.vn,CenLand,Kế toán trưởng,logistics,500,0913582086
Nguyễn Quang Lan,nguyen.quang.lan.493@momo.vn,MoMo,CTO,software,120,0939930279
Trần Đức Trang,tran.duc.trang.494@kiotviet.vn,KiotViet,Operations Manager,fintech,10,0706913628
Ngô Xuân An,ngo.xuan.an.495@pharmacity.vn,Pharmacity,Operations Manager,manufacturing,120,0965234281
Hoàng Minh Dũng,hoang.minh.dung.496@gmail.com,Thaco Industries,CTO,fintech,500,0964690117
Bùi Hữu An,bui.huu.an.497@momo.vn,MoMo,Marketing Manager,logistics,250,0960219959
Đặng Quang Sơn,dang.quang.son.498@kiotviet.vn,KiotViet,Sales Director,education,500,0355234425
Võ Đức Dũng,vo.duc.dung.499@pharmacity.vn,Pharmacity,CEO,manufacturing,120,0972918101
Lý Ngọc An,ly.ngoc.an.10000@vinamilk.vn,Vinamilk,Kế toán trưởng,logistics,120,0934223074
Vũ Minh Trang,vu.minh.trang.10001@gmail.com,Viet Tien Garment,Procurement Manager,healthcare,120,0969398252
Bùi Văn Tâm,bui.van.tam.10002@gmail.com,Vinamilk,CEO,software,10,0701787153
Đặng Ngọc Hà,dang.ngoc.ha.10003@gmail.com,TopCV,Operations Manager,fintech,50,0708366122
Võ Ngọc Tâm,vo.ngoc.tam.10004@gmail.com,KiotViet,Head of Finance,manufacturing,10,0703963810
Hồ Văn Sơn,ho.van.son.10005@gmail.com,Vinamilk,Kế toán trưởng,healthcare,10,0969297062
Phạm Xuân Phúc,pham.xuan.phuc.10006@haravan.vn,Haravan,Operations Manager,healthcare,50,0326760159
Ngô Thanh Tuấn,ngo.thanh.tuan.10007@vinmec.vn,Vinmec,CEO,logistics,50,0916176506
Ngô Thị Sơn,ngo.thi.son.10008@fptsoftware.vn,FPT Software,Kế toán trưởng,retail,50,0320664338
Hồ Đức Trang,ho.duc.trang.10009@gmail.com,Base.vn,CTO,ecommerce,10,0862362205
Lê Ngọc Tuấn,le.ngoc.tuan.10010@hoaphat.vn,Hoà Phát,Sales Director,ecommerce,120,0864306968
Lý Thị Trang,ly.thi.trang.10011@duytanplasti.vn,Duy Tan Plastics,Kế toán trưởng,healthcare,1500,0708804191
Dương Hồng Bình,duong.hong.binh.10012@thecoffeehou.vn,The Coffee House,Sales Director,ecommerce,50,0704329659
Lý Văn Khánh,ly.van.khanh.10013@duytanplasti.vn,Duy Tan Plastics,Sales Director,ecommerce,250,0355747686
Võ Đức Oanh,vo.duc.oanh.10014@gmail.com,FPT Software,Kế toán trưởng,education,1500,0864832709
Phan Hữu Dũng,phan.huu.dung.10015@viettiengarm.vn,Viet Tien Garment,Operations Manager,manufacturing,120,0961594403
Nguyễn Quang Quân,nguyen.quang.quan.10016@viettiengarm.vn,Viet Tien Garment,Sales Director,healthcare,250,0701463158
Hồ Thị Lan,ho.thi.lan.10017@fptsoftware.vn,FPT Software,Head of Finance,fintech,500,0900652606
Dương Ngọc Tuấn,duong.ngoc.tuan.10018@topcv.vn,TopCV,CFO,healthcare,250,0979664024
Trần Thị Quân,tran.thi.quan.10019@kiotviet.vn,KiotViet,Product Manager,healthcare,250,0323216140
Đỗ Minh Khánh,do.minh.khanh.10020@gmail.com,CenLand,CEO,ecommerce,50,0861264057
Dương Minh Lan,duong.minh.lan.10021@kiotviet.vn,KiotViet,Marketing Manager,education,1500,0868111097
Lê Hữu Lan,le.huu.lan.10022@vinmec.vn,Vinmec,Procurement Manager,retail,25,0351653487
Trần Minh Tâm,tran.minh.tam.10023@cenland.vn,CenLand,Kế toán trưởng,healthcare,1500,0908327648
Dương Hữu Sơn,duong.huu.son.10024@gmail.com,FPT Software,Head of Finance,ecommerce,10,0356998741
Đặng Ngọc Giang,dang.ngoc.giang.10025@topcv.vn,TopCV,Operations Manager,retail,10,0974463533
Phan Hồng Châu,phan.hong.chau.10026@gmail.com,TopCV,Marketing Manager,logistics,10,0861440801
Võ Thanh Mai,vo.thanh.mai.10027@thacoindustr.vn,Thaco Industries,Product Manager,fintech,250,0974470254
Hoàng Hữu Quân,hoang.huu.quan.10028@viettiengarm.vn,Viet Tien Garment,Kế toán trưởng,logistics,500,0965743697
Phạm Xuân Châu,pham.xuan.chau.10029@vinmec.vn,Vinmec,Sales Director,logistics,250,0939026617
Đỗ Đức Mai,do.duc.mai.10030@gmail.com,The Coffee House,Sales Director,fintech,25,0908499105
Phạm Hồng Mai,pham.hong.mai.10031@gmail.com,CenLand,CEO,education,500,0708197339
Hoàng Xuân Phúc,hoang.xuan.phuc.10032@gemadeptlogi.vn,Gemadept Logistics,CFO,retail,25,0935091029
Đặng Hồng Nam,dang.hong.nam.10033@gmail.com,Haravan,CEO,logistics,1500,0863810283
Võ Thanh Sơn,vo.thanh.son.10034@pnj.vn,PNJ,CFO,ecommerce,25,0961378487
Nguyễn Quang Dũng,nguyen.quang.dung.10035@tiki.vn,Tiki,Head of Finance,education,10,0350835882
Hoàng Văn Hà,hoang.van.ha.10036@gmail.com,MoMo,Procurement Manager,retail,1500,0866437555
Đặng Hữu An,dang.huu.an.10037@gmail.com,Tiki,CEO,manufacturing,25,0701163923
Trần Xuân Mai,tran.xuan.mai.10038@gmail.com,Base.vn,Head of Finance,ecommerce,1500,0916690271
Phạm Xuân Mai,pham.xuan.mai.10039@vinamilk.vn,Vinamilk,Head of Finance,logistics,25,0322700366
Trần Hồng Sơn,tran.hong.son.10040@gmail.com,KiotViet,Sales Director,fintech,10,0353055733
Trần Thanh Quân,tran.thanh.quan.10041@pnj.vn,PNJ,CTO,retail,120,0919783380
Dương Thị Việt,duong.thi.viet.10042@duytanplasti.vn,Duy Tan Plastics,Operations Manager,education,500,0705642609
Đỗ Hồng Tâm,do.hong.tam.10043@gmail.com,Shopee Vietnam,Product Manager,education,120,0906908899
Nguyễn Thanh Mai,nguyen.thanh.mai.10044@momo.vn,MoMo,CFO,education,120,0935357920
Đặng Hữu Hùng,dang.huu.hung.10045@viettiengarm.vn,Viet Tien Garment,Head of Finance,fintech,25,0915091490
Bùi Thanh Oanh,bui.thanh.oanh.10046@gmail.com,Hoà Phát,Operations Manager,software,1500,0708923215
Đỗ Văn Oanh,do.van.oanh.10047@viettiengarm.vn,Viet Tien Garment,Product Manager,education,50,0355037016
Bùi Hữu An,bui.huu.an.10048@gmail.com,Viet Tien Garment,Product Manager,retail,120,0930971511
Trần Hữu Oanh,tran.huu.oanh.10049@gmail.com,FPT Software,CTO,retail,50,0904506800
Trần Đức Tâm,tran.duc.tam.10050@gmail.com,KiotViet,Operations Manager,logistics,500,0868719738
Lê Minh Lan,le.minh.lan.10051@gmail.com,Thaco Industries,Product Manager,retail,25,0359098093
Phạm Quang Khánh,pham.quang.khanh.10052@topcv.vn,TopCV,Sales Director,education,50,0911538250
Ngô Hồng Hà,ngo.hong.ha.10053@vinmec.vn,Vinmec,Procurement Manager,logistics,1500,0860213613
Trần Văn Tâm,tran.van.tam.10054@gmail.com,FPT Software,Marketing Manager,healthcare,500,0919084119
Trần Đức Tuấn,tran.duc.tuan.10055@hoaphat.vn,Hoà Phát,CTO,healthcare,120,0960390322
Phan Hồng Oanh,phan.hong.oanh.10056@gmail.com,VNG Corporation,Product Manager,healthcare,250,0700664208
Hoàng Quang Nam,hoang.quang.nam.10057@gmail.com,VNG Corporation,Head of Finance,software,1500,0917248994
Hồ Xuân Dũng,ho.xuan.dung.10058@vinmec.vn,Vinmec,Kế toán trưởng,ecommerce,50,0979375540
Lý Đức Khánh,ly.duc.khanh.10059@vngcorporati.vn,VNG Corporation,CFO,retail,1500,0937179868
Võ Đức An,vo.duc.an.10060@vinmec.vn,Vinmec,CTO,software,25,0325883953
Đặng Ngọc Tuấn,dang.ngoc.tuan.10061@duytanplasti.vn,Duy Tan Plastics,Sales Director,healthcare,10,0911849111
Trần Hữu Hùng,tran.huu.hung.10062@shopeevietna.vn,Shopee Vietnam,Procurement Manager,manufacturing,120,0703313010
Vũ Minh Nam,vu.minh.nam.10063@topcv.vn,TopCV,Product Manager,logistics,10,0968695000
Võ Thị Châu,vo.thi.chau.10064@cenland.vn,CenLand,Product Manager,software,500,0905509885
Trần Ngọc Mai,tran.ngoc.mai.10065@gmail.com,Haravan,CFO,retail,120,0979251092
Lê Quang Việt,le.quang.viet.10066@thecoffeehou.vn,The Coffee House,Head of Finance,logistics,500,0325185225
Vũ Văn Khánh,vu.van.khanh.10067@pnj.vn,PNJ,Kế toán trưởng,manufacturing,500,0919629108
Vũ Đức Dũng,vu.duc.dung.10068@vinmec.vn,Vinmec,Head of Finance,logistics,25,0706644353
Đỗ Hồng Giang,do.hong.giang.10069@momo.vn,MoMo,Head of Finance,healthcare,25,0969049816
Nguyễn Ngọc Phúc,nguyen.ngoc.phuc.10070@thacoindustr.vn,Thaco Industries,CFO,retail,1500,0358208246
Trần Xuân An,tran.xuan.an.10071@basevn.vn,Base.vn,CEO,education,10,0320532267
Hồ Hữu Châu,ho.huu.chau.10072@gemadeptlogi.vn,Gemadept Logistics,Procurement Manager,ecommerce,1500,0903293718
Lý Minh Lan,ly.minh.lan.10073@momo.vn,MoMo,CFO,healthcare,120,0904501405
Phan Thị Tâm,phan.thi.tam.10074@gmail.com,Haravan,Sales Director,retail,250,0860984401
Đỗ Minh Linh,do.minh.linh.10075@momo.vn,MoMo,Kế toán trưởng,healthcare,1500,0901818479
Ngô Xuân Hà,ngo.xuan.ha.10076@vngcorporati.vn,VNG Corporation,Sales Director,healthcare,50,0353611741
Hoàng Thanh Lan,hoang.thanh.lan.10077@gmail.com,PNJ,Head of Finance,healthcare,1500,0970726603
Hồ Xuân Bình,ho.xuan.binh.10078@fptsoftware.vn,FPT Software,CEO,healthcare,50,0964869514
Trần Xuân Phúc,tran.xuan.phuc.10079@kiotviet.vn,KiotViet,Head of Finance,retail,1500,0911877674
Võ Hồng Châu,vo.hong.chau.10080@thacoindustr.vn,Thaco Industries,Operations Manager,ecommerce,250,0968072995
Nguyễn Hồng Khánh,nguyen.hong.khanh.10081@pharmacity.vn,Pharmacity,Marketing Manager,education,120,0934300924
Vũ Đức Châu,vu.duc.chau.10082@gmail.com,Pharmacity,Head of Finance,logistics,500,0918528147
Vũ Thanh Dũng,vu.thanh.dung.10083@kiotviet.vn,KiotViet,Sales Director,healthcare,500,0862181068
Hồ Xuân Trang,ho.xuan.trang.10084@gemadeptlogi.vn,Gemadept Logistics,CFO,ecommerce,10,0966673471
Ngô Đức Dũng,ngo.duc.dung.10085@pnj.vn,PNJ,Operations Manager,fintech,25,0322573314
Phạm Minh Việt,pham.minh.viet.10086@gmail.com,Viet Tien Garment,Sales Director,healthcare,500,0356366878
Trần Ngọc Quân,tran.ngoc.quan.10087@thecoffeehou.vn,The Coffee House,Product Manager,education,50,0903684043
Hồ Thị Dũng,ho.thi.dung.10088@gemadeptlogi.vn,Gemadept Logistics,CEO,ecommerce,500,0933933859
Lê Hồng Linh,le.hong.linh.10089@cenland.vn,CenLand,Operations Manager,software,1500,0902282270
Phạm Đức Tuấn,pham.duc.tuan.10090@pharmacity.vn,Pharmacity,Procurement Manager,retail,500,0903510593
Phạm Minh Hùng,pham.minh.hung.10091@vinamilk.vn,Vinamilk,Sales Director,education,50,0863468757
Phạm Thị Lan,pham.thi.lan.10092@tiki.vn,Tiki,Procurement Manager,education,25,0700429248
Ngô Minh Việt,ngo.minh.viet.10093@viettiengarm.vn,Viet Tien Garment,Procurement Manager,healthcare,1500,0973460146
Ngô Thị Phúc,ngo.thi.phuc.10094@gmail.com,CenLand,Operations Manager,software,500,0936181534
Võ Xuân Phúc,vo.xuan.phuc.10095@vngcorporati.vn,VNG Corporation,Sales Director,healthcare,10,0703410039
Đặng Hữu Giang,dang.huu.giang.10096@momo.vn,MoMo,Procurement Manager,fintech,120,0962766478
Trần Thanh Việt,tran.thanh.viet.10097@gmail.com,Duy Tan Plastics,Product Manager,retail,1500,0901256288
Đỗ Văn Linh,do.van.linh.10098@duytanplasti.vn,Duy Tan Plastics,Product Manager,manufacturing,10,0913638252
Vũ Hữu Oanh,vu.huu.oanh.10099@viettiengarm.vn,Viet Tien Garment,Marketing Manager,software,120,0864737000
Vũ Xuân An,vu.xuan.an.10100@gmail.com,Thaco Industries,Procurement Manager,fintech,1500,0351439323
Đặng Xuân Oanh,dang.xuan.oanh.10101@pharmacity.vn,Pharmacity,Procurement Manager,retail,25,0936500597
Vũ Thanh Châu,vu.thanh.chau.10102@hoaphat.vn,Hoà Phát,Procurement Manager,education,500,0977873359
Võ Ngọc Châu,vo.ngoc.chau.10103@gmail.com,MoMo,Operations Manager,education,50,0978004776
Hồ Quang Mai,ho.quang.mai.10104@tiki.vn,Tiki,Head of Finance,fintech,500,0904370871
Hồ Thị Bình,ho.thi.binh.10105@vinmec.vn,Vinmec,Head of Finance,software,500,0329044552
Trần Quang Tâm,tran.quang.tam.10106@haravan.vn,Haravan,Product Manager,retail,50,0351972500
Phan Minh Phúc,phan.minh.phuc.10107@shopeevietna.vn,Shopee Vietnam,Procurement Manager,software,50,0977195028
Phạm Quang Dũng,pham.quang.dung.10108@cenland.vn,CenLand,Product Manager,software,250,0916758080
Vũ Thanh Châu,vu.thanh.chau.10109@thacoindustr.vn,Thaco Industries,Product Manager,healthcare,50,0322736558
Vũ Quang Châu,vu.quang.chau.10110@gmail.com,Duy Tan Plastics,Operations Manager,software,120,0708526801
Phan Xuân Lan,phan.xuan.lan.10111@kiotviet.vn,KiotViet,Kế toán trưởng,healthcare,120,0977447761
Đặng Ngọc Dũng,dang.ngoc.dung.10112@thecoffeehou.vn,The Coffee House,Kế toán trưởng,logistics,25,0962274214
Dương Xuân Quân,duong.xuan.quan.10113@thacoindustr.vn,Thaco Industries,Sales Director,education,50,0861801433
Võ Minh Lan,vo.minh.lan.10114@gmail.com,Haravan,Sales Director,ecommerce,250,0352482932
Đỗ Hồng Dũng,do.hong.dung.10115@pharmacity.vn,Pharmacity,CEO,logistics,25,0864730808
Lê Ngọc Tuấn,le.ngoc.tuan.10116@gmail.com,Vinmec,Kế toán trưởng,education,1500,0909663438
Lý Hữu Việt,ly.huu.viet.10117@duytanplasti.vn,Duy Tan Plastics,CFO,ecommerce,1500,0918030657
Dương Quang Trang,duong.quang.trang.10118@duytanplasti.vn,Duy Tan Plastics,CEO,healthcare,250,0916676462
Phan Văn Bình,phan.van.binh.10119@pharmacity.vn,Pharmacity,Operations Manager,education,1500,0860268037
Dương Thị Oanh,duong.thi.oanh.10120@gmail.com,KiotViet,Head of Finance,fintech,50,0321207697
Đặng Thanh Mai,dang.thanh.mai.10121@basevn.vn,Base.vn,Marketing Manager,retail,1500,0357464145
Nguyễn Xuân Châu,nguyen.xuan.chau.10122@vinamilk.vn,Vinamilk,Head of Finance,logistics,50,0976276226
Hồ Thanh Hà,ho.thanh.ha.10123@vinamilk.vn,Vinamilk,Marketing Manager,healthcare,120,0350814924
Vũ Minh Việt,vu.minh.viet.10124@gmail.com,Duy Tan Plastics,Head of Finance,healthcare,25,0905129794
Phạm Quang Hà,pham.quang.ha.10125@haravan.vn,Haravan,Sales Director,manufacturing,120,0324714730
Lý Xuân Sơn,ly.xuan.son.10126@gmail.com,FPT Software,Sales Director,software,250,0353633050
Dương Thị Dũng,duong.thi.dung.10127@vinmec.vn,Vinmec,Sales Director,fintech,1500,0900892382
Bùi Văn Tâm,bui.van.tam.10128@vinamilk.vn,Vinamilk,Head of Finance,ecommerce,120,0867229797
Dương Đức Nam,duong.duc.nam.10129@vngcorporati.vn,VNG Corporation,Operations Manager,ecommerce,25,0903509615
Võ Thị Mai,vo.thi.mai.10130@gmail.com,Vinamilk,Head of Finance,manufacturing,1500,0709645029
Trần Văn Dũng,tran.van.dung.10131@duytanplasti.vn,Duy Tan Plastics,Product Manager,healthcare,120,0971870603
Hoàng Hồng Bình,hoang.hong.binh.10132@momo.vn,MoMo,Sales Director,logistics,25,0905145871
Phạm Hữu Quân,pham.huu.quan.10133@thecoffeehou.vn,The Coffee House,CFO,ecommerce,1500,0867724250
Hồ Thị Phúc,ho.thi.phuc.10134@hoaphat.vn,Hoà Phát,CFO,manufacturing,10,0931481510
Ngô Hữu Tâm,ngo.huu.tam.10135@gmail.com,TopCV,Sales Director,education,500,0977856456
Hồ Xuân Dũng,ho.xuan.dung.10136@haravan.vn,Haravan,Operations Manager,education,1500,0912336814
Đặng Văn Mai,dang.van.mai.10137@gmail.com,MoMo,CEO,manufacturing,120,0917436230
Phan Hồng Việt,phan.hong.viet.10138@gmail.com,Hoà Phát,Marketing Manager,logistics,120,0350993149
Phạm Ngọc Quân,pham.ngoc.quan.10139@gmail.com,PNJ,Product Manager,education,25,0974947495
Lê Hồng Trang,le.hong.trang.10140@pharmacity.vn,Pharmacity,Marketing Manager,logistics,250,0327587127
Ngô Quang Nam,ngo.quang.nam.10141@pnj.vn,PNJ,Marketing Manager,logistics,250,0868069833
Dương Hữu Hùng,duong.huu.hung.10142@gmail.com,Vinamilk,Kế toán trưởng,fintech,25,0937747430
Lê Hồng Nam,le.hong.nam.10143@gemadeptlogi.vn,Gemadept Logistics,Kế toán trưởng,software,500,0966840892
Vũ Thị Bình,vu.thi.binh.10144@gmail.com,VNG Corporation,Sales Director,ecommerce,25,0701248505
Lý Quang Giang,ly.quang.giang.10145@gmail.com,Thaco Industries,CEO,logistics,50,0354292300
Dương Hồng Phúc,duong.hong.phuc.10146@pharmacity.vn,Pharmacity,Procurement Manager,manufacturing,1500,0938040263
Phạm Văn Tuấn,pham.van.tuan.10147@gmail.com,Duy Tan Plastics,CTO,manufacturing,120,0329603813
Đỗ Hồng Oanh,do.hong.oanh.10148@gmail.com,VNG Corporation,Marketing Manager,retail,50,0323106237
Vũ Thị Châu,vu.thi.chau.10149@pnj.vn,PNJ,Kế toán trưởng,education,250,0962110626
Bùi Thanh Hùng,bui.thanh.hung.10150@thecoffeehou.vn,The Coffee House,Kế toán trưởng,manufacturing,1500,0977636026
Bùi Minh Khánh,bui.minh.khanh.10151@gmail.com,KiotViet,CTO,ecommerce,50,0869123235
Hoàng Văn Nam,hoang.van.nam.10152@gmail.com,Base.vn,Operations Manager,education,10,0359115115
Hồ Thanh Oanh,ho.thanh.oanh.10153@vinamilk.vn,Vinamilk,Kế toán trưởng,software,10,0357012074
Dương Đức Giang,duong.duc.giang.10154@basevn.vn,Base.vn,Marketing Manager,manufacturing,25,0913835795
Đặng Thị Phúc,dang.thi.phuc.10155@vngcorporati.vn,VNG Corporation,Product Manager,retail,25,0350852477
Ngô Minh Hùng,ngo.minh.hung.10156@gmail.com,Vinmec,Kế toán trưởng,manufacturing,250,0701616687
Bùi Hữu Tuấn,bui.huu.tuan.10157@momo.vn,MoMo,Operations Manager,software,250,0865329687
Lê Thị An,le.thi.an.10158@gmail.com,Gemadept Logistics,Head of Finance,education,120,0931873946
Dương Văn Dũng,duong.van.dung.10159@vinmec.vn,Vinmec,Product Manager,ecommerce,25,0864161523
Dương Đức Linh,duong.duc.linh.10160@topcv.vn,TopCV,Product Manager,software,50,0971403637
Hồ Hữu Việt,ho.huu.viet.10161@kiotviet.vn,KiotViet,CEO,retail,500,0325058135
Nguyễn Minh Lan,nguyen.minh.lan.10162@vinmec.vn,Vinmec,Product Manager,logistics,250,0914379542
Lý Đức Trang,ly.duc.trang.10163@gmail.com,Shopee Vietnam,Marketing Manager,manufacturing,250,0938058649
Võ Minh Nam,vo.minh.nam.10164@basevn.vn,Base.vn,Head of Finance,software,1500,0972506257
Hoàng Minh Quân,hoang.minh.quan.10165@haravan.vn,Haravan,CEO,ecommerce,50,0975372789
Ngô Văn Tâm,ngo.van.tam.10166@shopeevietna.vn,Shopee Vietnam,CTO,logistics,25,0320081115
Phạm Đức Mai,pham.duc.mai.10167@vinamilk.vn,Vinamilk,Operations Manager,healthcare,120,0961432570
Bùi Quang Phúc,bui.quang.phuc.10168@fptsoftware.vn,FPT Software,Product Manager,logistics,500,0974770137
Dương Quang Nam,duong.quang.nam.10169@gmail.com,FPT Software,CTO,healthcare,1500,0901893867
Phan Đức Quân,phan.duc.quan.10170@basevn.vn,Base.vn,Kế toán trưởng,retail,500,0320044927
Phan Đức Giang,phan.duc.giang.10171@gmail.com,Hoà Phát,Marketing Manager,retail,25,0966560829
Bùi Thị Mai,bui.thi.mai.10172@haravan.vn,Haravan,Sales Director,manufacturing,50,0320137803
Vũ Thị Nam,vu.thi.nam.10173@duytanplasti.vn,Duy Tan Plastics,Marketing Manager,fintech,120,0359858305
Dương Đức Sơn,duong.duc.son.10174@gmail.com,Shopee Vietnam,CEO,software,250,0974282711
Bùi Thanh Châu,bui.thanh.chau.10175@tiki.vn,Tiki,Marketing Manager,logistics,50,0351568722
Phan Xuân Giang,phan.xuan.giang.10176@gmail.com,Vinamilk,CEO,fintech,120,0902048498
Đỗ Hữu Hà,do.huu.ha.10177@gemadeptlogi.vn,Gemadept Logistics,CTO,healthcare,250,0700911852
Đỗ Văn Nam,do.van.nam.10178@gmail.com,CenLand,Head of Finance,ecommerce,120,0700440403
Lê Minh Trang,le.minh.trang.10179@shopeevietna.vn,Shopee Vietnam,Marketing Manager,fintech,500,0979240645
Trần Ngọc Khánh,tran.ngoc.khanh.10180@gmail.com,PNJ,CEO,healthcare,500,0936651322
Phạm Xuân Khánh,pham.xuan.khanh.10181@thacoindustr.vn,Thaco Industries,CTO,healthcare,50,0907257317
Phạm Đức Hùng,pham.duc.hung.10182@gmail.com,PNJ,CTO,manufacturing,120,0902554458
Dương Thị Oanh,duong.thi.oanh.10183@vinmec.vn,Vinmec,Kế toán trưởng,education,120,0914853866
Phan Hồng Hà,phan.hong.ha.10184@shopeevietna.vn,Shopee Vietnam,Head of Finance,education,50,0910641949
Bùi Thị Dũng,bui.thi.dung.10185@vinamilk.vn,Vinamilk,Product Manager,education,120,0935375337
Nguyễn Quang Giang,nguyen.quang.giang.10186@gmail.com,Viet Tien Garment,Sales Director,retail,1500,0975922327
Hồ Thanh Trang,ho.thanh.trang.10187@thacoindustr.vn,Thaco Industries,CEO,retail,250,0978119210
Vũ Xuân Giang,vu.xuan.giang.10188@pharmacity.vn,Pharmacity,Product Manager,healthcare,120,0961800571
Đỗ Thị Hà,do.thi.ha.10189@vinamilk.vn,Vinamilk,Head of Finance,fintech,1500,0960186393
Đặng Văn Hà,dang.van.ha.10190@cenland.vn,CenLand,Operations Manager,software,25,0909636130
Lê Đức Khánh,le.duc.khanh.10191@pnj.vn,PNJ,CTO,manufacturing,500,0352991523
Hoàng Thanh Mai,hoang.thanh.mai.10192@gmail.com,MoMo,Operations Manager,ecommerce,250,0701192959
Phan Quang Lan,phan.quang.lan.10193@gmail.com,Pharmacity,Sales Director,healthcare,1500,0967178286
Ngô Ngọc Châu,ngo.ngoc.chau.10194@vngcorporati.vn,VNG Corporation,CEO,education,25,0700500041
Võ Đức Châu,vo.duc.chau.10195@basevn.vn,Base.vn,CTO,manufacturing,1500,0869946725
Lê Xuân Châu,le.xuan.chau.10196@gmail.com,Vinmec,Procurement Manager,logistics,10,0919796302
Đỗ Thị Phúc,do.thi.phuc.10197@haravan.vn,Haravan,CEO,manufacturing,10,0709902741
Nguyễn Hữu Nam,nguyen.huu.nam.10198@vngcorporati.vn,VNG Corporation,CFO,retail,1500,0961199551
Phan Minh Phúc,phan.minh.phuc.10199@viettiengarm.vn,Viet Tien Garment,Operations Manager,education,50,0937982453
Lê Thanh Nam,le.thanh.nam.10200@fptsoftware.vn,FPT Software,CEO,fintech,1500,0969105288
Phạm Văn Hà,pham.van.ha.10201@basevn.vn,Base.vn,Marketing Manager,healthcare,1500,0900458380
Lý Ngọc Tâm,ly.ngoc.tam.10202@gmail.com,Vinmec,Product Manager,ecommerce,50,0965247906
Lý Ngọc Lan,ly.ngoc.lan.10203@duytanplasti.vn,Duy Tan Plastics,Procurement Manager,ecommerce,10,0908241747
Ngô Xuân Linh,ngo.xuan.linh.10204@vinamilk.vn,Vinamilk,Marketing Manager,education,10,0704773648
Bùi Đức Việt,bui.duc.viet.10205@vngcorporati.vn,VNG Corporation,Marketing Manager,ecommerce,1500,0976132477
Trần Ngọc Giang,tran.ngoc.giang.10206@vinamilk.vn,Vinamilk,Head of Finance,retail,500,0326127076
Võ Minh Khánh,vo.minh.khanh.10207@gmail.com,Vinamilk,Procurement Manager,fintech,10,0970790790
Nguyễn Thị Hà,nguyen.thi.ha.10208@thecoffeehou.vn,The Coffee House,Head of Finance,manufacturing,250,0933495097
Nguyễn Quang Việt,nguyen.quang.viet.10209@pharmacity.vn,Pharmacity,Sales Director,software,250,0934599704
Phạm Ngọc Việt,pham.ngoc.viet.10210@vngcorporati.vn,VNG Corporation,Sales Director,retail,500,0968359125
Lý Hồng Linh,ly.hong.linh.10211@duytanplasti.vn,Duy Tan Plastics,CFO,logistics,1500,0862975182
Đỗ Minh Mai,do.minh.mai.10212@duytanplasti.vn,Duy Tan Plastics,CFO,logistics,10,0708250545
Hoàng Đức Mai,hoang.duc.mai.10213@haravan.vn,Haravan,Operations Manager,software,50,0869375674
Phan Hồng An,phan.hong.an.10214@vinmec.vn,Vinmec,Head of Finance,retail,120,0901587149
Dương Minh Phúc,duong.minh.phuc.10215@hoaphat.vn,Hoà Phát,CFO,healthcare,10,0900659803
Hoàng Ngọc Oanh,hoang.ngoc.oanh.10216@vinmec.vn,Vinmec,Kế toán trưởng,retail,1500,0974130165
Hồ Ngọc Tâm,ho.ngoc.tam.10217@gmail.com,VNG Corporation,Kế toán trưởng,logistics,120,0904266192
Võ Thị Châu,vo.thi.chau.10218@vinamilk.vn,Vinamilk,Sales Director,fintech,500,0702020250
Trần Ngọc Dũng,tran.ngoc.dung.10219@thecoffeehou.vn,The Coffee House,Operations Manager,retail,500,0707835380
Hoàng Văn An,hoang.van.an.10220@viettiengarm.vn,Viet Tien Garment,CEO,healthcare,1500,0326454893
Phan Xuân Dũng,phan.xuan.dung.10221@gmail.com,Duy Tan Plastics,Head of Finance,software,250,0354297311
Trần Xuân Linh,tran.xuan.linh.10222@gemadeptlogi.vn,Gemadept Logistics,CEO,logistics,500,0939853754
Dương Xuân Phúc,duong.xuan.phuc.10223@momo.vn,MoMo,Sales Director,retail,250,0359351156
Phạm Thị Giang,pham.thi.giang.10224@basevn.vn,Base.vn,Product Manager,education,250,0934951464
Dương Thanh Oanh,duong.thanh.oanh.10225@vngcorporati.vn,VNG Corporation,CTO,manufacturing,50,0976382763
Dương Hữu Khánh,duong.huu.khanh.10226@hoaphat.vn,Hoà Phát,CEO,retail,500,0915675344
Bùi Thị Tâm,bui.thi.tam.10227@thecoffeehou.vn,The Coffee House,CFO,manufacturing,25,0932589748
Hồ Hồng Châu,ho.hong.chau.10228@gmail.com,VNG Corporation,Kế toán trưởng,education,1500,0861880070
Nguyễn Đức Hùng,nguyen.duc.hung.10229@momo.vn,MoMo,Procurement Manager,healthcare,50,0357224728
Dương Ngọc Hùng,duong.ngoc.hung.10230@haravan.vn,Haravan,Procurement Manager,logistics,500,0962753529
Dương Hồng Quân,duong.hong.quan.10231@gmail.com,Haravan,Head of Finance,fintech,250,0932866493
Vũ Ngọc Mai,vu.ngoc.mai.10232@gmail.com,MoMo,CFO,retail,25,0970238063
Đỗ Ngọc Giang,do.ngoc.giang.10233@topcv.vn,TopCV,Sales Director,fintech,25,0934073568
Trần Xuân Dũng,tran.xuan.dung.10234@haravan.vn,Haravan,Operations Manager,logistics,25,0918460911
Hoàng Văn Hùng,hoang.van.hung.10235@gmail.com,KiotViet,Product Manager,healthcare,10,0935320670
Phan Quang Phúc,phan.quang.phuc.10236@basevn.vn,Base.vn,CTO,logistics,10,0965108422
Lý Hồng Oanh,ly.hong.oanh.10237@kiotviet.vn,KiotViet,CEO,logistics,1500,0907094829
Bùi Ngọc Oanh,bui.ngoc.oanh.10238@gmail.com,Shopee Vietnam,CEO,logistics,25,0915041915
Đặng Hữu Bình,dang.huu.binh.10239@tiki.vn,Tiki,Procurement Manager,logistics,10,0939323725
Hoàng Thanh Mai,hoang.thanh.mai.10240@momo.vn,MoMo,Head of Finance,retail,25,0869107178
Võ Hữu Lan,vo.huu.lan.10241@viettiengarm.vn,Viet Tien Garment,Operations Manager,ecommerce,10,0975877777
Hoàng Ngọc An,hoang.ngoc.an.10242@pnj.vn,PNJ,Procurement Manager,retail,25,0933661592
Hồ Quang Hà,ho.quang.ha.10243@gmail.com,Vinmec,Sales Director,education,500,0900453699
Nguyễn Hữu Giang,nguyen.huu.giang.10244@cenland.vn,CenLand,Sales Director,healthcare,50,0912231904
Vũ Xuân Lan,vu.xuan.lan.10245@hoaphat.vn,Hoà Phát,Procurement Manager,logistics,250,0355126837
Ngô Thị Việt,ngo.thi.viet.10246@pnj.vn,PNJ,Sales Director,manufacturing,500,0963349318
Võ Minh Sơn,vo.minh.son.10247@thacoindustr.vn,Thaco Industries,Kế toán trưởng,retail,500,0905746957
Trần Xuân Mai,tran.xuan.mai.10248@shopeevietna.vn,Shopee Vietnam,Kế toán trưởng,fintech,10,0963044041
Võ Xuân Phúc,vo.xuan.phuc.10249@vngcorporati.vn,VNG Corporation,CTO,ecommerce,500,0351533490
Trần Thị Châu,tran.thi.chau.10250@hoaphat.vn,Hoà Phát,Kế toán trưởng,healthcare,50,0973316937
Lý Quang Trang,ly.quang.trang.10251@shopeevietna.vn,Shopee Vietnam,Product Manager,fintech,25,0963469550
Lý Ngọc Châu,ly.ngoc.chau.10252@vinmec.vn,Vinmec,Procurement Manager,fintech,10,0939667123
Nguyễn Văn Trang,nguyen.van.trang.10253@basevn.vn,Base.vn,Marketing Manager,manufacturing,120,0708627548
Hồ Thanh Lan,ho.thanh.lan.10254@vinamilk.vn,Vinamilk,Operations Manager,manufacturing,50,0321673873
Đặng Văn Giang,dang.van.giang.10255@vinmec.vn,Vinmec,Product Manager,retail,50,0864250603
Lý Quang Quân,ly.quang.quan.10256@momo.vn,MoMo,Marketing Manager,manufacturing,500,0913489872
Dương Thị Tâm,duong.thi.tam.10257@tiki.vn,Tiki,Kế toán trưởng,software,500,0702697311
Nguyễn Thanh Oanh,nguyen.thanh.oanh.10258@haravan.vn,Haravan,Marketing Manager,education,50,0935061641
Võ Thanh Giang,vo.thanh.giang.10259@haravan.vn,Haravan,Kế toán trưởng,education,10,0911261921
Phan Ngọc Bình,phan.ngoc.binh.10260@tiki.vn,Tiki,Product Manager,logistics,120,0327404441
Lê Hữu Dũng,le.huu.dung.10261@vngcorporati.vn,VNG Corporation,CFO,healthcare,50,0358678525
Hồ Hữu Quân,ho.huu.quan.10262@haravan.vn,Haravan,Head of Finance,retail,50,0931777641
Đặng Văn Dũng,dang.van.dung.10263@thecoffeehou.vn,The Coffee House,Kế toán trưởng,education,250,0917223360
Đỗ Quang Oanh,do.quang.oanh.10264@gmail.com,VNG Corporation,CFO,fintech,120,0935127170
Lê Ngọc Mai,le.ngoc.mai.10265@viettiengarm.vn,Viet Tien Garment,Product Manager,fintech,500,0971077980
Đặng Thị Quân,dang.thi.quan.10266@vinmec.vn,Vinmec,Marketing Manager,software,25,0329148529
Võ Xuân Việt,vo.xuan.viet.10267@pharmacity.vn,Pharmacity,CTO,logistics,120,0976042166
Vũ Văn Quân,vu.van.quan.10268@gmail.com,Pharmacity,Kế toán trưởng,retail,25,0969995939
Phan Quang Khánh,phan.quang.khanh.10269@vinmec.vn,Vinmec,Marketing Manager,software,500,0866961424
Đỗ Ngọc Hùng,do.ngoc.hung.10270@duytanplasti.vn,Duy Tan Plastics,CTO,fintech,25,0932393075
Võ Hữu Trang,vo.huu.trang.10271@vinmec.vn,Vinmec,Operations Manager,ecommerce,500,0320694619
Đỗ Hữu Giang,do.huu.giang.10272@gmail.com,VNG Corporation,Procurement Manager,manufacturing,10,0914175288
Lê Quang Dũng,le.quang.dung.10273@gmail.com,Shopee Vietnam,Kế toán trưởng,healthcare,50,0702850669
Phan Đức Dũng,phan.duc.dung.10274@gmail.com,CenLand,Marketing Manager,software,250,0932649192
Hoàng Hữu Mai,hoang.huu.mai.10275@duytanplasti.vn,Duy Tan Plastics,Kế toán trưởng,fintech,1500,0931131299
Hồ Ngọc Hùng,ho.ngoc.hung.10276@haravan.vn,Haravan,Procurement Manager,software,25,0357054027
Hoàng Đức Việt,hoang.duc.viet.10277@shopeevietna.vn,Shopee Vietnam,Sales Director,healthcare,10,0970324276
Phan Văn Phúc,phan.van.phuc.10278@duytanplasti.vn,Duy Tan Plastics,Procurement Manager,software,50,0702949219
Bùi Ngọc Giang,bui.ngoc.giang.10279@gemadeptlogi.vn,Gemadept Logistics,CTO,fintech,50,0914689201
Ngô Minh Sơn,ngo.minh.son.10280@kiotviet.vn,KiotViet,Head of Finance,ecommerce,10,0907497431
Phan Quang Việt,phan.quang.viet.10281@gmail.com,Duy Tan Plastics,Kế toán trưởng,fintech,250,0326062925
Nguyễn Hữu Quân,nguyen.huu.quan.10282@topcv.vn,TopCV,CFO,manufacturing,1500,0704865033
Bùi Thị An,bui.thi.an.10283@gmail.com,Viet Tien Garment,Marketing Manager,fintech,1500,0937511795
Lê Hữu Nam,le.huu.nam.10284@gmail.com,PNJ,Marketing Manager,healthcare,500,0936827605
Vũ Thanh Tuấn,vu.thanh.tuan.10285@gmail.com,Hoà Phát,CEO,software,10,0704875862
Bùi Ngọc An,bui.ngoc.an.10286@gmail.com,FPT Software,Operations Manager,education,25,0860069172
Lê Đức Hùng,le.duc.hung.10287@momo.vn,MoMo,Procurement Manager,healthcare,10,0908966083
Bùi Xuân Hà,bui.xuan.ha.10288@thacoindustr.vn,Thaco Industries,Operations Manager,retail,10,0976696767
Trần Thị Lan,tran.thi.lan.10289@topcv.vn,TopCV,CTO,manufacturing,25,0357883780
Vũ Xuân Khánh,vu.xuan.khanh.10290@thecoffeehou.vn,The Coffee House,Procurement Manager,fintech,10,0910996573
Ngô Xuân Quân,ngo.xuan.quan.10291@gmail.com,Vinmec,Marketing Manager,education,50,0326693982
Nguyễn Minh Dũng,nguyen.minh.dung.10292@kiotviet.vn,KiotViet,Product Manager,manufacturing,500,0701558084
Ngô Quang Giang,ngo.quang.giang.10293@gmail.com,KiotViet,Product Manager,retail,250,0938308863
Hồ Thanh Châu,ho.thanh.chau.10294@thecoffeehou.vn,The Coffee House,CTO,retail,10,0323342736
Phạm Quang Dũng,pham.quang.dung.10295@vinmec.vn,Vinmec,CFO,education,50,0911919703
Nguyễn Thanh Dũng,nguyen.thanh.dung.10296@gmail.com,MoMo,Operations Manager,ecommerce,250,0971857881
Đặng Thanh Quân,dang.thanh.quan.10297@tiki.vn,Tiki,CEO,fintech,25,0970098739
Ngô Hồng Hà,ngo.hong.ha.10298@gmail.com,Base.vn,CFO,logistics,250,0966661076
Dương Văn Mai,duong.van.mai.10299@thecoffeehou.vn,The Coffee House,Procurement Manager,retail,500,0322408042
Phan Ngọc Khánh,phan.ngoc.khanh.10300@kiotviet.vn,KiotViet,Procurement Manager,education,1500,0325784502
Hồ Hữu Quân,ho.huu.quan.10301@gmail.com,Viet Tien Garment,Head of Finance,retail,250,0962772094
Phan Văn An,phan.van.an.10302@thecoffeehou.vn,The Coffee House,Kế toán trưởng,manufacturing,10,0906083234
Bùi Hồng Giang,bui.hong.giang.10303@gmail.com,Shopee Vietnam,Marketing Manager,manufacturing,10,0911698687
Dương Hồng Lan,duong.hong.lan.10304@gmail.com,Duy Tan Plastics,Marketing Manager,education,1500,0960286665
Hoàng Quang Châu,hoang.quang.chau.10305@kiotviet.vn,KiotViet,CTO,education,250,0902839557
Hồ Ngọc Sơn,ho.ngoc.son.10306@haravan.vn,Haravan,Marketing Manager,logistics,250,0708148327
Vũ Thanh Oanh,vu.thanh.oanh.10307@tiki.vn,Tiki,Procurement Manager,manufacturing,10,0917625736
Hồ Minh Mai,ho.minh.mai.10308@pharmacity.vn,Pharmacity,Kế toán trưởng,logistics,500,0866052173
Phạm Ngọc Oanh,pham.ngoc.oanh.10309@thacoindustr.vn,Thaco Industries,Marketing Manager,retail,500,0867192816
Vũ Văn Châu,vu.van.chau.10310@fptsoftware.vn,FPT Software,CFO,education,25,0930659650
Trần Ngọc Tuấn,tran.ngoc.tuan.10311@gemadeptlogi.vn,Gemadept Logistics,Product Manager,logistics,10,0936584177
Hồ Văn Lan,ho.van.lan.10312@vngcorporati.vn,VNG Corporation,Operations Manager,retail,250,0863716739
Lê Minh Hùng,le.minh.hung.10313@hoaphat.vn,Hoà Phát,Product Manager,healthcare,10,0704250436
Trần Thanh Việt,tran.thanh.viet.10314@shopeevietna.vn,Shopee Vietnam,Procurement Manager,education,25,0704870270
Nguyễn Xuân Nam,nguyen.xuan.nam.10315@vinamilk.vn,Vinamilk,Procurement Manager,ecommerce,50,0352228027
Phạm Ngọc Bình,pham.ngoc.binh.10316@viettiengarm.vn,Viet Tien Garment,Head of Finance,software,500,0354786373
Nguyễn Hồng Mai,nguyen.hong.mai.10317@topcv.vn,TopCV,CTO,manufacturing,10,0325481739
Ngô Văn Quân,ngo.van.quan.10318@cenland.vn,CenLand,Product Manager,education,120,0356838555
Hoàng Hồng Hà,hoang.hong.ha.10319@vinamilk.vn,Vinamilk,Operations Manager,education,50,0977531048
Đặng Minh Trang,dang.minh.trang.10320@kiotviet.vn,KiotViet,Procurement Manager,manufacturing,50,0966499550
Nguyễn Thanh Bình,nguyen.thanh.binh.10321@gmail.com,Gemadept Logistics,Procurement Manager,logistics,50,0968259216
Lý Đức Việt,ly.duc.viet.10322@kiotviet.vn,KiotViet,Head of Finance,software,1500,0934845459
Hồ Hồng Khánh,ho.hong.khanh.10323@tiki.vn,Tiki,CFO,fintech,25,0701275075
Lê Đức Linh,le.duc.linh.10324@fptsoftware.vn,FPT Software,Procurement Manager,retail,1500,0900805766
Võ Thị Dũng,vo.thi.dung.10325@gmail.com,FPT Software,CFO,fintech,120,0860655627
Phạm Hữu Trang,pham.huu.trang.10326@kiotviet.vn,KiotViet,Product Manager,software,250,0977086884
Trần Xuân Bình,tran.xuan.binh.10327@gmail.com,Shopee Vietnam,Operations Manager,fintech,120,0965183116
Dương Văn Lan,duong.van.lan.10328@gmail.com,Viet Tien Garment,Head of Finance,ecommerce,500,0862585882
Đặng Thanh Bình,dang.thanh.binh.10329@fptsoftware.vn,FPT Software,CFO,manufacturing,1500,0358636221
Nguyễn Thanh Sơn,nguyen.thanh.son.10330@viettiengarm.vn,Viet Tien Garment,Marketing Manager,software,500,0864137019
Vũ Hồng Dũng,vu.hong.dung.10331@pnj.vn,PNJ,Marketing Manager,ecommerce,250,0708117607
Bùi Hồng Châu,bui.hong.chau.10332@gmail.com,Gemadept Logistics,CTO,education,500,0351100620
Bùi Quang Tuấn,bui.quang.tuan.10333@duytanplasti.vn,Duy Tan Plastics,Marketing Manager,education,25,0328979554
Ngô Ngọc Mai,ngo.ngoc.mai.10334@gmail.com,Tiki,Marketing Manager,manufacturing,10,0701941792
Hoàng Minh Việt,hoang.minh.viet.10335@gmail.com,Tiki,CFO,ecommerce,50,0327754708
Vũ Thanh Việt,vu.thanh.viet.10336@viettiengarm.vn,Viet Tien Garment,Kế toán trưởng,logistics,1500,0975978006
Đỗ Đức Nam,do.duc.nam.10337@vngcorporati.vn,VNG Corporation,Kế toán trưởng,retail,250,0976012963
Võ Quang Giang,vo.quang.giang.10338@gmail.com,Tiki,CEO,software,500,0971082285
Ngô Xuân Nam,ngo.xuan.nam.10339@gmail.com,Shopee Vietnam,Procurement Manager,healthcare,25,0914256965
Phan Hồng Oanh,phan.hong.oanh.10340@vngcorporati.vn,VNG Corporation,CEO,fintech,250,0867266935
Nguyễn Minh Hà,nguyen.minh.ha.10341@gmail.com,Haravan,Product Manager,fintech,250,0963656752
Lý Quang Việt,ly.quang.viet.10342@haravan.vn,Haravan,CTO,education,50,0974190657
Trần Quang Việt,tran.quang.viet.10343@vinmec.vn,Vinmec,CEO,manufacturing,120,0973699521
Lê Thanh Trang,le.thanh.trang.10344@hoaphat.vn,Hoà Phát,Kế toán trưởng,retail,1500,0908092073
Đỗ Quang Linh,do.quang.linh.10345@cenland.vn,CenLand,Sales Director,software,50,0329481682
Vũ Ngọc Hà,vu.ngoc.ha.10346@gmail.com,FPT Software,CFO,education,1500,0979893991
Trần Minh Hùng,tran.minh.hung.10347@fptsoftware.vn,FPT Software,Procurement Manager,education,50,0702664249
Đỗ Quang Hà,do.quang.ha.10348@gmail.com,Base.vn,Kế toán trưởng,software,50,0934463291
Đỗ Đức Giang,do.duc.giang.10349@kiotviet.vn,KiotViet,Product Manager,manufacturing,120,0350915383
Ngô Minh Phúc,ngo.minh.phuc.10350@shopeevietna.vn,Shopee Vietnam,Head of Finance,education,1500,0932480987
Đặng Minh Trang,dang.minh.trang.10351@viettiengarm.vn,Viet Tien Garment,CTO,healthcare,25,0917902689
Bùi Minh Lan,bui.minh.lan.10352@vngcorporati.vn,VNG Corporation,Marketing Manager,fintech,25,0709389099
Đỗ Ngọc Việt,do.ngoc.viet.10353@gmail.com,Shopee Vietnam,Sales Director,retail,250,0931415023
Đặng Văn Quân,dang.van.quan.10354@pharmacity.vn,Pharmacity,Head of Finance,logistics,120,0969591763
Lý Văn Khánh,ly.van.khanh.10355@kiotviet.vn,KiotViet,Marketing Manager,healthcare,25,0905804013
Nguyễn Quang Hà,nguyen.quang.ha.10356@pharmacity.vn,Pharmacity,Kế toán trưởng,ecommerce,50,0978080519
Nguyễn Đức Lan,nguyen.duc.lan.10357@haravan.vn,Haravan,Head of Finance,fintech,120,0352735967
Lê Văn Châu,le.van.chau.10358@vinmec.vn,Vinmec,Marketing Manager,retail,10,0700790097
Đặng Hữu Phúc,dang.huu.phuc.10359@thecoffeehou.vn,The Coffee House,Sales Director,healthcare,25,0974155292
Phan Văn Bình,phan.van.binh.10360@gmail.com,Gemadept Logistics,Procurement Manager,fintech,25,0978171349
Trần Hữu Dũng,tran.huu.dung.10361@pharmacity.vn,Pharmacity,Head of Finance,healthcare,50,0967606865
Phạm Minh Hùng,pham.minh.hung.10362@topcv.vn,TopCV,CEO,retail,1500,0901212545
Lý Minh Hùng,ly.minh.hung.10363@shopeevietna.vn,Shopee Vietnam,CTO,logistics,250,0321101595
Đỗ Xuân Nam,do.xuan.nam.10364@hoaphat.vn,Hoà Phát,CTO,education,1500,0962614519
Lê Hữu Quân,le.huu.quan.10365@gmail.com,Duy Tan Plastics,CFO,software,25,0963198616
Lý Xuân Giang,ly.xuan.giang.10366@hoaphat.vn,Hoà Phát,CFO,manufacturing,1500,0905667254
Ngô Hữu Lan,ngo.huu.lan.10367@gmail.com,Viet Tien Garment,Sales Director,logistics,120,0357790812
Lê Thanh Oanh,le.thanh.oanh.10368@vngcorporati.vn,VNG Corporation,Sales Director,software,250,0357643383
Dương Hồng Hà,duong.hong.ha.10369@vinmec.vn,Vinmec,CFO,healthcare,50,0357687418
Ngô Thanh Nam,ngo.thanh.nam.10370@gmail.com,CenLand,Procurement Manager,manufacturing,25,0900791567
Hồ Ngọc Khánh,ho.ngoc.khanh.10371@thecoffeehou.vn,The Coffee House,Sales Director,logistics,50,0706620211
Trần Ngọc Nam,tran.ngoc.nam.10372@fptsoftware.vn,FPT Software,Procurement Manager,manufacturing,250,0865025422
Võ Đức Khánh,vo.duc.khanh.10373@tiki.vn,Tiki,Marketing Manager,retail,1500,0969392063
Phạm Minh Sơn,pham.minh.son.10374@gmail.com,PNJ,Sales Director,logistics,120,0963527128
Võ Ngọc Việt,vo.ngoc.viet.10375@gmail.com,Vinamilk,Sales Director,retail,120,0912868333
Võ Minh Lan,vo.minh.lan.10376@fptsoftware.vn,FPT Software,Marketing Manager,retail,250,0973467335
Lý Hữu Tuấn,ly.huu.tuan.10377@momo.vn,MoMo,CFO,manufacturing,10,0356303147
Phan Văn Khánh,phan.van.khanh.10378@shopeevietna.vn,Shopee Vietnam,CFO,software,1500,0352801807
Hồ Hồng Lan,ho.hong.lan.10379@tiki.vn,Tiki,Product Manager,ecommerce,25,0978122248
Vũ Hữu Phúc,vu.huu.phuc.10380@pharmacity.vn,Pharmacity,Sales Director,healthcare,500,0915651049
Hoàng Hồng Quân,hoang.hong.quan.10381@momo.vn,MoMo,Sales Director,software,50,0932231035
Bùi Thanh Phúc,bui.thanh.phuc.10382@vngcorporati.vn,VNG Corporation,Head of Finance,healthcare,500,0357728247
Bùi Văn Lan,bui.van.lan.10383@tiki.vn,Tiki,Marketing Manager,software,120,0967121523
Phan Ngọc Hà,phan.ngoc.ha.10384@hoaphat.vn,Hoà Phát,Procurement Manager,retail,250,0970403974
Trần Hữu Mai,tran.huu.mai.10385@shopeevietna.vn,Shopee Vietnam,CFO,ecommerce,25,0350631190
Đặng Thị Khánh,dang.thi.khanh.10386@haravan.vn,Haravan,Operations Manager,fintech,10,0964560403
Bùi Ngọc Hà,bui.ngoc.ha.10387@gmail.com,Vinamilk,Head of Finance,fintech,25,0351140739
Ngô Minh Oanh,ngo.minh.oanh.10388@viettiengarm.vn,Viet Tien Garment,Sales Director,education,10,0350415151
Phạm Minh Hùng,pham.minh.hung.10389@hoaphat.vn,Hoà Phát,Operations Manager,ecommerce,25,0862216833
Lý Minh Việt,ly.minh.viet.10390@hoaphat.vn,Hoà Phát,CFO,healthcare,500,0976105847
Lý Hồng Mai,ly.hong.mai.10391@gmail.com,Thaco Industries,Product Manager,retail,25,0355825723
Đỗ Thị Phúc,do.thi.phuc.10392@shopeevietna.vn,Shopee Vietnam,CTO,fintech,500,0967431776
Dương Xuân Mai,duong.xuan.mai.10393@thecoffeehou.vn,The Coffee House,Product Manager,fintech,10,0321994094
Võ Minh Hùng,vo.minh.hung.10394@haravan.vn,Haravan,Marketing Manager,ecommerce,500,0358198318
Võ Quang Việt,vo.quang.viet.10395@basevn.vn,Base.vn,Product Manager,logistics,10,0863264799
Vũ Thanh Sơn,vu.thanh.son.10396@hoaphat.vn,Hoà Phát,Kế toán trưởng,logistics,10,0863462018
Bùi Ngọc Việt,bui.ngoc.viet.10397@topcv.vn,TopCV,Sales Director,healthcare,50,0966565605
Ngô Hữu Mai,ngo.huu.mai.10398@shopeevietna.vn,Shopee Vietnam,CFO,ecommerce,25,0868713480
Bùi Đức Khánh,bui.duc.khanh.10399@gmail.com,Pharmacity,Operations Manager,fintech,10,0978418378
Ngô Đức Hà,ngo.duc.ha.10400@gemadeptlogi.vn,Gemadept Logistics,Kế toán trưởng,fintech,10,0708865910
Phan Quang Khánh,phan.quang.khanh.10401@tiki.vn,Tiki,Sales Director,ecommerce,250,0917313870
Vũ Ngọc Mai,vu.ngoc.mai.10402@fptsoftware.vn,FPT Software,Operations Manager,logistics,250,0701576832
Đỗ Quang Hà,do.quang.ha.10403@haravan.vn,Haravan,Procurement Manager,fintech,120,0974810199
Phạm Minh Sơn,pham.minh.son.10404@basevn.vn,Base.vn,Sales Director,ecommerce,10,0864702937
Trần Quang Quân,tran.quang.quan.10405@shopeevietna.vn,Shopee Vietnam,Head of Finance,logistics,500,0326800695
Ngô Hữu An,ngo.huu.an.10406@gmail.com,Haravan,Marketing Manager,fintech,50,0326416844
Phan Xuân An,phan.xuan.an.10407@haravan.vn,Haravan,Operations Manager,ecommerce,1500,0930070356
Hoàng Minh Tuấn,hoang.minh.tuan.10408@vinmec.vn,Vinmec,Head of Finance,manufacturing,250,0905237257
Phạm Văn Tuấn,pham.van.tuan.10409@gmail.com,CenLand,Procurement Manager,manufacturing,1500,0974247841
Trần Đức Quân,tran.duc.quan.10410@thecoffeehou.vn,The Coffee House,CTO,ecommerce,120,0936407882
Đỗ Hồng Châu,do.hong.chau.10411@viettiengarm.vn,Viet Tien Garment,CTO,ecommerce,50,0869728048
Phan Thị Nam,phan.thi.nam.10412@gmail.com,Haravan,Procurement Manager,fintech,10,0321323786
Nguyễn Thị Tâm,nguyen.thi.tam.10413@cenland.vn,CenLand,Sales Director,fintech,120,0902522631
Lý Hữu Sơn,ly.huu.son.10414@basevn.vn,Base.vn,CEO,manufacturing,25,0916548737
Phan Quang Hùng,phan.quang.hung.10415@pharmacity.vn,Pharmacity,Head of Finance,fintech,10,0701824735
Lê Thị Việt,le.thi.viet.10416@pnj.vn,PNJ,Sales Director,manufacturing,1500,0919501385
Đỗ Minh Trang,do.minh.trang.10417@cenland.vn,CenLand,Sales Director,education,50,0962009618
Phạm Thanh Châu,pham.thanh.chau.10418@gmail.com,MoMo,Product Manager,fintech,1500,0864367029
Lý Thanh Hà,ly.thanh.ha.10419@gemadeptlogi.vn,Gemadept Logistics,Procurement Manager,education,25,0965750528
Đỗ Thanh Dũng,do.thanh.dung.10420@hoaphat.vn,Hoà Phát,Procurement Manager,education,1500,0703350117
Đỗ Ngọc Quân,do.ngoc.quan.10421@basevn.vn,Base.vn,CEO,ecommerce,25,0867674103
Ngô Minh Tuấn,ngo.minh.tuan.10422@gmail.com,CenLand,Procurement Manager,manufacturing,25,0909090849
Lý Hữu Việt,ly.huu.viet.10423@gmail.com,Haravan,CTO,fintech,25,0910666663
Trần Văn Trang,tran.van.trang.10424@thacoindustr.vn,Thaco Industries,CFO,fintech,10,0708442139
Hồ Hữu An,ho.huu.an.10425@pnj.vn,PNJ,Head of Finance,ecommerce,10,0969208514
Phan Hồng Hùng,phan.hong.hung.10426@viettiengarm.vn,Viet Tien Garment,CEO,ecommerce,50,0973341768
Dương Thanh Tâm,duong.thanh.tam.10427@gmail.com,Shopee Vietnam,Procurement Manager,software,10,0326598200
Ngô Hồng Quân,ngo.hong.quan.10428@pharmacity.vn,Pharmacity,Product Manager,retail,500,0704237627
Phạm Quang Trang,pham.quang.trang.10429@basevn.vn,Base.vn,CFO,healthcare,10,0979804875
Vũ Hồng Dũng,vu.hong.dung.10430@gmail.com,Vinamilk,Product Manager,education,1500,0915164120
Dương Đức Sơn,duong.duc.son.10431@gmail.com,KiotViet,Kế toán trưởng,manufacturing,25,0977231445
Đỗ Thị Hùng,do.thi.hung.10432@gmail.com,Shopee Vietnam,CFO,software,1500,0905928319
Đặng Minh Phúc,dang.minh.phuc.10433@gmail.com,KiotViet,Sales Director,manufacturing,25,0962471796
Bùi Thanh Khánh,bui.thanh.khanh.10434@hoaphat.vn,Hoà Phát,Kế toán trưởng,education,500,0938229568
Dương Minh Quân,duong.minh.quan.10435@tiki.vn,Tiki,CEO,logistics,10,0961869072
Lý Thị Quân,ly.thi.quan.10436@duytanplasti.vn,Duy Tan Plastics,Operations Manager,fintech,120,0352743845
Đỗ Hữu Bình,do.huu.binh.10437@gmail.com,Base.vn,CFO,fintech,500,0932590283
Dương Thị Dũng,duong.thi.dung.10438@viettiengarm.vn,Viet Tien Garment,CEO,ecommerce,500,0864286789
Lê Ngọc Oanh,le.ngoc.oanh.10439@gmail.com,Pharmacity,CEO,fintech,1500,0327103031
Vũ Quang Oanh,vu.quang.oanh.10440@pnj.vn,PNJ,Kế toán trưởng,logistics,120,0919285041
Phạm Hồng Phúc,pham.hong.phuc.10441@vinmec.vn,Vinmec,Marketing Manager,software,500,0328148309
Hoàng Hữu Linh,hoang.huu.linh.10442@gmail.com,Viet Tien Garment,Kế toán trưởng,retail,25,0968451819
Nguyễn Xuân Oanh,nguyen.xuan.oanh.10443@pharmacity.vn,Pharmacity,Operations Manager,healthcare,1500,0917870224
Phan Minh Việt,phan.minh.viet.10444@thacoindustr.vn,Thaco Industries,CFO,healthcare,10,0914406251
Vũ Hồng Tâm,vu.hong.tam.10445@gmail.com,PNJ,CTO,software,500,0904241150
Phan Văn Quân,phan.van.quan.10446@fptsoftware.vn,FPT Software,Kế toán trưởng,retail,10,0911988713
Ngô Văn Bình,ngo.van.binh.10447@shopeevietna.vn,Shopee Vietnam,Marketing Manager,healthcare,250,0936810508
Bùi Ngọc Giang,bui.ngoc.giang.10448@tiki.vn,Tiki,CTO,retail,250,0938421641
Lý Hữu Tuấn,ly.huu.tuan.10449@gmail.com,The Coffee House,Operations Manager,manufacturing,250,0914358178
Bùi Thị Hùng,bui.thi.hung.10450@pnj.vn,PNJ,Marketing Manager,education,250,0969048697
Phan Thanh Hùng,phan.thanh.hung.10451@gmail.com,TopCV,Operations Manager,healthcare,50,0707865948
Đỗ Văn Mai,do.van.mai.10452@vngcorporati.vn,VNG Corporation,Sales Director,manufacturing,250,0352750897
Võ Hữu Linh,vo.huu.linh.10453@hoaphat.vn,Hoà Phát,Marketing Manager,ecommerce,500,0352299130
Vũ Ngọc Oanh,vu.ngoc.oanh.10454@topcv.vn,TopCV,CFO,fintech,120,0359181861
Ngô Văn Khánh,ngo.van.khanh.10455@cenland.vn,CenLand,CFO,healthcare,10,0355802208
Hoàng Thị Việt,hoang.thi.viet.10456@vngcorporati.vn,VNG Corporation,Marketing Manager,manufacturing,50,0910050799
Lê Thị Sơn,le.thi.son.10457@hoaphat.vn,Hoà Phát,Head of Finance,retail,500,0864772686
Phan Quang Tâm,phan.quang.tam.10458@topcv.vn,TopCV,CFO,software,25,0961261747
Hồ Văn Việt,ho.van.viet.10459@vinmec.vn,Vinmec,CEO,education,50,0931313912
Dương Minh Tâm,duong.minh.tam.10460@basevn.vn,Base.vn,Marketing Manager,manufacturing,250,0703175511
Phan Ngọc An,phan.ngoc.an.10461@gmail.com,Vinamilk,Kế toán trưởng,fintech,250,0932087565
Dương Văn An,duong.van.an.10462@duytanplasti.vn,Duy Tan Plastics,Operations Manager,retail,500,0326310206
Phạm Văn Oanh,pham.van.oanh.10463@cenland.vn,CenLand,Operations Manager,logistics,10,0352299664
Lý Hữu Oanh,ly.huu.oanh.10464@kiotviet.vn,KiotViet,CTO,retail,10,0910268244
Hồ Văn Châu,ho.van.chau.10465@gmail.com,The Coffee House,CEO,education,250,0327008611
Lý Hồng Trang,ly.hong.trang.10466@vngcorporati.vn,VNG Corporation,Head of Finance,ecommerce,25,0906705579
Bùi Hồng Hà,bui.hong.ha.10467@hoaphat.vn,Hoà Phát,CFO,education,10,0359348838
Dương Hữu Tâm,duong.huu.tam.10468@shopeevietna.vn,Shopee Vietnam,Kế toán trưởng,education,50,0326049644
Lê Hữu Lan,le.huu.lan.10469@gmail.com,KiotViet,Product Manager,software,50,0320612488
Hoàng Đức Nam,hoang.duc.nam.10470@pharmacity.vn,Pharmacity,CEO,software,25,0911690382
Lý Minh Nam,ly.minh.nam.10471@gmail.com,Base.vn,Kế toán trưởng,logistics,250,0359670247
Hồ Thanh Khánh,ho.thanh.khanh.10472@gemadeptlogi.vn,Gemadept Logistics,Sales Director,logistics,500,0914237090
Vũ Ngọc Lan,vu.ngoc.lan.10473@vinmec.vn,Vinmec,Product Manager,retail,120,0933017595
Phạm Xuân Việt,pham.xuan.viet.10474@gmail.com,Hoà Phát,Product Manager,healthcare,500,0354331097
Lê Đức Tuấn,le.duc.tuan.10475@gmail.com,Haravan,Product Manager,manufacturing,250,0933053116
Lê Quang Linh,le.quang.linh.10476@duytanplasti.vn,Duy Tan Plastics,Sales Director,fintech,120,0700891627
Hồ Hữu An,ho.huu.an.10477@gmail.com,Duy Tan Plastics,CTO,retail,50,0975148888
Ngô Thanh Việt,ngo.thanh.viet.10478@gmail.com,MoMo,Operations Manager,education,10,0973945760
Đỗ Văn Sơn,do.van.son.10479@gmail.com,MoMo,Kế toán trưởng,fintech,1500,0866077016
Vũ Minh Phúc,vu.minh.phuc.10480@cenland.vn,CenLand,Marketing Manager,logistics,1500,0701667536
Đỗ Thanh Linh,do.thanh.linh.10481@topcv.vn,TopCV,Procurement Manager,manufacturing,10,0915172277
Phạm Văn Linh,pham.van.linh.10482@kiotviet.vn,KiotViet,Operations Manager,retail,1500,0970672278
Vũ Thanh Việt,vu.thanh.viet.10483@shopeevietna.vn,Shopee Vietnam,CFO,manufacturing,25,0320560903
Võ Hữu Oanh,vo.huu.oanh.10484@momo.vn,MoMo,CTO,manufacturing,250,0918844319
Phan Xuân Khánh,phan.xuan.khanh.10485@momo.vn,MoMo,Operations Manager,logistics,250,0358267682
Đặng Hữu Châu,dang.huu.chau.10486@gemadeptlogi.vn,Gemadept Logistics,Product Manager,education,25,0966473492
Võ Thị Trang,vo.thi.trang.10487@gemadeptlogi.vn,Gemadept Logistics,CEO,logistics,1500,0358023405
Đặng Ngọc An,dang.ngoc.an.10488@gmail.com,MoMo,Operations Manager,manufacturing,1500,0910445297
Đặng Ngọc Sơn,dang.ngoc.son.10489@gmail.com,Duy Tan Plastics,Operations Manager,logistics,1500,0962932757
Ngô Ngọc Mai,ngo.ngoc.mai.10490@gmail.com,Thaco Industries,Sales Director,software,25,0932785444
Lý Thị Nam,ly.thi.nam.10491@vinmec.vn,Vinmec,CTO,retail,50,0706085821
Lê Quang Bình,le.quang.binh.10492@cenland.vn,CenLand,CEO,ecommerce,1500,0964167272
Hoàng Quang An,hoang.quang.an.10493@gmail.com,Duy Tan Plastics,Kế toán trưởng,software,250,0866859041
Ngô Hữu Linh,ngo.huu.linh.10494@cenland.vn,CenLand,Product Manager,fintech,120,0905467527
Hồ Quang Mai,ho.quang.mai.10495@gmail.com,MoMo,Product Manager,ecommerce,250,0709228270
Hoàng Đức Phúc,hoang.duc.phuc.10496@gmail.com,CenLand,Kế toán trưởng,healthcare,10,0321957997
Đặng Đức Nam,dang.duc.nam.10497@vinamilk.vn,Vinamilk,CFO,ecommerce,1500,0353946016
Phạm Minh Quân,pham.minh.quan.10498@shopeevietna.vn,Shopee Vietnam,Operations Manager,healthcare,1500,0932581886
Phạm Ngọc Châu,pham.ngoc.chau.10499@haravan.vn,Haravan,CFO,ecommerce,50,0359882531
Đặng Thanh Linh,dang.thanh.linh.10500@pharmacity.vn,Pharmacity,Head of Finance,education,500,0969154915
Đặng Đức Hùng,dang.duc.hung.10501@momo.vn,MoMo,CEO,software,25,0978874317
Đỗ Đức Châu,do.duc.chau.10502@gmail.com,Duy Tan Plastics,CFO,manufacturing,120,0864496860
Trần Hữu Quân,tran.huu.quan.10503@thecoffeehou.vn,The Coffee House,Head of Finance,manufacturing,250,0974352937
Ngô Hồng Giang,ngo.hong.giang.10504@viettiengarm.vn,Viet Tien Garment,CEO,retail,50,0916503712
Lý Quang Khánh,ly.quang.khanh.10505@pnj.vn,PNJ,CEO,education,120,0352150621
Vũ Thị An,vu.thi.an.10506@shopeevietna.vn,Shopee Vietnam,Operations Manager,fintech,10,0909365506
Trần Thanh Mai,tran.thanh.mai.10507@tiki.vn,Tiki,Procurement Manager,manufacturing,250,0908204266
Hoàng Đức Khánh,hoang.duc.khanh.10508@gmail.com,Gemadept Logistics,Marketing Manager,fintech,25,0939999876
Hồ Minh Trang,ho.minh.trang.10509@gmail.com,KiotViet,Marketing Manager,logistics,10,0912680963
Hồ Hữu Giang,ho.huu.giang.10510@gmail.com,Gemadept Logistics,Sales Director,logistics,120,0354307870
Đặng Đức Hùng,dang.duc.hung.10511@gmail.com,Tiki,Marketing Manager,manufacturing,50,0903410448
Phạm Hồng Oanh,pham.hong.oanh.10512@pnj.vn,PNJ,Kế toán trưởng,fintech,1500,0350638587
Bùi Ngọc An,bui.ngoc.an.10513@gmail.com,Shopee Vietnam,CTO,retail,500,0919900684
Ngô Đức Giang,ngo.duc.giang.10514@hoaphat.vn,Hoà Phát,Product Manager,software,1500,0704167080
Trần Thanh Phúc,tran.thanh.phuc.10515@basevn.vn,Base.vn,Kế toán trưởng,education,25,0937543111
Trần Hồng Tâm,tran.hong.tam.10516@gmail.com,CenLand,CFO,logistics,250,0707532991
Hồ Xuân An,ho.xuan.an.10517@hoaphat.vn,Hoà Phát,Operations Manager,education,50,0354895679
Bùi Quang Tuấn,bui.quang.tuan.10518@cenland.vn,CenLand,Product Manager,retail,25,0919271843
Lý Quang Quân,ly.quang.quan.10519@tiki.vn,Tiki,CTO,ecommerce,120,0978122685
Ngô Đức Nam,ngo.duc.nam.10520@gmail.com,Hoà Phát,Operations Manager,healthcare,1500,0971466810
Võ Thanh Bình,vo.thanh.binh.10521@vinamilk.vn,Vinamilk,Operations Manager,software,1500,0861879698
Lê Hữu An,le.huu.an.10522@hoaphat.vn,Hoà Phát,Product Manager,retail,250,0960974218
Đặng Hữu Sơn,dang.huu.son.10523@haravan.vn,Haravan,Product Manager,software,1500,0916361424
Võ Ngọc An,vo.ngoc.an.10524@kiotviet.vn,KiotViet,CTO,manufacturing,25,0905266308
Hồ Ngọc Oanh,ho.ngoc.oanh.10525@vinamilk.vn,Vinamilk,Operations Manager,software,120,0701137017
Đỗ Hữu Trang,do.huu.trang.10526@fptsoftware.vn,FPT Software,Operations Manager,retail,250,0860536512
Hoàng Văn Phúc,hoang.van.phuc.10527@vinamilk.vn,Vinamilk,Operations Manager,software,500,0908364797
Trần Ngọc Châu,tran.ngoc.chau.10528@gmail.com,Duy Tan Plastics,CTO,education,500,0705149231
Lý Hồng Phúc,ly.hong.phuc.10529@duytanplasti.vn,Duy Tan Plastics,Procurement Manager,ecommerce,25,0973110198
Nguyễn Đức Oanh,nguyen.duc.oanh.10530@gmail.com,VNG Corporation,Marketing Manager,manufacturing,250,0353640226
Dương Quang Tâm,duong.quang.tam.10531@cenland.vn,CenLand,Procurement Manager,fintech,10,0706277064
Phan Ngọc Việt,phan.ngoc.viet.10532@shopeevietna.vn,Shopee Vietnam,CEO,healthcare,1500,0971286392
Hoàng Văn Việt,hoang.van.viet.10533@gmail.com,FPT Software,Procurement Manager,fintech,500,0354968172
Bùi Ngọc An,bui.ngoc.an.10534@fptsoftware.vn,FPT Software,Procurement Manager,logistics,1500,0971130835
Phạm Ngọc Oanh,pham.ngoc.oanh.10535@cenland.vn,CenLand,Procurement Manager,manufacturing,50,0910790051
Trần Xuân Nam,tran.xuan.nam.10536@gmail.com,VNG Corporation,Product Manager,fintech,25,0908465002
Ngô Ngọc Việt,ngo.ngoc.viet.10537@pnj.vn,PNJ,Marketing Manager,retail,250,0912367343
Đặng Hữu Tuấn,dang.huu.tuan.10538@kiotviet.vn,KiotViet,Kế toán trưởng,fintech,10,0917549459
Lê Văn An,le.van.an.10539@pharmacity.vn,Pharmacity,CEO,manufacturing,50,0968508604
Phan Thị Mai,phan.thi.mai.10540@shopeevietna.vn,Shopee Vietnam,CTO,software,50,0351406689
Lý Thanh Tâm,ly.thanh.tam.10541@gmail.com,Viet Tien Garment,Kế toán trưởng,retail,50,0326946757
Đỗ Quang Trang,do.quang.trang.10542@gmail.com,Viet Tien Garment,Product Manager,logistics,25,0900998083
Vũ Văn Sơn,vu.van.son.10543@gmail.com,KiotViet,Kế toán trưởng,manufacturing,10,0914904539
Trần Minh Khánh,tran.minh.khanh.10544@vngcorporati.vn,VNG Corporation,CFO,fintech,50,0916364756
Nguyễn Văn Việt,nguyen.van.viet.10545@gemadeptlogi.vn,Gemadept Logistics,Head of Finance,ecommerce,50,0325440538
Đỗ Hồng Việt,do.hong.viet.10546@gmail.com,Gemadept Logistics,Kế toán trưởng,healthcare,25,0979129907
Đỗ Thị Bình,do.thi.binh.10547@gmail.com,FPT Software,Head of Finance,education,50,0968091709
Đặng Thanh Tuấn,dang.thanh.tuan.10548@gmail.com,Base.vn,CTO,manufacturing,50,0900225163
Lê Minh An,le.minh.an.10549@gmail.com,Duy Tan Plastics,Product Manager,manufacturing,1500,0904375859
Vũ Thanh Giang,vu.thanh.giang.10550@gmail.com,The Coffee House,Sales Director,fintech,50,0351780416
Bùi Minh Việt,bui.minh.viet.10551@pharmacity.vn,Pharmacity,Product Manager,manufacturing,500,0967337819
Phạm Quang Bình,pham.quang.binh.10552@duytanplasti.vn,Duy Tan Plastics,CFO,ecommerce,10,0910168065
Phạm Quang Tuấn,pham.quang.tuan.10553@gmail.com,FPT Software,Procurement Manager,healthcare,50,0977410037
Hoàng Thanh Châu,hoang.thanh.chau.10554@viettiengarm.vn,Viet Tien Garment,CFO,retail,10,0968028176
Trần Đức Quân,tran.duc.quan.10555@cenland.vn,CenLand,Marketing Manager,manufacturing,1500,0974921897
Hoàng Minh Hà,hoang.minh.ha.10556@momo.vn,MoMo,Operations Manager,manufacturing,50,0700631889
Phạm Văn Oanh,pham.van.oanh.10557@kiotviet.vn,KiotViet,Product Manager,software,120,0359242604
Ngô Thị Châu,ngo.thi.chau.10558@vinamilk.vn,Vinamilk,CEO,education,1500,0356979074
Lê Thanh Oanh,le.thanh.oanh.10559@gmail.com,Gemadept Logistics,Marketing Manager,manufacturing,50,0350464139
Đỗ Văn Sơn,do.van.son.10560@tiki.vn,Tiki,Operations Manager,fintech,25,0915750216
Bùi Thanh Sơn,bui.thanh.son.10561@vngcorporati.vn,VNG Corporation,Product Manager,software,25,0866310884
Võ Thanh Tâm,vo.thanh.tam.10562@gmail.com,The Coffee House,CTO,education,120,0322110362
Lê Quang Lan,le.quang.lan.10563@gmail.com,Shopee Vietnam,Operations Manager,software,120,0931516312
Phan Hữu Hà,phan.huu.ha.10564@gmail.com,CenLand,CFO,manufacturing,250,0355737898
Nguyễn Thanh Nam,nguyen.thanh.nam.10565@vngcorporati.vn,VNG Corporation,Product Manager,logistics,500,0918699956
Phạm Thanh Sơn,pham.thanh.son.10566@hoaphat.vn,Hoà Phát,Marketing Manager,education,1500,0902701564
Nguyễn Quang Nam,nguyen.quang.nam.10567@gmail.com,Duy Tan Plastics,CEO,retail,10,0904792166
Phan Hồng Dũng,phan.hong.dung.10568@hoaphat.vn,Hoà Phát,CEO,ecommerce,50,0977455748
Lý Hữu Việt,ly.huu.viet.10569@tiki.vn,Tiki,Product Manager,software,50,0964342464
Hồ Hữu Giang,ho.huu.giang.10570@thecoffeehou.vn,The Coffee House,CFO,fintech,120,0326939322
Đỗ Thanh Tuấn,do.thanh.tuan.10571@cenland.vn,CenLand,Procurement Manager,retail,120,0911966021
Đặng Xuân Tuấn,dang.xuan.tuan.10572@pnj.vn,PNJ,Marketing Manager,ecommerce,250,0915575051
Vũ Xuân Hùng,vu.xuan.hung.10573@thacoindustr.vn,Thaco Industries,Marketing Manager,software,250,0973327682
Nguyễn Đức Nam,nguyen.duc.nam.10574@gmail.com,MoMo,Marketing Manager,education,500,0912777688
Lý Ngọc Tâm,ly.ngoc.tam.10575@momo.vn,MoMo,Sales Director,manufacturing,500,0933010479
Dương Văn Hà,duong.van.ha.10576@gmail.com,Shopee Vietnam,Head of Finance,logistics,25,0320370864
Đặng Thanh Lan,dang.thanh.lan.10577@gmail.com,Haravan,Sales Director,logistics,50,0963005411
Nguyễn Quang Hùng,nguyen.quang.hung.10578@momo.vn,MoMo,Procurement Manager,fintech,500,0325801106
Bùi Đức Châu,bui.duc.chau.10579@fptsoftware.vn,FPT Software,Head of Finance,fintech,250,0932106517
Vũ Hữu Trang,vu.huu.trang.10580@gmail.com,FPT Software,Sales Director,healthcare,250,0322775430
Vũ Thị Tâm,vu.thi.tam.10581@vinamilk.vn,Vinamilk,CTO,software,10,0939909442
Bùi Văn Lan,bui.van.lan.10582@topcv.vn,TopCV,Marketing Manager,healthcare,120,0324884600
Trần Thị Giang,tran.thi.giang.10583@gemadeptlogi.vn,Gemadept Logistics,Product Manager,ecommerce,1500,0911386853
Trần Xuân Tuấn,tran.xuan.tuan.10584@tiki.vn,Tiki,CEO,software,500,0708425216
Phan Quang Khánh,phan.quang.khanh.10585@pnj.vn,PNJ,CTO,healthcare,120,0708937493
Dương Quang Quân,duong.quang.quan.10586@tiki.vn,Tiki,Head of Finance,ecommerce,10,0962332689
Đặng Thị Linh,dang.thi.linh.10587@hoaphat.vn,Hoà Phát,Product Manager,manufacturing,1500,0706344287
Vũ Thị Sơn,vu.thi.son.10588@gmail.com,Tiki,Sales Director,software,10,0936479329
Hoàng Xuân Tâm,hoang.xuan.tam.10589@vngcorporati.vn,VNG Corporation,CFO,manufacturing,120,0358264454
Trần Thị Linh,tran.thi.linh.10590@haravan.vn,Haravan,Head of Finance,retail,1500,0937883231
Trần Quang Châu,tran.quang.chau.10591@vinamilk.vn,Vinamilk,CFO,software,25,0908345255
Phan Văn Việt,phan.van.viet.10592@fptsoftware.vn,FPT Software,CEO,software,120,0325073116
Trần Đức An,tran.duc.an.10593@hoaphat.vn,Hoà Phát,Kế toán trưởng,retail,50,0701977529
Vũ Hữu Tâm,vu.huu.tam.10594@gemadeptlogi.vn,Gemadept Logistics,Marketing Manager,healthcare,10,0914504048
Hoàng Quang An,hoang.quang.an.10595@gmail.com,Hoà Phát,CTO,education,1500,0936065932
Đặng Thanh Bình,dang.thanh.binh.10596@gmail.com,VNG Corporation,Procurement Manager,software,500,0903401925
Võ Đức Châu,vo.duc.chau.10597@haravan.vn,Haravan,Procurement Manager,fintech,50,0866535727
Dương Xuân Lan,duong.xuan.lan.10598@cenland.vn,CenLand,Head of Finance,logistics,10,0914397453
Lý Đức Bình,ly.duc.binh.10599@kiotviet.vn,KiotViet,Sales Director,ecommerce,500,0969721986
Phạm Quang Linh,pham.quang.linh.10600@thecoffeehou.vn,The Coffee House,Procurement Manager,ecommerce,50,0359080059
Phạm Thị Dũng,pham.thi.dung.10601@gmail.com,TopCV,Kế toán trưởng,logistics,1500,0700545364
Phạm Văn Tuấn,pham.van.tuan.10602@cenland.vn,CenLand,Head of Finance,education,10,0705130913
Phan Đức Tâm,phan.duc.tam.10603@gmail.com,Thaco Industries,Product Manager,logistics,25,0900360576
Nguyễn Hữu Tâm,nguyen.huu.tam.10604@shopeevietna.vn,Shopee Vietnam,CFO,retail,1500,0356035690
Lý Quang Sơn,ly.quang.son.10605@haravan.vn,Haravan,CEO,fintech,50,0905415178
Võ Xuân Trang,vo.xuan.trang.10606@haravan.vn,Haravan,CEO,fintech,50,0917311001
Nguyễn Hồng Linh,nguyen.hong.linh.10607@basevn.vn,Base.vn,Operations Manager,manufacturing,250,0977016497
Dương Quang Phúc,duong.quang.phuc.10608@kiotviet.vn,KiotViet,CTO,software,10,0968364599
Võ Ngọc Mai,vo.ngoc.mai.10609@gmail.com,PNJ,Kế toán trưởng,ecommerce,50,0936117445
Ngô Hồng Hùng,ngo.hong.hung.10610@vinmec.vn,Vinmec,CEO,logistics,500,0322661816
Ngô Hữu Hùng,ngo.huu.hung.10611@kiotviet.vn,KiotViet,CEO,education,250,0866218987
Nguyễn Đức Trang,nguyen.duc.trang.10612@gmail.com,Duy Tan Plastics,Operations Manager,healthcare,250,0964601580
Vũ Minh Khánh,vu.minh.khanh.10613@topcv.vn,TopCV,Sales Director,ecommerce,500,0701147135
Vũ Minh An,vu.minh.an.10614@gmail.com,Viet Tien Garment,Operations Manager,manufacturing,1500,0702955355
Hồ Thị Tuấn,ho.thi.tuan.10615@fptsoftware.vn,FPT Software,Product Manager,logistics,250,0706435081
Đặng Minh Châu,dang.minh.chau.10616@thecoffeehou.vn,The Coffee House,CFO,healthcare,120,0937904240
Phan Quang Hùng,phan.quang.hung.10617@haravan.vn,Haravan,Product Manager,healthcare,250,0978305511
Võ Thị Tuấn,vo.thi.tuan.10618@shopeevietna.vn,Shopee Vietnam,Sales Director,fintech,500,0707402841
Ngô Hồng Sơn,ngo.hong.son.10619@gmail.com,Shopee Vietnam,CEO,healthcare,250,0916440169
Phạm Ngọc An,pham.ngoc.an.10620@gemadeptlogi.vn,Gemadept Logistics,Marketing Manager,fintech,50,0863567966
Đỗ Xuân Hà,do.xuan.ha.10621@momo.vn,MoMo,Product Manager,software,500,0704997114
Lê Thị Lan,le.thi.lan.10622@gemadeptlogi.vn,Gemadept Logistics,CTO,logistics,250,0939721406
Đặng Ngọc Châu,dang.ngoc.chau.10623@thacoindustr.vn,Thaco Industries,CFO,ecommerce,500,0327747738
Vũ Ngọc Giang,vu.ngoc.giang.10624@haravan.vn,Haravan,CTO,healthcare,10,0706647793
Phạm Thanh Oanh,pham.thanh.oanh.10625@gmail.com,Hoà Phát,CTO,ecommerce,50,0352162435
Lê Quang Việt,le.quang.viet.10626@vinamilk.vn,Vinamilk,CFO,fintech,500,0934750845
Đỗ Thị Lan,do.thi.lan.10627@topcv.vn,TopCV,Operations Manager,software,1500,0960245783
Ngô Ngọc Tâm,ngo.ngoc.tam.10628@vinamilk.vn,Vinamilk,Kế toán trưởng,software,25,0937761541
Vũ Hồng Quân,vu.hong.quan.10629@viettiengarm.vn,Viet Tien Garment,Operations Manager,healthcare,25,0971974349
Bùi Thị Trang,bui.thi.trang.10630@pnj.vn,PNJ,CTO,fintech,250,0916463571
Trần Minh Linh,tran.minh.linh.10631@gmail.com,Tiki,Product Manager,education,10,0930022310
Đỗ Thanh Oanh,do.thanh.oanh.10632@gmail.com,The Coffee House,Procurement Manager,software,500,0701792315
Vũ Xuân Nam,vu.xuan.nam.10633@pharmacity.vn,Pharmacity,CEO,healthcare,120,0901887595
Trần Văn Tâm,tran.van.tam.10634@vngcorporati.vn,VNG Corporation,Kế toán trưởng,logistics,10,0933995437
Lê Ngọc Giang,le.ngoc.giang.10635@vinamilk.vn,Vinamilk,Product Manager,logistics,1500,0938496382
Hồ Xuân Linh,ho.xuan.linh.10636@pharmacity.vn,Pharmacity,CFO,manufacturing,250,0979986011
Bùi Xuân Trang,bui.xuan.trang.10637@topcv.vn,TopCV,Head of Finance,manufacturing,50,0326717591
Phan Minh Bình,phan.minh.binh.10638@hoaphat.vn,Hoà Phát,CFO,retail,250,0350728099
Võ Thị Tuấn,vo.thi.tuan.10639@momo.vn,MoMo,Sales Director,retail,10,0937195862
Lê Hồng Tuấn,le.hong.tuan.10640@gmail.com,Tiki,Sales Director,ecommerce,25,0868759387
Phan Hữu Tâm,phan.huu.tam.10641@duytanplasti.vn,Duy Tan Plastics,CTO,manufacturing,120,0703591816
Trần Thị Quân,tran.thi.quan.10642@gmail.com,The Coffee House,CTO,manufacturing,1500,0909171125
Đỗ Thanh Linh,do.thanh.linh.10643@tiki.vn,Tiki,CEO,retail,50,0359402310
Hoàng Văn An,hoang.van.an.10644@thacoindustr.vn,Thaco Industries,Product Manager,logistics,1500,0329897703
Đỗ Quang Mai,do.quang.mai.10645@basevn.vn,Base.vn,Marketing Manager,retail,25,0324531754
Hồ Ngọc Giang,ho.ngoc.giang.10646@tiki.vn,Tiki,Product Manager,manufacturing,50,0931178270
Phan Ngọc Tuấn,phan.ngoc.tuan.10647@vinamilk.vn,Vinamilk,Sales Director,logistics,1500,0358380034
Hoàng Thanh Khánh,hoang.thanh.khanh.10648@gmail.com,CenLand,CFO,education,25,0905457097
Bùi Hồng Hà,bui.hong.ha.10649@hoaphat.vn,Hoà Phát,Procurement Manager,ecommerce,500,0321311626
Hoàng Quang Tâm,hoang.quang.tam.10650@vinmec.vn,Vinmec,Product Manager,software,10,0324211698
Đặng Quang An,dang.quang.an.10651@gmail.com,KiotViet,Head of Finance,fintech,250,0974755206
Bùi Minh Việt,bui.minh.viet.10652@gmail.com,PNJ,CFO,education,25,0904155707
Lý Quang Mai,ly.quang.mai.10653@gmail.com,PNJ,Head of Finance,ecommerce,500,0934004009
Võ Đức Bình,vo.duc.binh.10654@pharmacity.vn,Pharmacity,Operations Manager,software,10,0869144891
Vũ Hồng Quân,vu.hong.quan.10655@vngcorporati.vn,VNG Corporation,Sales Director,manufacturing,120,0327574515
Phan Xuân Tuấn,phan.xuan.tuan.10656@gmail.com,CenLand,Head of Finance,manufacturing,120,0913670383
Dương Hữu An,duong.huu.an.10657@vngcorporati.vn,VNG Corporation,Product Manager,manufacturing,500,0324579271
Ngô Xuân Tâm,ngo.xuan.tam.10658@pharmacity.vn,Pharmacity,Sales Director,retail,1500,0961563755
Trần Xuân Quân,tran.xuan.quan.10659@basevn.vn,Base.vn,CEO,manufacturing,10,0915382964
Phạm Xuân An,pham.xuan.an.10660@topcv.vn,TopCV,Kế toán trưởng,manufacturing,25,0973819504
Đặng Quang Quân,dang.quang.quan.10661@vinamilk.vn,Vinamilk,Procurement Manager,education,25,0329209624
Lê Xuân Hà,le.xuan.ha.10662@gmail.com,FPT Software,CTO,healthcare,25,0939333194
Lê Đức Oanh,le.duc.oanh.10663@momo.vn,MoMo,CTO,education,250,0357494810
Đặng Đức Tuấn,dang.duc.tuan.10664@gmail.com,Haravan,Head of Finance,retail,1500,0933207256
Phan Thị Trang,phan.thi.trang.10665@vinamilk.vn,Vinamilk,CFO,software,500,0937726707
Lý Đức Hùng,ly.duc.hung.10666@basevn.vn,Base.vn,Sales Director,fintech,250,0707238190
Võ Thanh Oanh,vo.thanh.oanh.10667@gmail.com,Hoà Phát,Product Manager,fintech,500,0902740656
Ngô Thanh Linh,ngo.thanh.linh.10668@shopeevietna.vn,Shopee Vietnam,Product Manager,fintech,500,0971091501
Ngô Hồng Châu,ngo.hong.chau.10669@basevn.vn,Base.vn,Sales Director,healthcare,120,0908504157
Hoàng Thanh Mai,hoang.thanh.mai.10670@thacoindustr.vn,Thaco Industries,CEO,ecommerce,500,0709257315
Bùi Xuân An,bui.xuan.an.10671@vinmec.vn,Vinmec,Head of Finance,healthcare,50,0965450569
Đặng Hữu Hùng,dang.huu.hung.10672@topcv.vn,TopCV,Head of Finance,fintech,25,0326596908
Phạm Xuân Quân,pham.xuan.quan.10673@gmail.com,FPT Software,Procurement Manager,retail,500,0700057647
Phạm Hữu Quân,pham.huu.quan.10674@gmail.com,Pharmacity,Product Manager,fintech,25,0327203868
Phan Quang Oanh,phan.quang.oanh.10675@vinmec.vn,Vinmec,CFO,logistics,25,0975778376
Nguyễn Quang Quân,nguyen.quang.quan.10676@gmail.com,CenLand,CFO,software,50,0974934221
Đỗ Thanh Giang,do.thanh.giang.10677@thacoindustr.vn,Thaco Industries,Kế toán trưởng,fintech,500,0866690658
Dương Ngọc Dũng,duong.ngoc.dung.10678@haravan.vn,Haravan,Sales Director,retail,120,0358348497
Võ Quang Hà,vo.quang.ha.10679@vngcorporati.vn,VNG Corporation,CFO,education,1500,0930510990
Đặng Đức Hùng,dang.duc.hung.10680@gmail.com,Vinamilk,CEO,education,1500,0703609177
Đỗ Minh Trang,do.minh.trang.10681@topcv.vn,TopCV,Operations Manager,ecommerce,250,0862263928
Hồ Đức Sơn,ho.duc.son.10682@pnj.vn,PNJ,Head of Finance,logistics,50,0864007117
Lê Hữu Phúc,le.huu.phuc.10683@gmail.com,Haravan,Head of Finance,ecommerce,1500,0867167330
Đặng Minh An,dang.minh.an.10684@fptsoftware.vn,FPT Software,Sales Director,logistics,500,0355678737
Hoàng Thị Hùng,hoang.thi.hung.10685@momo.vn,MoMo,Marketing Manager,healthcare,250,0325119795
Trần Văn Quân,tran.van.quan.10686@gmail.com,Pharmacity,CEO,retail,50,0966656661
Nguyễn Hồng Hà,nguyen.hong.ha.10687@gmail.com,Haravan,CEO,ecommerce,25,0912207050
Hoàng Thanh Châu,hoang.thanh.chau.10688@topcv.vn,TopCV,Operations Manager,healthcare,250,0966054628
Vũ Xuân Sơn,vu.xuan.son.10689@gmail.com,KiotViet,CFO,software,1500,0350553000
Võ Thanh Giang,vo.thanh.giang.10690@gmail.com,Tiki,Product Manager,fintech,25,0979945852
Vũ Hồng Giang,vu.hong.giang.10691@duytanplasti.vn,Duy Tan Plastics,CTO,manufacturing,120,0960923764
Đỗ Văn Hà,do.van.ha.10692@topcv.vn,TopCV,Head of Finance,education,120,0704804601
Vũ Văn Trang,vu.van.trang.10693@gmail.com,FPT Software,Marketing Manager,logistics,500,0937435013
Vũ Ngọc Tuấn,vu.ngoc.tuan.10694@pharmacity.vn,Pharmacity,CTO,retail,120,0936521222
Đặng Thanh Bình,dang.thanh.binh.10695@gmail.com,Hoà Phát,CFO,fintech,120,0862343784
Vũ Ngọc Việt,vu.ngoc.viet.10696@gmail.com,Thaco Industries,Head of Finance,education,25,0937750986
Hoàng Đức Oanh,hoang.duc.oanh.10697@gmail.com,TopCV,CEO,software,500,0905082765
Đỗ Hữu Hùng,do.huu.hung.10698@pnj.vn,PNJ,Product Manager,ecommerce,250,0868209894
Phan Xuân Linh,phan.xuan.linh.10699@haravan.vn,Haravan,Sales Director,healthcare,1500,0865149239
Dương Hồng Lan,duong.hong.lan.10700@pharmacity.vn,Pharmacity,Marketing Manager,fintech,120,0939698045
Vũ Minh An,vu.minh.an.10701@gmail.com,FPT Software,Kế toán trưởng,fintech,1500,0932121141
Trần Xuân Khánh,tran.xuan.khanh.10702@gmail.com,Tiki,Product Manager,manufacturing,500,0320326607
Trần Minh Mai,tran.minh.mai.10703@gmail.com,Viet Tien Garment,Kế toán trưởng,ecommerce,250,0932443940
Dương Đức Phúc,duong.duc.phuc.10704@gmail.com,Vinamilk,Sales Director,retail,25,0937145450
Đặng Xuân Khánh,dang.xuan.khanh.10705@gemadeptlogi.vn,Gemadept Logistics,Operations Manager,education,10,0967947958
Lý Thanh Hùng,ly.thanh.hung.10706@fptsoftware.vn,FPT Software,Operations Manager,software,50,0932660962
Hồ Thanh Tâm,ho.thanh.tam.10707@gemadeptlogi.vn,Gemadept Logistics,Sales Director,healthcare,1500,0976652766
Dương Ngọc Linh,duong.ngoc.linh.10708@fptsoftware.vn,FPT Software,Head of Finance,fintech,250,0970620261
Đỗ Thị Trang,do.thi.trang.10709@gmail.com,The Coffee House,Product Manager,healthcare,1500,0321912579
Trần Văn An,tran.van.an.10710@vinamilk.vn,Vinamilk,CEO,education,10,0909382812
Trần Xuân Mai,tran.xuan.mai.10711@fptsoftware.vn,FPT Software,Sales Director,software,1500,0869311741
Hồ Quang Sơn,ho.quang.son.10712@gmail.com,PNJ,Product Manager,manufacturing,120,0864753010
Hồ Thị Hà,ho.thi.ha.10713@shopeevietna.vn,Shopee Vietnam,CTO,logistics,50,0933864280
Trần Thị Hà,tran.thi.ha.10714@pnj.vn,PNJ,CFO,ecommerce,10,0970728692
Phạm Hồng Linh,pham.hong.linh.10715@gmail.com,Gemadept Logistics,CTO,fintech,120,0900141191
Dương Thị Bình,duong.thi.binh.10716@thecoffeehou.vn,The Coffee House,Sales Director,ecommerce,10,0911077653
Hoàng Thị Phúc,hoang.thi.phuc.10717@basevn.vn,Base.vn,Kế toán trưởng,healthcare,120,0969764707
Nguyễn Thị Phúc,nguyen.thi.phuc.10718@haravan.vn,Haravan,Product Manager,manufacturing,250,0973053217
Nguyễn Thanh Khánh,nguyen.thanh.khanh.10719@gmail.com,The Coffee House,Head of Finance,ecommerce,250,0323710528
Vũ Hồng Việt,vu.hong.viet.10720@gmail.com,Viet Tien Garment,Head of Finance,manufacturing,500,0865438830
Lý Đức Trang,ly.duc.trang.10721@kiotviet.vn,KiotViet,Kế toán trưởng,healthcare,10,0321324258
Phan Ngọc Giang,phan.ngoc.giang.10722@hoaphat.vn,Hoà Phát,CFO,retail,120,0358870688
Lê Hồng Trang,le.hong.trang.10723@viettiengarm.vn,Viet Tien Garment,Operations Manager,education,1500,0961017930
Lê Hồng Giang,le.hong.giang.10724@pnj.vn,PNJ,Procurement Manager,software,500,0709352106
Lê Minh Nam,le.minh.nam.10725@gmail.com,Duy Tan Plastics,Marketing Manager,retail,250,0709638036
Võ Xuân Khánh,vo.xuan.khanh.10726@cenland.vn,CenLand,Marketing Manager,manufacturing,25,0933222183
Trần Hữu Quân,tran.huu.quan.10727@shopeevietna.vn,Shopee Vietnam,Operations Manager,software,120,0322055269
Bùi Đức Hà,bui.duc.ha.10728@topcv.vn,TopCV,Operations Manager,software,120,0966864521
Hồ Minh Sơn,ho.minh.son.10729@pnj.vn,PNJ,Sales Director,logistics,50,0323753869
Phạm Thanh Châu,pham.thanh.chau.10730@pharmacity.vn,Pharmacity,Sales Director,fintech,1500,0706902359
Nguyễn Hồng Việt,nguyen.hong.viet.10731@haravan.vn,Haravan,Product Manager,manufacturing,50,0706959219
Lê Xuân Trang,le.xuan.trang.10732@fptsoftware.vn,FPT Software,CFO,ecommerce,50,0964334896
Nguyễn Hữu Sơn,nguyen.huu.son.10733@gemadeptlogi.vn,Gemadept Logistics,CEO,education,1500,0909952206
Nguyễn Hồng Bình,nguyen.hong.binh.10734@viettiengarm.vn,Viet Tien Garment,Product Manager,manufacturing,10,0863264871
Hoàng Hữu Dũng,hoang.huu.dung.10735@pnj.vn,PNJ,Product Manager,fintech,1500,0861256561
Võ Quang Phúc,vo.quang.phuc.10736@tiki.vn,Tiki,Kế toán trưởng,manufacturing,10,0917214810
Hồ Văn Khánh,ho.van.khanh.10737@gmail.com,Pharmacity,Kế toán trưởng,fintech,120,0960849399
Lý Minh Mai,ly.minh.mai.10738@gmail.com,CenLand,CFO,software,25,0350804518
Đặng Xuân Bình,dang.xuan.binh.10739@pnj.vn,PNJ,CTO,logistics,50,0353840688
Phan Thanh Sơn,phan.thanh.son.10740@gmail.com,Hoà Phát,CFO,manufacturing,250,0356196604
Phạm Quang Nam,pham.quang.nam.10741@thecoffeehou.vn,The Coffee House,Sales Director,fintech,500,0932181692
Phan Hồng Oanh,phan.hong.oanh.10742@pnj.vn,PNJ,Operations Manager,education,500,0912364511
Phạm Minh Việt,pham.minh.viet.10743@gemadeptlogi.vn,Gemadept Logistics,Product Manager,healthcare,25,0351013174
Phạm Xuân Giang,pham.xuan.giang.10744@gemadeptlogi.vn,Gemadept Logistics,Kế toán trưởng,healthcare,250,0701358493
Lê Hữu Oanh,le.huu.oanh.10745@vinamilk.vn,Vinamilk,CTO,education,50,0352529123
Lý Quang Mai,ly.quang.mai.10746@gmail.com,CenLand,Marketing Manager,healthcare,50,0860660027
Đỗ Xuân Hùng,do.xuan.hung.10747@gmail.com,Base.vn,CTO,healthcare,1500,0970140333
Lý Thị Sơn,ly.thi.son.10748@gemadeptlogi.vn,Gemadept Logistics,Product Manager,software,10,0907558106
Nguyễn Ngọc Châu,nguyen.ngoc.chau.10749@duytanplasti.vn,Duy Tan Plastics,CTO,healthcare,500,0904378698
Phan Đức Việt,phan.duc.viet.10750@fptsoftware.vn,FPT Software,Procurement Manager,education,25,0328110874
Phạm Ngọc Giang,pham.ngoc.giang.10751@momo.vn,MoMo,Procurement Manager,retail,25,0976455055
Võ Ngọc Linh,vo.ngoc.linh.10752@cenland.vn,CenLand,CEO,healthcare,25,0706164895
Đặng Văn Phúc,dang.van.phuc.10753@gmail.com,Hoà Phát,CEO,retail,1500,0701310489
Hồ Quang Linh,ho.quang.linh.10754@haravan.vn,Haravan,Head of Finance,healthcare,500,0902673285
Trần Đức Sơn,tran.duc.son.10755@gemadeptlogi.vn,Gemadept Logistics,Sales Director,logistics,250,0700208755
Trần Minh An,tran.minh.an.10756@basevn.vn,Base.vn,Head of Finance,ecommerce,250,0329024388
Ngô Đức Linh,ngo.duc.linh.10757@basevn.vn,Base.vn,Marketing Manager,logistics,120,0913665735
Hồ Quang Hùng,ho.quang.hung.10758@thecoffeehou.vn,The Coffee House,CFO,logistics,120,0979782458
Bùi Ngọc Nam,bui.ngoc.nam.10759@gmail.com,PNJ,Marketing Manager,fintech,500,0902800255
Trần Hữu Oanh,tran.huu.oanh.10760@gmail.com,KiotViet,CEO,software,25,0909038319
Đỗ Đức Châu,do.duc.chau.10761@tiki.vn,Tiki,Operations Manager,education,120,0705995405
Bùi Hồng Việt,bui.hong.viet.10762@tiki.vn,Tiki,Kế toán trưởng,ecommerce,1500,0976361876
Lê Minh Bình,le.minh.binh.10763@fptsoftware.vn,FPT Software,Kế toán trưởng,software,500,0352817023
Bùi Xuân Khánh,bui.xuan.khanh.10764@gmail.com,Shopee Vietnam,Product Manager,software,50,0706260990
Võ Minh Tuấn,vo.minh.tuan.10765@gmail.com,Viet Tien Garment,Kế toán trưởng,healthcare,25,0912599817
Hồ Thanh Dũng,ho.thanh.dung.10766@shopeevietna.vn,Shopee Vietnam,CEO,manufacturing,1500,0354119255
Dương Ngọc Phúc,duong.ngoc.phuc.10767@vngcorporati.vn,VNG Corporation,CEO,ecommerce,50,0904503279
Võ Quang Mai,vo.quang.mai.10768@cenland.vn,CenLand,Head of Finance,logistics,25,0352971818
Võ Văn Lan,vo.van.lan.10769@gmail.com,KiotViet,Procurement Manager,fintech,25,0909687439
Dương Hồng Dũng,duong.hong.dung.10770@thacoindustr.vn,Thaco Industries,Operations Manager,education,10,0913217170
Võ Thị Nam,vo.thi.nam.10771@pnj.vn,PNJ,CEO,manufacturing,500,0320774827
Hồ Xuân Linh,ho.xuan.linh.10772@topcv.vn,TopCV,Marketing Manager,logistics,10,0967653261
Hoàng Văn Nam,hoang.van.nam.10773@vinamilk.vn,Vinamilk,Sales Director,education,1500,0902519470
Vũ Minh Hùng,vu.minh.hung.10774@thacoindustr.vn,Thaco Industries,CEO,retail,25,0353851093
Lê Đức Trang,le.duc.trang.10775@kiotviet.vn,KiotViet,CTO,logistics,500,0960149913
Dương Ngọc Linh,duong.ngoc.linh.10776@gmail.com,Gemadept Logistics,Procurement Manager,manufacturing,10,0862246289
Đỗ Đức Việt,do.duc.viet.10777@pharmacity.vn,Pharmacity,CEO,fintech,10,0970425457
Trần Văn Oanh,tran.van.oanh.10778@gmail.com,MoMo,Kế toán trưởng,education,1500,0322161486
Dương Ngọc Nam,duong.ngoc.nam.10779@viettiengarm.vn,Viet Tien Garment,CTO,manufacturing,500,0908881722
Nguyễn Minh Hùng,nguyen.minh.hung.10780@pharmacity.vn,Pharmacity,Kế toán trưởng,healthcare,50,0919222894
Vũ Xuân Giang,vu.xuan.giang.10781@gmail.com,Viet Tien Garment,CEO,retail,25,0864350512
Đỗ Minh Linh,do.minh.linh.10782@vinamilk.vn,Vinamilk,Product Manager,healthcare,250,0933324212
Võ Minh Bình,vo.minh.binh.10783@gemadeptlogi.vn,Gemadept Logistics,Product Manager,logistics,25,0709956080
Dương Quang Hùng,duong.quang.hung.10784@thacoindustr.vn,Thaco Industries,Product Manager,software,250,0919421933
Ngô Thanh Bình,ngo.thanh.binh.10785@vngcorporati.vn,VNG Corporation,Operations Manager,software,10,0352331297
Nguyễn Ngọc Trang,nguyen.ngoc.trang.10786@gmail.com,PNJ,Kế toán trưởng,education,250,0918391110
Phạm Ngọc Tâm,pham.ngoc.tam.10787@vinamilk.vn,Vinamilk,Operations Manager,logistics,50,0352115449
Hoàng Minh An,hoang.minh.an.10788@shopeevietna.vn,Shopee Vietnam,Marketing Manager,ecommerce,1500,0327076899
Võ Hữu Châu,vo.huu.chau.10789@topcv.vn,TopCV,Kế toán trưởng,software,50,0911176479
Vũ Đức Lan,vu.duc.lan.10790@gmail.com,Vinmec,Marketing Manager,fintech,10,0320918731
Lý Minh Khánh,ly.minh.khanh.10791@tiki.vn,Tiki,CTO,fintech,10,0975603499
Hồ Xuân Châu,ho.xuan.chau.10792@gmail.com,Pharmacity,Sales Director,software,50,0359818968
Nguyễn Văn Châu,nguyen.van.chau.10793@gmail.com,Haravan,Marketing Manager,retail,10,0970714993
Đỗ Ngọc Phúc,do.ngoc.phuc.10794@viettiengarm.vn,Viet Tien Garment,Kế toán trưởng,software,10,0931832265
Trần Minh Phúc,tran.minh.phuc.10795@haravan.vn,Haravan,Head of Finance,software,1500,0931079998
Nguyễn Hồng Trang,nguyen.hong.trang.10796@tiki.vn,Tiki,Kế toán trưởng,fintech,50,0702957092
Phan Quang Châu,phan.quang.chau.10797@gmail.com,Pharmacity,CEO,logistics,250,0866794036
Bùi Thanh Mai,bui.thanh.mai.10798@haravan.vn,Haravan,Product Manager,manufacturing,1500,0935783796
Đỗ Văn An,do.van.an.10799@topcv.vn,TopCV,Procurement Manager,retail,10,0868081201
Vũ Hữu Hà,vu.huu.ha.10800@gmail.com,KiotViet,CEO,healthcare,500,0704876283
Vũ Hữu Oanh,vu.huu.oanh.10801@gmail.com,Haravan,Operations Manager,fintech,10,0932183584
Phạm Thanh Dũng,pham.thanh.dung.10802@gmail.com,Duy Tan Plastics,CFO,fintech,1500,0708419207
Võ Văn Khánh,vo.van.khanh.10803@momo.vn,MoMo,CFO,retail,120,0704125331
Dương Hồng Mai,duong.hong.mai.10804@gmail.com,Haravan,Sales Director,ecommerce,10,0916721498
Đặng Hữu An,dang.huu.an.10805@hoaphat.vn,Hoà Phát,Operations Manager,education,50,0903780704
Nguyễn Hồng Hà,nguyen.hong.ha.10806@thecoffeehou.vn,The Coffee House,Sales Director,retail,250,0913304333
Bùi Quang Oanh,bui.quang.oanh.10807@gmail.com,PNJ,CFO,software,10,0359572851
Đặng Thanh An,dang.thanh.an.10808@hoaphat.vn,Hoà Phát,Head of Finance,software,500,0700328290
Vũ Hồng Sơn,vu.hong.son.10809@kiotviet.vn,KiotViet,Marketing Manager,logistics,500,0862206979
Dương Xuân Dũng,duong.xuan.dung.10810@viettiengarm.vn,Viet Tien Garment,CFO,manufacturing,10,0868197524
Hồ Văn Sơn,ho.van.son.10811@basevn.vn,Base.vn,CFO,education,50,0960440870
Phan Thanh Việt,phan.thanh.viet.10812@pnj.vn,PNJ,Product Manager,fintech,500,0707845905
Hồ Thanh Trang,ho.thanh.trang.10813@basevn.vn,Base.vn,CTO,education,25,0932574172
Lê Minh Châu,le.minh.chau.10814@vngcorporati.vn,VNG Corporation,Head of Finance,fintech,120,0352816735
Hồ Đức An,ho.duc.an.10815@basevn.vn,Base.vn,Procurement Manager,education,25,0902313485
Phạm Ngọc Việt,pham.ngoc.viet.10816@gmail.com,VNG Corporation,Operations Manager,fintech,250,0974082550
Hồ Hồng Hà,ho.hong.ha.10817@shopeevietna.vn,Shopee Vietnam,Sales Director,software,250,0704788578
Lý Thanh Hà,ly.thanh.ha.10818@gmail.com,VNG Corporation,Sales Director,education,10,0933755864
Bùi Văn Sơn,bui.van.son.10819@topcv.vn,TopCV,Marketing Manager,manufacturing,500,0965887785
Võ Hồng Tâm,vo.hong.tam.10820@gmail.com,FPT Software,Marketing Manager,software,250,0867488779
Trần Hữu Sơn,tran.huu.son.10821@gmail.com,The Coffee House,Kế toán trưởng,manufacturing,250,0326715075
Ngô Quang Oanh,ngo.quang.oanh.10822@vngcorporati.vn,VNG Corporation,Product Manager,healthcare,50,0972510567
Đặng Quang Tâm,dang.quang.tam.10823@gmail.com,Hoà Phát,Head of Finance,logistics,500,0972941888
Phan Xuân An,phan.xuan.an.10824@gmail.com,KiotViet,CTO,software,10,0918889003
Bùi Văn Mai,bui.van.mai.10825@fptsoftware.vn,FPT Software,Procurement Manager,ecommerce,250,0930798216
Lê Thanh Linh,le.thanh.linh.10826@cenland.vn,CenLand,Sales Director,software,1500,0933742673
Vũ Thanh Linh,vu.thanh.linh.10827@fptsoftware.vn,FPT Software,CFO,healthcare,25,0328409028
Phạm Văn Hà,pham.van.ha.10828@vngcorporati.vn,VNG Corporation,Marketing Manager,ecommerce,1500,0979887308
Bùi Văn Hùng,bui.van.hung.10829@momo.vn,MoMo,Procurement Manager,manufacturing,120,0931101404
Võ Ngọc Giang,vo.ngoc.giang.10830@shopeevietna.vn,Shopee Vietnam,CEO,education,25,0913264774
Đỗ Minh Giang,do.minh.giang.10831@fptsoftware.vn,FPT Software,Operations Manager,logistics,250,0869018814
Đỗ Đức Bình,do.duc.binh.10832@hoaphat.vn,Hoà Phát,CFO,fintech,1500,0702769931
Đỗ Ngọc Hà,do.ngoc.ha.10833@gmail.com,Gemadept Logistics,CEO,logistics,50,0861473379
Đỗ Hồng Hùng,do.hong.hung.10834@gmail.com,Viet Tien Garment,Product Manager,software,250,0935312367
Đặng Quang Mai,dang.quang.mai.10835@cenland.vn,CenLand,CEO,fintech,1500,0935108048
Bùi Hữu Quân,bui.huu.quan.10836@gmail.com,FPT Software,Kế toán trưởng,retail,25,0904449646
Bùi Văn Dũng,bui.van.dung.10837@vinamilk.vn,Vinamilk,Operations Manager,software,500,0359124709
Đặng Đức Trang,dang.duc.trang.10838@cenland.vn,CenLand,Kế toán trưởng,fintech,25,0704229211
Lý Quang Dũng,ly.quang.dung.10839@vinamilk.vn,Vinamilk,Kế toán trưởng,healthcare,250,0353113831
Đặng Thanh Mai,dang.thanh.mai.10840@gmail.com,Vinamilk,Marketing Manager,manufacturing,500,0969098634
Nguyễn Thị Oanh,nguyen.thi.oanh.10841@thecoffeehou.vn,The Coffee House,Kế toán trưởng,ecommerce,250,0917028588
Dương Minh Quân,duong.minh.quan.10842@fptsoftware.vn,FPT Software,Product Manager,education,250,0967253625
Hoàng Hồng Tuấn,hoang.hong.tuan.10843@duytanplasti.vn,Duy Tan Plastics,Kế toán trưởng,healthcare,1500,0936736326
Bùi Thị Bình,bui.thi.binh.10844@duytanplasti.vn,Duy Tan Plastics,Operations Manager,healthcare,10,0932227154
Dương Ngọc Giang,duong.ngoc.giang.10845@duytanplasti.vn,Duy Tan Plastics,Procurement Manager,healthcare,25,0354111766
Đỗ Đức Mai,do.duc.mai.10846@viettiengarm.vn,Viet Tien Garment,Marketing Manager,education,250,0907486402
Trần Văn Quân,tran.van.quan.10847@basevn.vn,Base.vn,Head of Finance,software,250,0707717122
Ngô Văn An,ngo.van.an.10848@thacoindustr.vn,Thaco Industries,Marketing Manager,healthcare,50,0359572489
Bùi Quang Tâm,bui.quang.tam.10849@gmail.com,Vinmec,Procurement Manager,ecommerce,10,0974138218
Đặng Thanh An,dang.thanh.an.10850@gmail.com,MoMo,CFO,healthcare,25,0939790918
Nguyễn Văn Hùng,nguyen.van.hung.10851@gmail.com,Hoà Phát,Sales Director,ecommerce,500,0352592687
Dương Minh Phúc,duong.minh.phuc.10852@gmail.com,Gemadept Logistics,Kế toán trưởng,education,25,0359914167
Đỗ Thị Oanh,do.thi.oanh.10853@gmail.com,FPT Software,CTO,ecommerce,10,0901729369
Nguyễn Thanh An,nguyen.thanh.an.10854@fptsoftware.vn,FPT Software,Kế toán trưởng,fintech,50,0938310018
Đặng Thanh An,dang.thanh.an.10855@duytanplasti.vn,Duy Tan Plastics,Product Manager,software,25,0904524840
Vũ Văn Hà,vu.van.ha.10856@gmail.com,Pharmacity,Sales Director,education,250,0932453895
Đặng Minh Khánh,dang.minh.khanh.10857@hoaphat.vn,Hoà Phát,Head of Finance,education,250,0704435693
Phạm Minh An,pham.minh.an.10858@haravan.vn,Haravan,Procurement Manager,healthcare,250,0706117609
Phan Minh Nam,phan.minh.nam.10859@gmail.com,VNG Corporation,Sales Director,education,120,0973068751
Lê Văn Lan,le.van.lan.10860@pharmacity.vn,Pharmacity,Operations Manager,logistics,500,0356750051
Ngô Hữu Quân,ngo.huu.quan.10861@gmail.com,Tiki,CEO,ecommerce,25,0352154265
Hoàng Thanh Phúc,hoang.thanh.phuc.10862@duytanplasti.vn,Duy Tan Plastics,Sales Director,manufacturing,500,0351997643
Bùi Minh Trang,bui.minh.trang.10863@duytanplasti.vn,Duy Tan Plastics,Marketing Manager,ecommerce,120,0866719323
Đặng Hồng Khánh,dang.hong.khanh.10864@gmail.com,Haravan,Procurement Manager,manufacturing,1500,0937603465
Hoàng Minh Mai,hoang.minh.mai.10865@cenland.vn,CenLand,Kế toán trưởng,retail,1500,0967467762
Nguyễn Thanh Châu,nguyen.thanh.chau.10866@thecoffeehou.vn,The Coffee House,CFO,ecommerce,120,0936768034
Ngô Thanh Hùng,ngo.thanh.hung.10867@tiki.vn,Tiki,Sales Director,ecommerce,10,0913890180
Bùi Văn Sơn,bui.van.son.10868@gmail.com,Hoà Phát,Operations Manager,software,25,0974913896
Dương Hữu Trang,duong.huu.trang.10869@gemadeptlogi.vn,Gemadept Logistics,Operations Manager,education,1500,0910220776
Trần Hữu Hùng,tran.huu.hung.10870@gmail.com,TopCV,Product Manager,ecommerce,120,0934399799
Vũ Xuân Lan,vu.xuan.lan.10871@gmail.com,Pharmacity,Sales Director,retail,120,0961058676
Võ Hồng Quân,vo.hong.quan.10872@duytanplasti.vn,Duy Tan Plastics,Head of Finance,fintech,50,0350756200
Phạm Xuân Lan,pham.xuan.lan.10873@pnj.vn,PNJ,Kế toán trưởng,software,50,0325286653
Bùi Quang Tâm,bui.quang.tam.10874@vinmec.vn,Vinmec,CEO,manufacturing,50,0976111268
Nguyễn Minh Trang,nguyen.minh.trang.10875@gemadeptlogi.vn,Gemadept Logistics,Sales Director,software,25,0931833728
Phạm Đức Quân,pham.duc.quan.10876@gmail.com,Tiki,Head of Finance,retail,50,0937996076
Ngô Minh Tâm,ngo.minh.tam.10877@gmail.com,VNG Corporation,CEO,ecommerce,25,0862645003
Phạm Thị Quân,pham.thi.quan.10878@gmail.com,Thaco Industries,Product Manager,ecommerce,50,0353890458
Nguyễn Quang Hùng,nguyen.quang.hung.10879@viettiengarm.vn,Viet Tien Garment,Head of Finance,retail,25,0913054102
Trần Quang Oanh,tran.quang.oanh.10880@hoaphat.vn,Hoà Phát,Kế toán trưởng,software,120,0707880966
Nguyễn Xuân Lan,nguyen.xuan.lan.10881@duytanplasti.vn,Duy Tan Plastics,Kế toán trưởng,retail,50,0358435331
Ngô Thanh Dũng,ngo.thanh.dung.10882@vngcorporati.vn,VNG Corporation,CTO,healthcare,50,0355231951
Dương Hồng Hùng,duong.hong.hung.10883@gmail.com,Vinamilk,CFO,ecommerce,500,0869692098
Bùi Đức Mai,bui.duc.mai.10884@duytanplasti.vn,Duy Tan Plastics,Procurement Manager,healthcare,1500,0961885150
Hoàng Xuân Mai,hoang.xuan.mai.10885@pnj.vn,PNJ,CEO,manufacturing,120,0915757112
Phan Xuân Bình,phan.xuan.binh.10886@viettiengarm.vn,Viet Tien Garment,CTO,education,500,0963097579
Đặng Thị Việt,dang.thi.viet.10887@shopeevietna.vn,Shopee Vietnam,Operations Manager,education,1500,0908825919
Hoàng Xuân Bình,hoang.xuan.binh.10888@basevn.vn,Base.vn,Product Manager,manufacturing,10,0356787552
Lê Ngọc Dũng,le.ngoc.dung.10889@gmail.com,Hoà Phát,Kế toán trưởng,logistics,1500,0866159329
Vũ Văn Giang,vu.van.giang.10890@kiotviet.vn,KiotViet,CFO,ecommerce,1500,0910157454
Hoàng Quang Phúc,hoang.quang.phuc.10891@fptsoftware.vn,FPT Software,Marketing Manager,education,25,0706561896
Phạm Thanh Lan,pham.thanh.lan.10892@pharmacity.vn,Pharmacity,Kế toán trưởng,ecommerce,250,0912532576
Phạm Thị Sơn,pham.thi.son.10893@hoaphat.vn,Hoà Phát,CTO,retail,1500,0904306155
Vũ Văn Giang,vu.van.giang.10894@vinamilk.vn,Vinamilk,CTO,fintech,1500,0975201073
Hồ Văn Giang,ho.van.giang.10895@kiotviet.vn,KiotViet,Product Manager,manufacturing,50,0324080955
Hồ Ngọc Tuấn,ho.ngoc.tuan.10896@gmail.com,Thaco Industries,CFO,logistics,250,0973906261
Trần Quang Oanh,tran.quang.oanh.10897@gmail.com,Vinmec,Kế toán trưởng,fintech,50,0353523876
Nguyễn Xuân Linh,nguyen.xuan.linh.10898@gmail.com,Gemadept Logistics,Operations Manager,healthcare,10,0352363495
Nguyễn Hữu Phúc,nguyen.huu.phuc.10899@gmail.com,VNG Corporation,Kế toán trưởng,education,50,0977293477
Bùi Thị Tuấn,bui.thi.tuan.10900@duytanplasti.vn,Duy Tan Plastics,Marketing Manager,logistics,250,0328199059
Đặng Hồng Quân,dang.hong.quan.10901@gmail.com,MoMo,CFO,software,120,0974384889
Võ Hữu Sơn,vo.huu.son.10902@fptsoftware.vn,FPT Software,CFO,ecommerce,250,0868784956
Nguyễn Xuân Mai,nguyen.xuan.mai.10903@kiotviet.vn,KiotViet,Product Manager,education,1500,0968182486
Nguyễn Quang Châu,nguyen.quang.chau.10904@fptsoftware.vn,FPT Software,CEO,healthcare,10,0861520143
Đỗ Xuân Trang,do.xuan.trang.10905@gmail.com,Vinamilk,Sales Director,logistics,120,0862210564
Võ Quang Linh,vo.quang.linh.10906@gmail.com,Hoà Phát,CEO,logistics,120,0700091596
Phạm Quang Hà,pham.quang.ha.10907@thecoffeehou.vn,The Coffee House,Operations Manager,education,10,0915394513
Lý Văn Bình,ly.van.binh.10908@kiotviet.vn,KiotViet,Product Manager,fintech,1500,0325946045
Nguyễn Xuân Giang,nguyen.xuan.giang.10909@vinmec.vn,Vinmec,CTO,manufacturing,25,0919998110
Phan Xuân Việt,phan.xuan.viet.10910@gmail.com,Vinmec,CEO,retail,10,0918440261
Đặng Thị Nam,dang.thi.nam.10911@topcv.vn,TopCV,Sales Director,education,50,0911206044
Phan Thị Nam,phan.thi.nam.10912@basevn.vn,Base.vn,Procurement Manager,manufacturing,500,0934493922
Lý Hồng Bình,ly.hong.binh.10913@gmail.com,CenLand,CTO,retail,500,0912608171
Hồ Xuân Dũng,ho.xuan.dung.10914@gmail.com,CenLand,Head of Finance,software,10,0868690351
Võ Hồng Phúc,vo.hong.phuc.10915@momo.vn,MoMo,CEO,ecommerce,10,0902202608
Ngô Đức Nam,ngo.duc.nam.10916@viettiengarm.vn,Viet Tien Garment,Sales Director,education,1500,0902094424
Trần Hữu Nam,tran.huu.nam.10917@pharmacity.vn,Pharmacity,CEO,education,250,0323225941
Đỗ Thị Linh,do.thi.linh.10918@gmail.com,TopCV,CEO,manufacturing,500,0909640997
Lê Hữu Sơn,le.huu.son.10919@basevn.vn,Base.vn,CEO,education,250,0358046677
Lý Đức Phúc,ly.duc.phuc.10920@basevn.vn,Base.vn,Sales Director,retail,25,0936090379
Lê Ngọc Hùng,le.ngoc.hung.10921@gmail.com,VNG Corporation,Marketing Manager,logistics,500,0323344895
Bùi Quang Nam,bui.quang.nam.10922@pnj.vn,PNJ,Procurement Manager,software,120,0961617231
Vũ Hữu Nam,vu.huu.nam.10923@thecoffeehou.vn,The Coffee House,Kế toán trưởng,manufacturing,120,0709798436
Phan Văn Châu,phan.van.chau.10924@shopeevietna.vn,Shopee Vietnam,Head of Finance,education,10,0934581464
Đặng Thanh Tuấn,dang.thanh.tuan.10925@gmail.com,VNG Corporation,Product Manager,ecommerce,120,0903944111
Vũ Minh Tuấn,vu.minh.tuan.10926@gmail.com,Tiki,Kế toán trưởng,healthcare,500,0706646077
Phan Văn Oanh,phan.van.oanh.10927@fptsoftware.vn,FPT Software,Product Manager,fintech,25,0915157303
Hoàng Hồng Châu,hoang.hong.chau.10928@gmail.com,VNG Corporation,CEO,ecommerce,1500,0861095097
Dương Văn Tuấn,duong.van.tuan.10929@duytanplasti.vn,Duy Tan Plastics,CTO,manufacturing,50,0936485488
Hồ Xuân Việt,ho.xuan.viet.10930@vngcorporati.vn,VNG Corporation,CEO,healthcare,25,0972859565
Hoàng Hữu Giang,hoang.huu.giang.10931@topcv.vn,TopCV,Operations Manager,healthcare,50,0979515326
Bùi Ngọc Tuấn,bui.ngoc.tuan.10932@kiotviet.vn,KiotViet,Head of Finance,education,10,0974158064
Phan Hồng Hà,phan.hong.ha.10933@gmail.com,MoMo,Operations Manager,ecommerce,1500,0960510542
Vũ Minh Châu,vu.minh.chau.10934@gmail.com,Vinamilk,CEO,fintech,120,0327070641
Phan Hồng Linh,phan.hong.linh.10935@gmail.com,Pharmacity,CEO,retail,10,0968708712
Ngô Văn Sơn,ngo.van.son.10936@gmail.com,Vinmec,Procurement Manager,software,120,0863376049
Vũ Đức An,vu.duc.an.10937@vngcorporati.vn,VNG Corporation,Operations Manager,ecommerce,1500,0906837363
Võ Thị Trang,vo.thi.trang.10938@gmail.com,Shopee Vietnam,Head of Finance,logistics,500,0355678717
Hoàng Thanh Sơn,hoang.thanh.son.10939@thacoindustr.vn,Thaco Industries,CTO,healthcare,50,0970647284
Nguyễn Quang Hà,nguyen.quang.ha.10940@basevn.vn,Base.vn,Kế toán trưởng,manufacturing,50,0930140353
Nguyễn Minh Linh,nguyen.minh.linh.10941@kiotviet.vn,KiotViet,Kế toán trưởng,logistics,250,0323370271
Phan Ngọc Nam,phan.ngoc.nam.10942@haravan.vn,Haravan,Product Manager,education,10,0868264292
Đỗ Đức Giang,do.duc.giang.10943@gmail.com,Gemadept Logistics,CTO,healthcare,10,0976861414
Hồ Văn Sơn,ho.van.son.10944@shopeevietna.vn,Shopee Vietnam,Operations Manager,retail,10,0326491977
Bùi Đức An,bui.duc.an.10945@momo.vn,MoMo,CTO,healthcare,250,0975702010
Bùi Đức Hà,bui.duc.ha.10946@cenland.vn,CenLand,Sales Director,education,250,0321073074
Vũ Đức Hà,vu.duc.ha.10947@basevn.vn,Base.vn,Marketing Manager,software,1500,0709041378
Bùi Hữu Bình,bui.huu.binh.10948@gmail.com,VNG Corporation,CTO,fintech,120,0328653406
Ngô Quang Tâm,ngo.quang.tam.10949@duytanplasti.vn,Duy Tan Plastics,CFO,logistics,120,0935327537
Lý Thanh Châu,ly.thanh.chau.10950@vngcorporati.vn,VNG Corporation,Head of Finance,education,50,0900358166
Bùi Hồng Tâm,bui.hong.tam.10951@cenland.vn,CenLand,Operations Manager,manufacturing,250,0328256750
Ngô Ngọc Oanh,ngo.ngoc.oanh.10952@cenland.vn,CenLand,CTO,ecommerce,10,0975029537
Đặng Hữu Phúc,dang.huu.phuc.10953@hoaphat.vn,Hoà Phát,Marketing Manager,education,10,0916223625
Hoàng Quang Quân,hoang.quang.quan.10954@basevn.vn,Base.vn,CEO,education,250,0904856275
Võ Ngọc Trang,vo.ngoc.trang.10955@gmail.com,CenLand,CTO,software,120,0916870885
Trần Thị Tuấn,tran.thi.tuan.10956@tiki.vn,Tiki,CFO,logistics,120,0322028246
Phan Thanh Sơn,phan.thanh.son.10957@tiki.vn,Tiki,CFO,retail,120,0329255949
Trần Văn Giang,tran.van.giang.10958@gmail.com,VNG Corporation,CEO,manufacturing,25,0961521753
Nguyễn Thị Sơn,nguyen.thi.son.10959@viettiengarm.vn,Viet Tien Garment,Product Manager,education,50,0324044160
Võ Văn Oanh,vo.van.oanh.10960@gmail.com,Vinmec,Kế toán trưởng,logistics,50,0971441811
Nguyễn Quang Khánh,nguyen.quang.khanh.10961@topcv.vn,TopCV,Sales Director,education,500,0976900477
Vũ Quang Quân,vu.quang.quan.10962@gmail.com,Thaco Industries,Product Manager,education,25,0963135904
Bùi Thị Sơn,bui.thi.son.10963@vinmec.vn,Vinmec,Marketing Manager,retail,50,0913989157
Hồ Minh Châu,ho.minh.chau.10964@vinamilk.vn,Vinamilk,Procurement Manager,logistics,50,0326735837
Đỗ Văn Khánh,do.van.khanh.10965@gmail.com,Thaco Industries,Kế toán trưởng,retail,50,0972386576
Đỗ Thanh Việt,do.thanh.viet.10966@gmail.com,PNJ,Head of Finance,retail,250,0868091898
Lê Ngọc Lan,le.ngoc.lan.10967@hoaphat.vn,Hoà Phát,CFO,software,1500,0931391462
Võ Xuân Bình,vo.xuan.binh.10968@gmail.com,Thaco Industries,Head of Finance,healthcare,500,0354947397
Ngô Ngọc Châu,ngo.ngoc.chau.10969@hoaphat.vn,Hoà Phát,CFO,logistics,1500,0321674199
Lý Minh Dũng,ly.minh.dung.10970@gmail.com,Vinmec,Kế toán trưởng,ecommerce,10,0351404052
Dương Đức Bình,duong.duc.binh.10971@hoaphat.vn,Hoà Phát,Marketing Manager,education,500,0917608330
Đặng Quang Dũng,dang.quang.dung.10972@tiki.vn,Tiki,Procurement Manager,manufacturing,250,0936864243
Võ Thị Sơn,vo.thi.son.10973@vngcorporati.vn,VNG Corporation,CFO,retail,25,0352737683
Hoàng Ngọc Mai,hoang.ngoc.mai.10974@shopeevietna.vn,Shopee Vietnam,Procurement Manager,ecommerce,250,0938429491
Võ Thị Tâm,vo.thi.tam.10975@thacoindustr.vn,Thaco Industries,Kế toán trưởng,healthcare,250,0867517052
Lý Hồng Oanh,ly.hong.oanh.10976@gmail.com,Tiki,Head of Finance,software,50,0937029970
Dương Hồng Bình,duong.hong.binh.10977@basevn.vn,Base.vn,Product Manager,software,25,0963809765
Ngô Văn Dũng,ngo.van.dung.10978@gmail.com,The Coffee House,Sales Director,education,1500,0352957963
Bùi Văn Sơn,bui.van.son.10979@gmail.com,Haravan,Sales Director,ecommerce,25,0354073062
Đặng Quang Bình,dang.quang.binh.10980@vngcorporati.vn,VNG Corporation,CFO,ecommerce,25,0914933215
Phan Hữu Mai,phan.huu.mai.10981@vinamilk.vn,Vinamilk,Product Manager,manufacturing,50,0963934811
Hồ Thanh Khánh,ho.thanh.khanh.10982@basevn.vn,Base.vn,CFO,retail,500,0917060785
Đặng Thị Dũng,dang.thi.dung.10983@vinamilk.vn,Vinamilk,Marketing Manager,logistics,1500,0900034995
Dương Ngọc Trang,duong.ngoc.trang.10984@gmail.com,Duy Tan Plastics,Procurement Manager,manufacturing,500,0329618201
Trần Đức Khánh,tran.duc.khanh.10985@vngcorporati.vn,VNG Corporation,Product Manager,software,250,0352046403
Phan Hữu Tuấn,phan.huu.tuan.10986@vinmec.vn,Vinmec,Sales Director,education,1500,0905862807
Hoàng Xuân Tâm,hoang.xuan.tam.10987@gmail.com,VNG Corporation,Kế toán trưởng,ecommerce,10,0862203183
Lê Xuân Tuấn,le.xuan.tuan.10988@tiki.vn,Tiki,Kế toán trưởng,retail,250,0320683923
Hoàng Hồng Phúc,hoang.hong.phuc.10989@shopeevietna.vn,Shopee Vietnam,CFO,healthcare,1500,0864150137
Đặng Ngọc Khánh,dang.ngoc.khanh.10990@hoaphat.vn,Hoà Phát,Head of Finance,healthcare,500,0937660839
Hoàng Ngọc An,hoang.ngoc.an.10991@momo.vn,MoMo,Procurement Manager,fintech,500,0326642451
Trần Xuân Bình,tran.xuan.binh.10992@gmail.com,Gemadept Logistics,CFO,fintech,120,0961322980
Đỗ Thanh Oanh,do.thanh.oanh.10993@fptsoftware.vn,FPT Software,Operations Manager,software,250,0976023498
Hoàng Hữu Bình,hoang.huu.binh.10994@vngcorporati.vn,VNG Corporation,Sales Director,retail,25,0906706376
Võ Quang Hà,vo.quang.ha.10995@gmail.com,TopCV,Marketing Manager,manufacturing,250,0864394563
Trần Thanh Quân,tran.thanh.quan.10996@vngcorporati.vn,VNG Corporation,Operations Manager,software,25,0709428341
Võ Ngọc Trang,vo.ngoc.trang.10997@cenland.vn,CenLand,Sales Director,ecommerce,250,0326418320
Lý Thị Lan,ly.thi.lan.10998@vngcorporati.vn,VNG Corporation,Procurement Manager,education,50,0868105430
Hoàng Quang Mai,hoang.quang.mai.10999@thecoffeehou.vn,The Coffee House,Product Manager,education,250,0326731510
Đỗ Quang Sơn,do.quang.son.11000@haravan.vn,Haravan,Kế toán trưởng,manufacturing,10,0901541511
Dương Minh Dũng,duong.minh.dung.11001@vinamilk.vn,Vinamilk,CFO,healthcare,1500,0869450022
Lý Quang Khánh,ly.quang.khanh.11002@viettiengarm.vn,Viet Tien Garment,CEO,education,1500,0932486845
Lê Đức Lan,le.duc.lan.11003@viettiengarm.vn,Viet Tien Garment,Sales Director,education,50,0968317471
Vũ Hữu An,vu.huu.an.11004@tiki.vn,Tiki,CTO,healthcare,500,0703293230
Đặng Thị Bình,dang.thi.binh.11005@kiotviet.vn,KiotViet,Sales Director,ecommerce,1500,0325887680
Hoàng Văn Tâm,hoang.van.tam.11006@gmail.com,Base.vn,Operations Manager,software,120,0867101359
Hoàng Thanh Giang,hoang.thanh.giang.11007@viettiengarm.vn,Viet Tien Garment,Procurement Manager,software,120,0869342050
Lý Quang Sơn,ly.quang.son.11008@gmail.com,Hoà Phát,CTO,education,25,0979759859
Phạm Thanh Bình,pham.thanh.binh.11009@gmail.com,PNJ,Procurement Manager,ecommerce,1500,0706635178
Nguyễn Thị Linh,nguyen.thi.linh.11010@gmail.com,TopCV,Procurement Manager,retail,25,0973726108
Bùi Hồng Hà,bui.hong.ha.11011@hoaphat.vn,Hoà Phát,Sales Director,logistics,25,0863147747
Phan Thị Linh,phan.thi.linh.11012@kiotviet.vn,KiotViet,CFO,logistics,500,0356561041
Trần Thanh Tuấn,tran.thanh.tuan.11013@thacoindustr.vn,Thaco Industries,Head of Finance,logistics,1500,0703538609
Vũ Hữu Khánh,vu.huu.khanh.11014@basevn.vn,Base.vn,Product Manager,education,120,0352725557
Dương Xuân Oanh,duong.xuan.oanh.11015@gmail.com,Hoà Phát,CEO,manufacturing,25,0971504123
Hồ Hồng Linh,ho.hong.linh.11016@gmail.com,PNJ,Procurement Manager,software,1500,0918812225
Hoàng Thị Sơn,hoang.thi.son.11017@gmail.com,Gemadept Logistics,Kế toán trưởng,fintech,250,0961035216
Phan Xuân An,phan.xuan.an.11018@gmail.com,KiotViet,Marketing Manager,software,10,0905037300
Vũ Đức Lan,vu.duc.lan.11019@kiotviet.vn,KiotViet,Kế toán trưởng,ecommerce,50,0973205089
Phạm Đức Khánh,pham.duc.khanh.11020@pnj.vn,PNJ,Operations Manager,healthcare,250,0861485413
Hoàng Hồng Giang,hoang.hong.giang.11021@tiki.vn,Tiki,CEO,fintech,500,0862339815
Ngô Hồng Trang,ngo.hong.trang.11022@gmail.com,The Coffee House,Kế toán trưởng,logistics,50,0861885546
Dương Thị Bình,duong.thi.binh.11023@vinamilk.vn,Vinamilk,Marketing Manager,fintech,250,0862604018
Ngô Hồng Tuấn,ngo.hong.tuan.11024@haravan.vn,Haravan,Head of Finance,fintech,10,0863680575
Ngô Hồng Tâm,ngo.hong.tam.11025@kiotviet.vn,KiotViet,Operations Manager,retail,25,0910241348
Phan Hữu Khánh,phan.huu.khanh.11026@hoaphat.vn,Hoà Phát,CFO,retail,120,0322127033
Bùi Đức Bình,bui.duc.binh.11027@gmail.com,PNJ,Head of Finance,fintech,10,0350323156
Phạm Xuân Giang,pham.xuan.giang.11028@gmail.com,Thaco Industries,Operations Manager,education,25,0351353825
Đỗ Ngọc Việt,do.ngoc.viet.11029@pharmacity.vn,Pharmacity,Operations Manager,retail,25,0930313216
Nguyễn Minh Giang,nguyen.minh.giang.11030@tiki.vn,Tiki,Procurement Manager,retail,120,0961691416
Hoàng Văn An,hoang.van.an.11031@thacoindustr.vn,Thaco Industries,Kế toán trưởng,manufacturing,120,0909941712
Hồ Thanh Khánh,ho.thanh.khanh.11032@vngcorporati.vn,VNG Corporation,Marketing Manager,retail,50,0934365682
Bùi Hữu Tâm,bui.huu.tam.11033@pnj.vn,PNJ,Product Manager,logistics,25,0320496670
Võ Xuân Dũng,vo.xuan.dung.11034@basevn.vn,Base.vn,Kế toán trưởng,ecommerce,120,0350714883
Hoàng Hữu Trang,hoang.huu.trang.11035@hoaphat.vn,Hoà Phát,Marketing Manager,healthcare,250,0900584615
Nguyễn Hữu Linh,nguyen.huu.linh.11036@momo.vn,MoMo,CEO,education,10,0355903177
Dương Xuân Trang,duong.xuan.trang.11037@gmail.com,VNG Corporation,Operations Manager,retail,500,0703102670
Phạm Ngọc Sơn,pham.ngoc.son.11038@fptsoftware.vn,FPT Software,CEO,logistics,500,0903604546
Hoàng Ngọc Mai,hoang.ngoc.mai.11039@pnj.vn,PNJ,Sales Director,ecommerce,25,0904762383
Trần Hữu Tâm,tran.huu.tam.11040@pharmacity.vn,Pharmacity,Procurement Manager,logistics,10,0931250405
Vũ Minh Việt,vu.minh.viet.11041@gmail.com,MoMo,Operations Manager,logistics,250,0972078668
Phạm Minh Việt,pham.minh.viet.11042@gmail.com,Pharmacity,Head of Finance,education,500,0707158439
Nguyễn Thị Châu,nguyen.thi.chau.11043@gmail.com,Thaco Industries,Procurement Manager,healthcare,250,0915376761
Bùi Xuân Linh,bui.xuan.linh.11044@thecoffeehou.vn,The Coffee House,Head of Finance,fintech,500,0323031196
Vũ Quang Lan,vu.quang.lan.11045@momo.vn,MoMo,Sales Director,fintech,120,0970641636
Bùi Hữu Hà,bui.huu.ha.11046@gemadeptlogi.vn,Gemadept Logistics,Procurement Manager,healthcare,10,0863178733
Dương Đức Bình,duong.duc.binh.11047@gmail.com,FPT Software,CEO,healthcare,10,0703940052
Phan Thanh Trang,phan.thanh.trang.11048@vinamilk.vn,Vinamilk,CEO,fintech,50,0907568509
Trần Hồng Bình,tran.hong.binh.11049@vngcorporati.vn,VNG Corporation,Kế toán trưởng,software,500,0916201580
Hồ Hồng Việt,ho.hong.viet.11050@gmail.com,Haravan,Marketing Manager,education,250,0938497614
Đỗ Đức Khánh,do.duc.khanh.11051@haravan.vn,Haravan,Head of Finance,logistics,10,0969068533
Phạm Hữu Bình,pham.huu.binh.11052@gemadeptlogi.vn,Gemadept Logistics,Sales Director,logistics,25,0356103326
Phan Văn Quân,phan.van.quan.11053@basevn.vn,Base.vn,Operations Manager,retail,1500,0866176488
Hoàng Hồng Tâm,hoang.hong.tam.11054@cenland.vn,CenLand,Procurement Manager,ecommerce,50,0867294939
Lê Hữu Việt,le.huu.viet.11055@gmail.com,Shopee Vietnam,CFO,retail,25,0866539898
Ngô Ngọc Hà,ngo.ngoc.ha.11056@haravan.vn,Haravan,CTO,retail,50,0960391724
Đặng Minh Việt,dang.minh.viet.11057@vngcorporati.vn,VNG Corporation,CFO,logistics,10,0903499062
Vũ Thanh An,vu.thanh.an.11058@kiotviet.vn,KiotViet,Procurement Manager,education,50,0353790053
Nguyễn Xuân Lan,nguyen.xuan.lan.11059@pharmacity.vn,Pharmacity,CTO,fintech,120,0328778952
Đỗ Minh Oanh,do.minh.oanh.11060@viettiengarm.vn,Viet Tien Garment,CEO,healthcare,10,0974355443
Đặng Minh Trang,dang.minh.trang.11061@momo.vn,MoMo,Procurement Manager,ecommerce,250,0936420748
Đỗ Văn Oanh,do.van.oanh.11062@duytanplasti.vn,Duy Tan Plastics,Kế toán trưởng,logistics,50,0900930501
Vũ Hữu Tâm,vu.huu.tam.11063@vinamilk.vn,Vinamilk,CTO,ecommerce,1500,0976577111
Hoàng Hồng Phúc,hoang.hong.phuc.11064@shopeevietna.vn,Shopee Vietnam,Head of Finance,manufacturing,120,0901794411
Đặng Xuân An,dang.xuan.an.11065@vinmec.vn,Vinmec,Product Manager,manufacturing,10,0916242944
Phan Minh Quân,phan.minh.quan.11066@vngcorporati.vn,VNG Corporation,Sales Director,retail,50,0863597745
Ngô Đức Sơn,ngo.duc.son.11067@gmail.com,FPT Software,Head of Finance,education,250,0936939068
Lê Minh Dũng,le.minh.dung.11068@vinmec.vn,Vinmec,Kế toán trưởng,ecommerce,25,0968243685
Đỗ Hữu Nam,do.huu.nam.11069@pharmacity.vn,Pharmacity,CEO,manufacturing,10,0324276729
Hồ Hồng Tuấn,ho.hong.tuan.11070@gmail.com,Gemadept Logistics,Marketing Manager,education,1500,0322709185
Nguyễn Thanh Khánh,nguyen.thanh.khanh.11071@gmail.com,Thaco Industries,CTO,education,250,0937134938
Lý Quang Hà,ly.quang.ha.11072@shopeevietna.vn,Shopee Vietnam,CTO,fintech,250,0322511071
Dương Thanh Lan,duong.thanh.lan.11073@gmail.com,Vinmec,CEO,manufacturing,500,0708749823
Vũ Ngọc Phúc,vu.ngoc.phuc.11074@gmail.com,Vinamilk,CTO,retail,25,0358468939
Phan Văn Hà,phan.van.ha.11075@gmail.com,The Coffee House,CFO,software,120,0907179663
Vũ Văn Việt,vu.van.viet.11076@gmail.com,Thaco Industries,Product Manager,fintech,120,0966890121
Võ Hữu Trang,vo.huu.trang.11077@hoaphat.vn,Hoà Phát,Product Manager,logistics,1500,0910121581
Hồ Hữu Tuấn,ho.huu.tuan.11078@thecoffeehou.vn,The Coffee House,Sales Director,retail,50,0974552193
Trần Văn Sơn,tran.van.son.11079@vinamilk.vn,Vinamilk,Head of Finance,manufacturing,1500,0864427176
Lê Hữu Tâm,le.huu.tam.11080@gmail.com,Viet Tien Garment,Sales Director,healthcare,500,0978434657
Vũ Thị Linh,vu.thi.linh.11081@pharmacity.vn,Pharmacity,Operations Manager,education,1500,0933507798
Đặng Minh Châu,dang.minh.chau.11082@cenland.vn,CenLand,Procurement Manager,retail,500,0355315652
Đỗ Hữu Phúc,do.huu.phuc.11083@basevn.vn,Base.vn,Kế toán trưởng,manufacturing,50,0328297995
Đỗ Xuân Mai,do.xuan.mai.11084@shopeevietna.vn,Shopee Vietnam,CFO,fintech,250,0324547644
Trần Đức Linh,tran.duc.linh.11085@gmail.com,The Coffee House,Head of Finance,education,1500,0700941115
Phạm Thanh Hùng,pham.thanh.hung.11086@duytanplasti.vn,Duy Tan Plastics,Head of Finance,fintech,25,0932841756
Dương Ngọc Việt,duong.ngoc.viet.11087@gmail.com,VNG Corporation,Head of Finance,manufacturing,250,0938002307
Hồ Hồng Phúc,ho.hong.phuc.11088@vinmec.vn,Vinmec,Head of Finance,logistics,250,0963990625
Nguyễn Đức Tâm,nguyen.duc.tam.11089@momo.vn,MoMo,Marketing Manager,retail,1500,0705337074
Bùi Thanh Sơn,bui.thanh.son.11090@thecoffeehou.vn,The Coffee House,CFO,logistics,10,0325667693
Đặng Hồng Linh,dang.hong.linh.11091@gmail.com,KiotViet,CTO,healthcare,250,0932775614
Phạm Hữu Quân,pham.huu.quan.11092@gmail.com,Tiki,Operations Manager,fintech,50,0703655570
Lý Thị Phúc,ly.thi.phuc.11093@gmail.com,FPT Software,Procurement Manager,logistics,50,0969610682
Trần Văn Hà,tran.van.ha.11094@basevn.vn,Base.vn,CTO,fintech,10,0933141089
Ngô Quang Hà,ngo.quang.ha.11095@gemadeptlogi.vn,Gemadept Logistics,Product Manager,logistics,10,0359158767
Lý Hồng Khánh,ly.hong.khanh.11096@kiotviet.vn,KiotViet,Sales Director,software,10,0963544838
Phạm Xuân Lan,pham.xuan.lan.11097@shopeevietna.vn,Shopee Vietnam,Kế toán trưởng,manufacturing,50,0864037661
Nguyễn Xuân Giang,nguyen.xuan.giang.11098@gmail.com,Shopee Vietnam,Operations Manager,healthcare,250,0865592350
Ngô Thị Hà,ngo.thi.ha.11099@gmail.com,Tiki,CFO,logistics,25,0914600502
Dương Văn Lan,duong.van.lan.11100@gemadeptlogi.vn,Gemadept Logistics,Product Manager,fintech,1500,0350252869
Đặng Minh Châu,dang.minh.chau.11101@hoaphat.vn,Hoà Phát,Product Manager,healthcare,25,0970763563
Võ Thị Hà,vo.thi.ha.11102@thacoindustr.vn,Thaco Industries,Sales Director,fintech,10,0359183679
Vũ Hữu Châu,vu.huu.chau.11103@gmail.com,Base.vn,CEO,education,500,0900393542
Lê Hữu Sơn,le.huu.son.11104@cenland.vn,CenLand,Procurement Manager,education,1500,0963948468
Nguyễn Hồng Nam,nguyen.hong.nam.11105@vinmec.vn,Vinmec,CFO,logistics,50,0976176293
Dương Hữu Giang,duong.huu.giang.11106@vngcorporati.vn,VNG Corporation,CTO,education,10,0930747701
Võ Hồng Việt,vo.hong.viet.11107@fptsoftware.vn,FPT Software,CEO,logistics,25,0971214392
Bùi Văn Sơn,bui.van.son.11108@vinmec.vn,Vinmec,Product Manager,ecommerce,120,0704628214
Đặng Văn Mai,dang.van.mai.11109@vinamilk.vn,Vinamilk,CEO,software,50,0938995035
Lê Quang Giang,le.quang.giang.11110@pnj.vn,PNJ,Product Manager,manufacturing,500,0971813277
Võ Đức Nam,vo.duc.nam.11111@gmail.com,Vinamilk,Marketing Manager,retail,120,0321126475
Trần Hồng Sơn,tran.hong.son.11112@gmail.com,MoMo,Marketing Manager,software,500,0960091455
Hoàng Ngọc Hùng,hoang.ngoc.hung.11113@gemadeptlogi.vn,Gemadept Logistics,CFO,ecommerce,25,0325674110
Bùi Quang Lan,bui.quang.lan.11114@gmail.com,Pharmacity,Marketing Manager,software,120,0701454755
Lê Hữu Oanh,le.huu.oanh.11115@fptsoftware.vn,FPT Software,Head of Finance,logistics,25,0966227067
Lý Hồng Lan,ly.hong.lan.11116@tiki.vn,Tiki,Head of Finance,manufacturing,25,0866800099
Đặng Văn Giang,dang.van.giang.11117@vngcorporati.vn,VNG Corporation,CEO,healthcare,50,0327708876
Đặng Hữu Hùng,dang.huu.hung.11118@gmail.com,Base.vn,Head of Finance,education,250,0979986119
Đặng Đức Tâm,dang.duc.tam.11119@gemadeptlogi.vn,Gemadept Logistics,Sales Director,retail,120,0939601916
Lý Minh Khánh,ly.minh.khanh.11120@gmail.com,TopCV,CFO,fintech,250,0704811688
Trần Văn Bình,tran.van.binh.11121@viettiengarm.vn,Viet Tien Garment,Operations Manager,logistics,120,0975002607
Đỗ Thị Sơn,do.thi.son.11122@topcv.vn,TopCV,Operations Manager,fintech,10,0865888656
Nguyễn Thanh Hùng,nguyen.thanh.hung.11123@gmail.com,Duy Tan Plastics,Product Manager,retail,50,0976782643
Đặng Xuân Mai,dang.xuan.mai.11124@gmail.com,VNG Corporation,CFO,retail,10,0866154017
Lý Đức Hà,ly.duc.ha.11125@vinmec.vn,Vinmec,Head of Finance,healthcare,500,0974783672
Vũ Thị Mai,vu.thi.mai.11126@vinamilk.vn,Vinamilk,Operations Manager,fintech,25,0975131625
Đỗ Đức Việt,do.duc.viet.11127@duytanplasti.vn,Duy Tan Plastics,Sales Director,retail,50,0965508617
Võ Đức Quân,vo.duc.quan.11128@topcv.vn,TopCV,Procurement Manager,education,1500,0353278254
Lý Hữu Dũng,ly.huu.dung.11129@vinamilk.vn,Vinamilk,CFO,software,250,0327840755
Vũ Hữu Phúc,vu.huu.phuc.11130@viettiengarm.vn,Viet Tien Garment,Operations Manager,manufacturing,250,0919472298
Phạm Thanh An,pham.thanh.an.11131@vinamilk.vn,Vinamilk,Product Manager,fintech,1500,0867809542
Vũ Thị Linh,vu.thi.linh.11132@pnj.vn,PNJ,CEO,logistics,25,0962668018
Lê Xuân Lan,le.xuan.lan.11133@gmail.com,KiotViet,Operations Manager,ecommerce,50,0325073893
Phan Văn Phúc,phan.van.phuc.11134@pharmacity.vn,Pharmacity,CEO,manufacturing,120,0964370916
Lê Thị Mai,le.thi.mai.11135@thacoindustr.vn,Thaco Industries,CTO,software,10,0700983837
Lê Hữu Lan,le.huu.lan.11136@haravan.vn,Haravan,Operations Manager,ecommerce,1500,0902873763
Lê Ngọc Dũng,le.ngoc.dung.11137@gmail.com,TopCV,Operations Manager,education,250,0911605374
Vũ Thị Hà,vu.thi.ha.11138@gmail.com,The Coffee House,Kế toán trưởng,fintech,1500,0700329237
Trần Quang Việt,tran.quang.viet.11139@thecoffeehou.vn,The Coffee House,Marketing Manager,healthcare,500,0867623789
Đỗ Hồng Quân,do.hong.quan.11140@gmail.com,Thaco Industries,CTO,software,10,0354509950
Đặng Thị Lan,dang.thi.lan.11141@fptsoftware.vn,FPT Software,CFO,fintech,250,0909607868
Phạm Thanh Tâm,pham.thanh.tam.11142@haravan.vn,Haravan,CEO,education,500,0329612162
Phạm Hữu Tuấn,pham.huu.tuan.11143@gmail.com,Duy Tan Plastics,Operations Manager,software,10,0865221694
Phạm Hữu Hà,pham.huu.ha.11144@gmail.com,CenLand,Sales Director,healthcare,25,0911559469
Đặng Thị Phúc,dang.thi.phuc.11145@gmail.com,Haravan,CTO,fintech,500,0704173034
Nguyễn Thị Tuấn,nguyen.thi.tuan.11146@fptsoftware.vn,FPT Software,Operations Manager,retail,120,0965392915
Bùi Đức Mai,bui.duc.mai.11147@fptsoftware.vn,FPT Software,CTO,healthcare,10,0976047982
Vũ Văn Dũng,vu.van.dung.11148@topcv.vn,TopCV,CEO,ecommerce,1500,0939767263
Bùi Minh Hùng,bui.minh.hung.11149@topcv.vn,TopCV,Product Manager,fintech,1500,0908723212
Hồ Quang Tâm,ho.quang.tam.11150@gmail.com,Duy Tan Plastics,CEO,software,50,0353984819
Đỗ Thanh Bình,do.thanh.binh.11151@thacoindustr.vn,Thaco Industries,CFO,manufacturing,50,0863289349
Ngô Ngọc Sơn,ngo.ngoc.son.11152@vngcorporati.vn,VNG Corporation,Operations Manager,retail,1500,0709180790
Ngô Hữu An,ngo.huu.an.11153@vngcorporati.vn,VNG Corporation,Procurement Manager,retail,10,0906846152
Nguyễn Minh Trang,nguyen.minh.trang.11154@thecoffeehou.vn,The Coffee House,CEO,education,10,0970518405
Ngô Xuân An,ngo.xuan.an.11155@gmail.com,Haravan,Product Manager,software,1500,0320447596
Đặng Minh Tuấn,dang.minh.tuan.11156@pharmacity.vn,Pharmacity,Sales Director,logistics,10,0322210792
Lê Hữu Trang,le.huu.trang.11157@gemadeptlogi.vn,Gemadept Logistics,Sales Director,fintech,50,0350030854
Đỗ Minh Trang,do.minh.trang.11158@thacoindustr.vn,Thaco Industries,Sales Director,ecommerce,500,0702486933
Hồ Thị Lan,ho.thi.lan.11159@gmail.com,KiotViet,Operations Manager,manufacturing,250,0976918068
Đỗ Hữu Giang,do.huu.giang.11160@thecoffeehou.vn,The Coffee House,CFO,fintech,25,0354641095
Dương Thanh Giang,duong.thanh.giang.11161@gmail.com,Vinmec,CFO,retail,500,0701831271
Phạm Hữu Việt,pham.huu.viet.11162@haravan.vn,Haravan,Kế toán trưởng,education,10,0903361802
Dương Hồng An,duong.hong.an.11163@gmail.com,KiotViet,CTO,ecommerce,1500,0320712762
Võ Thanh Mai,vo.thanh.mai.11164@gmail.com,Shopee Vietnam,CEO,manufacturing,25,0930636436
Đặng Hữu Châu,dang.huu.chau.11165@basevn.vn,Base.vn,Kế toán trưởng,healthcare,25,0326337469
Hoàng Minh Phúc,hoang.minh.phuc.11166@viettiengarm.vn,Viet Tien Garment,Product Manager,software,500,0320518644
Phạm Ngọc Dũng,pham.ngoc.dung.11167@viettiengarm.vn,Viet Tien Garment,CEO,software,10,0911545051
Vũ Hồng Lan,vu.hong.lan.11168@vinamilk.vn,Vinamilk,Product Manager,ecommerce,1500,0931473155
Võ Thanh Sơn,vo.thanh.son.11169@thacoindustr.vn,Thaco Industries,CFO,logistics,50,0971997264
Đỗ Hồng Phúc,do.hong.phuc.11170@basevn.vn,Base.vn,CTO,healthcare,500,0861398055
Hồ Đức Bình,ho.duc.binh.11171@viettiengarm.vn,Viet Tien Garment,CTO,retail,25,0329960747
Đỗ Thanh Bình,do.thanh.binh.11172@fptsoftware.vn,FPT Software,Sales Director,software,250,0962783478
Dương Văn Nam,duong.van.nam.11173@gmail.com,KiotViet,CTO,logistics,120,0910163559
Nguyễn Văn Phúc,nguyen.van.phuc.11174@gmail.com,Base.vn,CEO,healthcare,500,0703506230
Đặng Ngọc Nam,dang.ngoc.nam.11175@gmail.com,MoMo,Procurement Manager,manufacturing,250,0704751078
Hồ Văn Tuấn,ho.van.tuan.11176@fptsoftware.vn,FPT Software,Kế toán trưởng,fintech,120,0935417484
Phạm Ngọc Oanh,pham.ngoc.oanh.11177@duytanplasti.vn,Duy Tan Plastics,CEO,ecommerce,1500,0864917277
Trần Thanh Tuấn,tran.thanh.tuan.11178@gmail.com,Viet Tien Garment,Operations Manager,manufacturing,1500,0966113905
Ngô Xuân Linh,ngo.xuan.linh.11179@kiotviet.vn,KiotViet,CFO,manufacturing,50,0978766332
Trần Quang Giang,tran.quang.giang.11180@pnj.vn,PNJ,CTO,software,50,0320428846
Phan Quang Bình,phan.quang.binh.11181@gmail.com,Shopee Vietnam,Sales Director,retail,25,0930148353
Hoàng Hữu Oanh,hoang.huu.oanh.11182@gmail.com,Tiki,CFO,logistics,25,0917901586
Bùi Văn Hà,bui.van.ha.11183@gmail.com,Viet Tien Garment,Marketing Manager,manufacturing,120,0979120578
Đỗ Quang Phúc,do.quang.phuc.11184@gmail.com,TopCV,Procurement Manager,ecommerce,500,0865206061
Đặng Đức Sơn,dang.duc.son.11185@gmail.com,Thaco Industries,Procurement Manager,logistics,25,0972967421
Hoàng Minh An,hoang.minh.an.11186@tiki.vn,Tiki,CEO,software,1500,0865523773
Dương Quang Quân,duong.quang.quan.11187@thecoffeehou.vn,The Coffee House,Sales Director,education,25,0966323068
Phạm Thanh Oanh,pham.thanh.oanh.11188@viettiengarm.vn,Viet Tien Garment,CFO,ecommerce,500,0359912609
Hoàng Minh Oanh,hoang.minh.oanh.11189@gmail.com,Pharmacity,Marketing Manager,logistics,120,0322039062
Ngô Xuân Châu,ngo.xuan.chau.11190@kiotviet.vn,KiotViet,CEO,fintech,25,0866170252
Bùi Xuân Hùng,bui.xuan.hung.11191@haravan.vn,Haravan,Product Manager,manufacturing,1500,0351336815
Hoàng Văn Phúc,hoang.van.phuc.11192@pharmacity.vn,Pharmacity,CEO,manufacturing,250,0931204248
Bùi Xuân Giang,bui.xuan.giang.11193@pharmacity.vn,Pharmacity,Operations Manager,healthcare,10,0701673773
Phan Xuân Sơn,phan.xuan.son.11194@tiki.vn,Tiki,CTO,retail,1500,0704045486
Đỗ Xuân Phúc,do.xuan.phuc.11195@gmail.com,Shopee Vietnam,Operations Manager,education,120,0904782603
Bùi Minh Lan,bui.minh.lan.11196@gmail.com,MoMo,Sales Director,healthcare,500,0359389048
Võ Văn Tuấn,vo.van.tuan.11197@gmail.com,The Coffee House,Head of Finance,software,250,0976427584
Phan Thị Trang,phan.thi.trang.11198@gmail.com,Thaco Industries,Product Manager,healthcare,1500,0933762257
Đặng Minh Giang,dang.minh.giang.11199@momo.vn,MoMo,Sales Director,ecommerce,250,0968446045
Dương Ngọc Tuấn,duong.ngoc.tuan.11200@basevn.vn,Base.vn,CTO,fintech,1500,0978894237
Lý Ngọc Quân,ly.ngoc.quan.11201@pnj.vn,PNJ,Kế toán trưởng,logistics,250,0324504743
Đặng Hồng Hà,dang.hong.ha.11202@basevn.vn,Base.vn,Head of Finance,retail,120,0709757546
Võ Ngọc Khánh,vo.ngoc.khanh.11203@viettiengarm.vn,Viet Tien Garment,CFO,retail,1500,0903183994
Hoàng Hồng Mai,hoang.hong.mai.11204@vinmec.vn,Vinmec,CEO,retail,10,0325884756
Lê Văn Tuấn,le.van.tuan.11205@pharmacity.vn,Pharmacity,Operations Manager,ecommerce,1500,0909624793
Hồ Thanh Phúc,ho.thanh.phuc.11206@fptsoftware.vn,FPT Software,Head of Finance,healthcare,250,0910399750
Đặng Quang Mai,dang.quang.mai.11207@gmail.com,Gemadept Logistics,Operations Manager,retail,50,0706474933
Nguyễn Minh Hùng,nguyen.minh.hung.11208@gmail.com,Pharmacity,Product Manager,healthcare,25,0355297315
Dương Ngọc Phúc,duong.ngoc.phuc.11209@thecoffeehou.vn,The Coffee House,Operations Manager,logistics,25,0971201108
Phạm Đức Tuấn,pham.duc.tuan.11210@thecoffeehou.vn,The Coffee House,Sales Director,logistics,25,0963333092
Đặng Minh Bình,dang.minh.binh.11211@pnj.vn,PNJ,CEO,fintech,10,0913658156
Võ Thị Châu,vo.thi.chau.11212@fptsoftware.vn,FPT Software,Operations Manager,fintech,120,0702490665
Lê Hồng Linh,le.hong.linh.11213@pharmacity.vn,Pharmacity,CEO,software,120,0704020982
Trần Minh Khánh,tran.minh.khanh.11214@vinmec.vn,Vinmec,Procurement Manager,logistics,50,0325162675
Đặng Hữu Dũng,dang.huu.dung.11215@gmail.com,Gemadept Logistics,Sales Director,logistics,10,0963198175
Trần Thanh Châu,tran.thanh.chau.11216@kiotviet.vn,KiotViet,Procurement Manager,logistics,500,0321273279
Lê Đức Tâm,le.duc.tam.11217@duytanplasti.vn,Duy Tan Plastics,CFO,education,120,0355853860
Phạm Thị Tâm,pham.thi.tam.11218@pharmacity.vn,Pharmacity,CTO,manufacturing,120,0863383107
Trần Minh Dũng,tran.minh.dung.11219@kiotviet.vn,KiotViet,CFO,manufacturing,10,0700980190
Bùi Thị An,bui.thi.an.11220@thacoindustr.vn,Thaco Industries,Sales Director,healthcare,1500,0966476846
Dương Ngọc Bình,duong.ngoc.binh.11221@topcv.vn,TopCV,Kế toán trưởng,logistics,25,0972661899
Lý Hồng Tâm,ly.hong.tam.11222@cenland.vn,CenLand,Operations Manager,logistics,250,0972697969
Đỗ Hữu Châu,do.huu.chau.11223@fptsoftware.vn,FPT Software,Kế toán trưởng,software,25,0355273172
Hồ Thị Dũng,ho.thi.dung.11224@fptsoftware.vn,FPT Software,Procurement Manager,fintech,10,0976046865
Phạm Quang Lan,pham.quang.lan.11225@gmail.com,Shopee Vietnam,CTO,fintech,10,0328246190
Ngô Thị Mai,ngo.thi.mai.11226@kiotviet.vn,KiotViet,Marketing Manager,software,120,0914569087
Vũ Minh Linh,vu.minh.linh.11227@gemadeptlogi.vn,Gemadept Logistics,CEO,ecommerce,250,0354636312
Lê Văn Phúc,le.van.phuc.11228@gmail.com,Hoà Phát,Product Manager,healthcare,1500,0869526835
Vũ Văn Tuấn,vu.van.tuan.11229@gemadeptlogi.vn,Gemadept Logistics,Marketing Manager,manufacturing,250,0860075457
Đỗ Quang Việt,do.quang.viet.11230@thacoindustr.vn,Thaco Industries,Procurement Manager,education,1500,0978142727
Dương Hồng Mai,duong.hong.mai.11231@viettiengarm.vn,Viet Tien Garment,Product Manager,ecommerce,50,0329024457
Phan Minh Hà,phan.minh.ha.11232@pharmacity.vn,Pharmacity,Sales Director,software,500,0904219162
Hồ Văn Bình,ho.van.binh.11233@gmail.com,FPT Software,Head of Finance,healthcare,1500,0865450192
Phạm Quang Việt,pham.quang.viet.11234@tiki.vn,Tiki,Kế toán trưởng,logistics,50,0358109042
Lê Xuân Hà,le.xuan.ha.11235@gmail.com,Duy Tan Plastics,Procurement Manager,ecommerce,250,0906965358
Lý Hữu Tâm,ly.huu.tam.11236@fptsoftware.vn,FPT Software,CTO,healthcare,500,0916450440
Lê Đức Hà,le.duc.ha.11237@kiotviet.vn,KiotViet,CFO,logistics,50,0905201309
Hồ Quang Quân,ho.quang.quan.11238@duytanplasti.vn,Duy Tan Plastics,Marketing Manager,education,50,0917575232
Hồ Đức Linh,ho.duc.linh.11239@thecoffeehou.vn,The Coffee House,CFO,manufacturing,10,0863682590
Phan Xuân Khánh,phan.xuan.khanh.11240@haravan.vn,Haravan,CEO,retail,50,0909198884
Bùi Hồng Tâm,bui.hong.tam.11241@fptsoftware.vn,FPT Software,CTO,healthcare,250,0939698940
Phan Hồng Dũng,phan.hong.dung.11242@gemadeptlogi.vn,Gemadept Logistics,CTO,education,120,0935718180
Đỗ Đức Tâm,do.duc.tam.11243@momo.vn,MoMo,CTO,healthcare,120,0966686776
Hoàng Quang Trang,hoang.quang.trang.11244@gmail.com,CenLand,CTO,education,10,0938616906
Phan Thanh Việt,phan.thanh.viet.11245@pharmacity.vn,Pharmacity,Marketing Manager,healthcare,25,0917227441
Dương Thị Nam,duong.thi.nam.11246@pharmacity.vn,Pharmacity,Kế toán trưởng,manufacturing,250,0932574962
Trần Hồng Hà,tran.hong.ha.11247@viettiengarm.vn,Viet Tien Garment,CFO,healthcare,1500,0912912673
Ngô Thị Nam,ngo.thi.nam.11248@gemadeptlogi.vn,Gemadept Logistics,Product Manager,ecommerce,500,0919985048
Bùi Hồng Bình,bui.hong.binh.11249@gmail.com,Base.vn,CFO,retail,10,0935375916
Đặng Thanh Châu,dang.thanh.chau.11250@duytanplasti.vn,Duy Tan Plastics,Procurement Manager,manufacturing,25,0862855509
Dương Hồng Phúc,duong.hong.phuc.11251@gmail.com,Pharmacity,Sales Director,healthcare,500,0355012826
Phan Văn Hà,phan.van.ha.11252@hoaphat.vn,Hoà Phát,Sales Director,software,250,0354966509
Vũ Văn Giang,vu.van.giang.11253@pnj.vn,PNJ,Marketing Manager,ecommerce,10,0935098609
Đỗ Thị Sơn,do.thi.son.11254@thecoffeehou.vn,The Coffee House,Procurement Manager,manufacturing,10,0972069812
Lý Thanh Quân,ly.thanh.quan.11255@vinamilk.vn,Vinamilk,Procurement Manager,retail,10,0866907364
Dương Đức Hà,duong.duc.ha.11256@gmail.com,MoMo,Procurement Manager,education,25,0705849150
Đặng Quang Giang,dang.quang.giang.11257@gmail.com,VNG Corporation,Sales Director,logistics,10,0912256269
Đỗ Đức Quân,do.duc.quan.11258@viettiengarm.vn,Viet Tien Garment,Operations Manager,retail,1500,0918502882
Lý Quang Linh,ly.quang.linh.11259@vngcorporati.vn,VNG Corporation,Product Manager,education,10,0960730737
Lý Ngọc Dũng,ly.ngoc.dung.11260@thacoindustr.vn,Thaco Industries,CFO,education,500,0909691073
Bùi Thanh Châu,bui.thanh.chau.11261@gmail.com,The Coffee House,CTO,ecommerce,500,0960704342
Lê Xuân Việt,le.xuan.viet.11262@cenland.vn,CenLand,Product Manager,education,120,0865036453
Phạm Đức Mai,pham.duc.mai.11263@momo.vn,MoMo,Product Manager,software,500,0909203507
Hoàng Hữu Việt,hoang.huu.viet.11264@gmail.com,KiotViet,Sales Director,software,500,0972347563
Võ Văn Hùng,vo.van.hung.11265@vinamilk.vn,Vinamilk,Head of Finance,logistics,120,0909319979
Lý Ngọc Giang,ly.ngoc.giang.11266@vinmec.vn,Vinmec,Operations Manager,manufacturing,500,0916667472
Ngô Ngọc Quân,ngo.ngoc.quan.11267@duytanplasti.vn,Duy Tan Plastics,Kế toán trưởng,healthcare,120,0910494435
Lý Xuân Việt,ly.xuan.viet.11268@thacoindustr.vn,Thaco Industries,Head of Finance,software,120,0916505370
Ngô Đức Dũng,ngo.duc.dung.11269@pnj.vn,PNJ,Product Manager,software,50,0939313697
Hoàng Minh Phúc,hoang.minh.phuc.11270@thacoindustr.vn,Thaco Industries,Product Manager,software,1500,0931206404
Đỗ Thị Việt,do.thi.viet.11271@tiki.vn,Tiki,CFO,fintech,50,0910839902
Hồ Quang Hùng,ho.quang.hung.11272@kiotviet.vn,KiotViet,Kế toán trưởng,fintech,50,0357605954
Trần Thị Hà,tran.thi.ha.11273@kiotviet.vn,KiotViet,Head of Finance,fintech,1500,0860600905
Lý Ngọc Giang,ly.ngoc.giang.11274@topcv.vn,TopCV,Procurement Manager,fintech,25,0960902280
Đỗ Thanh Giang,do.thanh.giang.11275@gmail.com,Vinmec,Head of Finance,education,10,0357284697
Hồ Hữu Quân,ho.huu.quan.11276@gmail.com,Tiki,Marketing Manager,logistics,250,0917567714
Trần Hữu Giang,tran.huu.giang.11277@tiki.vn,Tiki,CEO,retail,1500,0932143364
Vũ Thị Trang,vu.thi.trang.11278@hoaphat.vn,Hoà Phát,Operations Manager,healthcare,10,0863642027
Phạm Văn Trang,pham.van.trang.11279@gmail.com,Hoà Phát,Sales Director,fintech,120,0974493593
Hoàng Đức Trang,hoang.duc.trang.11280@gmail.com,MoMo,Head of Finance,ecommerce,10,0914520631
Vũ Xuân Hà,vu.xuan.ha.11281@vinamilk.vn,Vinamilk,CEO,ecommerce,1500,0974155650
Nguyễn Hồng Nam,nguyen.hong.nam.11282@cenland.vn,CenLand,Kế toán trưởng,healthcare,25,0320088631
Trần Hữu Hùng,tran.huu.hung.11283@gmail.com,Tiki,Marketing Manager,manufacturing,120,0912112468
Hồ Quang Linh,ho.quang.linh.11284@gmail.com,Gemadept Logistics,CEO,fintech,50,0973279198
Lý Hồng Khánh,ly.hong.khanh.11285@shopeevietna.vn,Shopee Vietnam,Product Manager,healthcare,1500,0350990586
Lý Minh Hà,ly.minh.ha.11286@gmail.com,Hoà Phát,Procurement Manager,ecommerce,25,0971625776
Phan Thanh Việt,phan.thanh.viet.11287@thecoffeehou.vn,The Coffee House,Marketing Manager,education,1500,0969720999
Phan Quang Hùng,phan.quang.hung.11288@gmail.com,MoMo,CEO,healthcare,500,0706029027
Lý Ngọc Giang,ly.ngoc.giang.11289@pharmacity.vn,Pharmacity,CFO,software,500,0934878650
Nguyễn Xuân Hà,nguyen.xuan.ha.11290@momo.vn,MoMo,Kế toán trưởng,software,25,0868827012
Võ Thanh Bình,vo.thanh.binh.11291@cenland.vn,CenLand,CTO,education,120,0705520345
Đặng Hữu Việt,dang.huu.viet.11292@pnj.vn,PNJ,CFO,software,500,0357297842
Đỗ Hữu Hà,do.huu.ha.11293@gmail.com,VNG Corporation,Marketing Manager,fintech,1500,0704104258
Đỗ Ngọc Sơn,do.ngoc.son.11294@vngcorporati.vn,VNG Corporation,CTO,software,500,0918054552
Hồ Văn Phúc,ho.van.phuc.11295@basevn.vn,Base.vn,CFO,ecommerce,25,0326344787
Đặng Ngọc Châu,dang.ngoc.chau.11296@cenland.vn,CenLand,Kế toán trưởng,healthcare,120,0963693816
Đặng Quang Hùng,dang.quang.hung.11297@gmail.com,MoMo,Product Manager,retail,250,0968509548
Lý Văn Hà,ly.van.ha.11298@gmail.com,MoMo,CFO,education,10,0704672378
Lê Thị Tâm,le.thi.tam.11299@shopeevietna.vn,Shopee Vietnam,CTO,manufacturing,50,0917429084
Hồ Quang Bình,ho.quang.binh.11300@kiotviet.vn,KiotViet,CTO,software,120,0321291151
Hồ Thanh Châu,ho.thanh.chau.11301@kiotviet.vn,KiotViet,CTO,logistics,1500,0359601334
Nguyễn Hữu Mai,nguyen.huu.mai.11302@pharmacity.vn,Pharmacity,CFO,fintech,120,0905389490
Lê Thanh Dũng,le.thanh.dung.11303@gmail.com,Haravan,Procurement Manager,logistics,1500,0935920775
Hồ Thanh Sơn,ho.thanh.son.11304@gmail.com,Shopee Vietnam,Procurement Manager,manufacturing,250,0936128611
Đỗ Thị Dũng,do.thi.dung.11305@gmail.com,CenLand,Marketing Manager,retail,1500,0971771674
Trần Ngọc Việt,tran.ngoc.viet.11306@gemadeptlogi.vn,Gemadept Logistics,Head of Finance,manufacturing,10,0356758820
Bùi Thị Châu,bui.thi.chau.11307@thecoffeehou.vn,The Coffee House,CTO,retail,10,0976797862
Bùi Minh Dũng,bui.minh.dung.11308@gmail.com,Shopee Vietnam,Head of Finance,software,50,0709588063
Dương Đức Châu,duong.duc.chau.11309@duytanplasti.vn,Duy Tan Plastics,Kế toán trưởng,education,50,0707342559
Đặng Hữu Dũng,dang.huu.dung.11310@momo.vn,MoMo,Head of Finance,retail,25,0933357147
Vũ Đức Dũng,vu.duc.dung.11311@duytanplasti.vn,Duy Tan Plastics,Kế toán trưởng,manufacturing,1500,0979015334
Trần Hữu An,tran.huu.an.11312@tiki.vn,Tiki,Operations Manager,healthcare,250,0707964265
Võ Hữu Bình,vo.huu.binh.11313@viettiengarm.vn,Viet Tien Garment,CTO,ecommerce,1500,0709757653
Bùi Hữu Tâm,bui.huu.tam.11314@gmail.com,Base.vn,CTO,manufacturing,10,0938133603
Ngô Thị Phúc,ngo.thi.phuc.11315@kiotviet.vn,KiotViet,CTO,retail,500,0866204645
Hồ Minh Sơn,ho.minh.son.11316@gmail.com,Viet Tien Garment,Product Manager,logistics,25,0972380781
Vũ Thị Oanh,vu.thi.oanh.11317@haravan.vn,Haravan,Procurement Manager,ecommerce,10,0702495223
Võ Ngọc Trang,vo.ngoc.trang.11318@vinmec.vn,Vinmec,Kế toán trưởng,fintech,500,0979971452
Võ Minh Giang,vo.minh.giang.11319@topcv.vn,TopCV,Kế toán trưởng,logistics,25,0916408559
Phan Hữu An,phan.huu.an.11320@cenland.vn,CenLand,Procurement Manager,retail,10,0938541463
Vũ Hữu Phúc,vu.huu.phuc.11321@cenland.vn,CenLand,CFO,software,1500,0978808657
Đỗ Hữu Oanh,do.huu.oanh.11322@gmail.com,KiotViet,Sales Director,manufacturing,500,0900957576
Phạm Văn Lan,pham.van.lan.11323@gmail.com,MoMo,Product Manager,retail,10,0912108733
Phan Thị Oanh,phan.thi.oanh.11324@gmail.com,Gemadept Logistics,Kế toán trưởng,retail,500,0357075721
Hoàng Văn Lan,hoang.van.lan.11325@thecoffeehou.vn,The Coffee House,Operations Manager,software,50,0351559697
Võ Xuân Bình,vo.xuan.binh.11326@gmail.com,MoMo,Head of Finance,healthcare,10,0322247189
Lê Minh Nam,le.minh.nam.11327@gmail.com,The Coffee House,Procurement Manager,fintech,50,0907679500
Lê Xuân Sơn,le.xuan.son.11328@momo.vn,MoMo,Procurement Manager,healthcare,10,0707108751
Hồ Hữu Quân,ho.huu.quan.11329@vinmec.vn,Vinmec,Operations Manager,fintech,1500,0908879943
Võ Xuân Tuấn,vo.xuan.tuan.11330@vinmec.vn,Vinmec,Product Manager,manufacturing,10,0907168297
Hồ Hữu Dũng,ho.huu.dung.11331@momo.vn,MoMo,CFO,retail,250,0910528220
Hồ Thanh Mai,ho.thanh.mai.11332@shopeevietna.vn,Shopee Vietnam,Sales Director,logistics,25,0707038434
Phan Ngọc Phúc,phan.ngoc.phuc.11333@shopeevietna.vn,Shopee Vietnam,CFO,education,50,0919516071
Phạm Đức Linh,pham.duc.linh.11334@gmail.com,Haravan,Sales Director,healthcare,1500,0976137541
Võ Ngọc Bình,vo.ngoc.binh.11335@gmail.com,Haravan,Sales Director,logistics,250,0866608264
Lê Văn Hà,le.van.ha.11336@kiotviet.vn,KiotViet,Procurement Manager,ecommerce,25,0909069060
Lê Quang Trang,le.quang.trang.11337@topcv.vn,TopCV,CFO,logistics,1500,0960042166
Trần Hữu Hà,tran.huu.ha.11338@basevn.vn,Base.vn,Head of Finance,software,10,0970088352
Dương Minh Tâm,duong.minh.tam.11339@gmail.com,Tiki,Kế toán trưởng,software,250,0934982246
Đặng Xuân Tuấn,dang.xuan.tuan.11340@pnj.vn,PNJ,CEO,education,50,0320285376
Võ Thị Bình,vo.thi.binh.11341@haravan.vn,Haravan,Procurement Manager,education,10,0868281989
Trần Thị Bình,tran.thi.binh.11342@gmail.com,Viet Tien Garment,Marketing Manager,healthcare,250,0911459191
Lê Xuân Phúc,le.xuan.phuc.11343@tiki.vn,Tiki,Marketing Manager,software,120,0919265320
Phan Quang An,phan.quang.an.11344@basevn.vn,Base.vn,CFO,software,1500,0352769106
Vũ Thị An,vu.thi.an.11345@vinmec.vn,Vinmec,Marketing Manager,fintech,1500,0973720705
Ngô Quang Linh,ngo.quang.linh.11346@thecoffeehou.vn,The Coffee House,Sales Director,logistics,1500,0971649599
Trần Hồng Phúc,tran.hong.phuc.11347@gemadeptlogi.vn,Gemadept Logistics,Operations Manager,ecommerce,1500,0933230163
Nguyễn Minh Lan,nguyen.minh.lan.11348@gmail.com,Tiki,CFO,software,50,0964696576
Nguyễn Thị Sơn,nguyen.thi.son.11349@thacoindustr.vn,Thaco Industries,CTO,software,250,0963349274
Trần Xuân Linh,tran.xuan.linh.11350@pharmacity.vn,Pharmacity,Product Manager,ecommerce,250,0935145783
Hồ Minh Khánh,ho.minh.khanh.11351@duytanplasti.vn,Duy Tan Plastics,Sales Director,education,1500,0860319208
Phạm Thanh Quân,pham.thanh.quan.11352@gmail.com,TopCV,Head of Finance,manufacturing,10,0704569927
Lý Xuân An,ly.xuan.an.11353@gmail.com,KiotViet,Kế toán trưởng,ecommerce,50,0932885372
Võ Minh Việt,vo.minh.viet.11354@thecoffeehou.vn,The Coffee House,Sales Director,retail,10,0912570306
Lý Hồng Hùng,ly.hong.hung.11355@fptsoftware.vn,FPT Software,CFO,software,10,0702004324
Ngô Thanh Tuấn,ngo.thanh.tuan.11356@gmail.com,CenLand,CFO,fintech,1500,0327480781
Trần Hồng Bình,tran.hong.binh.11357@gmail.com,KiotViet,Kế toán trưởng,ecommerce,120,0973944465
Phan Ngọc Bình,phan.ngoc.binh.11358@cenland.vn,CenLand,Sales Director,fintech,500,0350480073
Hồ Hữu Nam,ho.huu.nam.11359@fptsoftware.vn,FPT Software,Product Manager,ecommerce,1500,0960790824
Dương Thị Sơn,duong.thi.son.11360@gmail.com,VNG Corporation,Kế toán trưởng,manufacturing,10,0913705530
Ngô Quang Linh,ngo.quang.linh.11361@thacoindustr.vn,Thaco Industries,Marketing Manager,manufacturing,120,0907768750
Lê Hữu Lan,le.huu.lan.11362@gmail.com,Base.vn,Head of Finance,education,1500,0868281566
Bùi Thanh An,bui.thanh.an.11363@gemadeptlogi.vn,Gemadept Logistics,CTO,ecommerce,250,0966185217
Trần Ngọc Quân,tran.ngoc.quan.11364@hoaphat.vn,Hoà Phát,CFO,logistics,10,0970805337
Lý Thị Sơn,ly.thi.son.11365@cenland.vn,CenLand,CTO,fintech,250,0967355066
Dương Minh Giang,duong.minh.giang.11366@gmail.com,Thaco Industries,Marketing Manager,logistics,120,0934875957
Bùi Hồng Khánh,bui.hong.khanh.11367@gmail.com,TopCV,Operations Manager,software,1500,0861027983
Đỗ Thị Dũng,do.thi.dung.11368@fptsoftware.vn,FPT Software,Operations Manager,education,500,0979089361
Lê Hồng Linh,le.hong.linh.11369@vngcorporati.vn,VNG Corporation,CFO,healthcare,250,0358411586
Bùi Minh Phúc,bui.minh.phuc.11370@gmail.com,Vinmec,Product Manager,education,500,0865287371
Trần Thanh Tâm,tran.thanh.tam.11371@tiki.vn,Tiki,Head of Finance,healthcare,25,0861608116
Lê Hữu Oanh,le.huu.oanh.11372@gmail.com,Shopee Vietnam,Marketing Manager,ecommerce,250,0355316623
Bùi Thị Dũng,bui.thi.dung.11373@tiki.vn,Tiki,Marketing Manager,retail,120,0960867412
Đỗ Thanh Nam,do.thanh.nam.11374@basevn.vn,Base.vn,CTO,software,120,0906351104
Nguyễn Ngọc Việt,nguyen.ngoc.viet.11375@gmail.com,Base.vn,Kế toán trưởng,ecommerce,250,0320231073
Vũ Xuân Tuấn,vu.xuan.tuan.11376@vngcorporati.vn,VNG Corporation,Head of Finance,healthcare,10,0912522386
Hoàng Hồng Giang,hoang.hong.giang.11377@fptsoftware.vn,FPT Software,Kế toán trưởng,healthcare,25,0350649808
Đỗ Hồng Nam,do.hong.nam.11378@thecoffeehou.vn,The Coffee House,CEO,education,500,0868081493
Lý Đức Hà,ly.duc.ha.11379@cenland.vn,CenLand,Product Manager,fintech,25,0912584802
Phan Xuân Việt,phan.xuan.viet.11380@viettiengarm.vn,Viet Tien Garment,CTO,manufacturing,25,0978846332
Phan Xuân Tâm,phan.xuan.tam.11381@gmail.com,Pharmacity,Head of Finance,education,1500,0708948283
Võ Minh An,vo.minh.an.11382@pnj.vn,PNJ,Kế toán trưởng,retail,250,0350183293
Ngô Ngọc Oanh,ngo.ngoc.oanh.11383@gmail.com,VNG Corporation,Kế toán trưởng,education,120,0932687496
Dương Đức Tuấn,duong.duc.tuan.11384@topcv.vn,TopCV,Sales Director,retail,500,0919421161
Lý Đức Bình,ly.duc.binh.11385@kiotviet.vn,KiotViet,Head of Finance,healthcare,120,0358205563
Bùi Văn Trang,bui.van.trang.11386@gmail.com,CenLand,Sales Director,education,10,0916727601
Phan Ngọc An,phan.ngoc.an.11387@shopeevietna.vn,Shopee Vietnam,Product Manager,healthcare,1500,0707185179
Hoàng Đức Sơn,hoang.duc.son.11388@thecoffeehou.vn,The Coffee House,Head of Finance,manufacturing,50,0706667472
Hồ Thị An,ho.thi.an.11389@vinamilk.vn,Vinamilk,Sales Director,software,10,0359379308
Bùi Hồng Châu,bui.hong.chau.11390@gmail.com,Tiki,Sales Director,manufacturing,25,0971388502
Trần Thanh Tâm,tran.thanh.tam.11391@gemadeptlogi.vn,Gemadept Logistics,Procurement Manager,healthcare,120,0903360563
Hoàng Ngọc Phúc,hoang.ngoc.phuc.11392@gmail.com,PNJ,Marketing Manager,manufacturing,10,0903909384
Hoàng Văn Bình,hoang.van.binh.11393@topcv.vn,TopCV,CTO,ecommerce,500,0355894982
Nguyễn Thị Châu,nguyen.thi.chau.11394@topcv.vn,TopCV,Procurement Manager,retail,1500,0707608917
Hoàng Quang Bình,hoang.quang.binh.11395@gmail.com,Thaco Industries,Marketing Manager,software,120,0908555777
Trần Thị Khánh,tran.thi.khanh.11396@topcv.vn,TopCV,Marketing Manager,healthcare,500,0902334990
Võ Văn Oanh,vo.van.oanh.11397@cenland.vn,CenLand,Operations Manager,retail,500,0967550893
Võ Thị Dũng,vo.thi.dung.11398@gmail.com,The Coffee House,CTO,healthcare,25,0979757433
Lê Đức Sơn,le.duc.son.11399@pnj.vn,PNJ,Kế toán trưởng,logistics,120,0971003578
Lý Thanh Tâm,ly.thanh.tam.11400@tiki.vn,Tiki,Kế toán trưởng,fintech,250,0350719255
Bùi Hữu Dũng,bui.huu.dung.11401@gmail.com,Vinamilk,Head of Finance,ecommerce,10,0907209101
Ngô Xuân Hùng,ngo.xuan.hung.11402@gmail.com,Base.vn,Sales Director,healthcare,10,0933069511
Dương Đức Sơn,duong.duc.son.11403@gmail.com,CenLand,Product Manager,manufacturing,50,0902760242
Trần Đức Tâm,tran.duc.tam.11404@duytanplasti.vn,Duy Tan Plastics,Sales Director,healthcare,10,0327770482
Trần Đức Dũng,tran.duc.dung.11405@gmail.com,Shopee Vietnam,Procurement Manager,ecommerce,25,0901414757
Ngô Thị Tâm,ngo.thi.tam.11406@thecoffeehou.vn,The Coffee House,CEO,retail,250,0902716713
Dương Văn Việt,duong.van.viet.11407@thecoffeehou.vn,The Coffee House,Head of Finance,manufacturing,25,0900817475
Ngô Thanh Mai,ngo.thanh.mai.11408@gmail.com,Duy Tan Plastics,CTO,retail,120,0905861818
Dương Đức Linh,duong.duc.linh.11409@momo.vn,MoMo,Operations Manager,ecommerce,50,0709026364
Bùi Hồng Trang,bui.hong.trang.11410@vngcorporati.vn,VNG Corporation,Head of Finance,education,10,0978155139
Lý Minh Dũng,ly.minh.dung.11411@gmail.com,The Coffee House,Head of Finance,healthcare,500,0326917507
Phạm Văn Tâm,pham.van.tam.11412@gmail.com,Vinmec,Procurement Manager,software,500,0700426938
Võ Hữu Tâm,vo.huu.tam.11413@gmail.com,Gemadept Logistics,CFO,logistics,250,0910284452
Phan Quang Bình,phan.quang.binh.11414@gmail.com,VNG Corporation,Operations Manager,healthcare,500,0355911123
Trần Hồng Hà,tran.hong.ha.11415@shopeevietna.vn,Shopee Vietnam,Operations Manager,education,50,0908579606
Trần Minh An,tran.minh.an.11416@basevn.vn,Base.vn,Head of Finance,ecommerce,500,0902367970
Ngô Minh Mai,ngo.minh.mai.11417@pnj.vn,PNJ,CFO,ecommerce,250,0865103206
Lê Hồng An,le.hong.an.11418@gmail.com,PNJ,Sales Director,manufacturing,50,0329155381
Võ Thị Oanh,vo.thi.oanh.11419@vinamilk.vn,Vinamilk,Kế toán trưởng,healthcare,1500,0869419559
Đỗ Văn Bình,do.van.binh.11420@thecoffeehou.vn,The Coffee House,CTO,software,120,0329840205
Nguyễn Ngọc Oanh,nguyen.ngoc.oanh.11421@gemadeptlogi.vn,Gemadept Logistics,Operations Manager,software,1500,0866943436
Vũ Thị Linh,vu.thi.linh.11422@viettiengarm.vn,Viet Tien Garment,Operations Manager,ecommerce,500,0963464797
Phan Đức Tuấn,phan.duc.tuan.11423@fptsoftware.vn,FPT Software,Procurement Manager,education,50,0359116780
Trần Thanh Việt,tran.thanh.viet.11424@thecoffeehou.vn,The Coffee House,Head of Finance,manufacturing,120,0905384971
Bùi Quang Oanh,bui.quang.oanh.11425@gmail.com,The Coffee House,Procurement Manager,healthcare,250,0327658070
Lê Thanh Quân,le.thanh.quan.11426@pharmacity.vn,Pharmacity,Sales Director,ecommerce,250,0327217098
Phạm Văn Khánh,pham.van.khanh.11427@momo.vn,MoMo,Product Manager,healthcare,120,0933819102
Võ Văn Tuấn,vo.van.tuan.11428@cenland.vn,CenLand,Procurement Manager,retail,500,0704132550
Ngô Xuân Tâm,ngo.xuan.tam.11429@thacoindustr.vn,Thaco Industries,Procurement Manager,logistics,25,0931017445
Lê Minh Tâm,le.minh.tam.11430@gmail.com,PNJ,CEO,healthcare,500,0910918580
Đỗ Quang Mai,do.quang.mai.11431@vinmec.vn,Vinmec,Head of Finance,healthcare,50,0352142879
Lý Đức Lan,ly.duc.lan.11432@vinamilk.vn,Vinamilk,CFO,education,500,0933641771
Hoàng Thanh Mai,hoang.thanh.mai.11433@fptsoftware.vn,FPT Software,Product Manager,healthcare,10,0863748318
Bùi Quang Hùng,bui.quang.hung.11434@fptsoftware.vn,FPT Software,CTO,ecommerce,500,0968043917
Nguyễn Xuân Bình,nguyen.xuan.binh.11435@gmail.com,Duy Tan Plastics,Procurement Manager,ecommerce,250,0960998476
Hồ Văn Phúc,ho.van.phuc.11436@basevn.vn,Base.vn,CEO,education,25,0862359053
Ngô Đức Bình,ngo.duc.binh.11437@shopeevietna.vn,Shopee Vietnam,Product Manager,fintech,120,0351761135
Vũ Hữu Việt,vu.huu.viet.11438@haravan.vn,Haravan,CTO,manufacturing,120,0325776447
Trần Quang Hà,tran.quang.ha.11439@hoaphat.vn,Hoà Phát,CTO,manufacturing,10,0963207741
Phạm Văn Châu,pham.van.chau.11440@vinamilk.vn,Vinamilk,Procurement Manager,retail,10,0919780046
Phạm Minh Oanh,pham.minh.oanh.11441@kiotviet.vn,KiotViet,Product Manager,fintech,1500,0968422357
Đỗ Hồng Việt,do.hong.viet.11442@thacoindustr.vn,Thaco Industries,Sales Director,software,10,0934760920
Vũ Minh Lan,vu.minh.lan.11443@cenland.vn,CenLand,CEO,ecommerce,10,0933205221
Bùi Hồng Giang,bui.hong.giang.11444@basevn.vn,Base.vn,CFO,logistics,25,0977899389
Nguyễn Minh Lan,nguyen.minh.lan.11445@gmail.com,Vinmec,Sales Director,healthcare,25,0914578601
Hồ Thanh Khánh,ho.thanh.khanh.11446@vngcorporati.vn,VNG Corporation,CTO,retail,120,0970477699
Vũ Minh Dũng,vu.minh.dung.11447@gmail.com,Gemadept Logistics,Operations Manager,logistics,250,0938824380
Lý Đức Bình,ly.duc.binh.11448@vngcorporati.vn,VNG Corporation,CEO,retail,1500,0322284304
Vũ Đức Tâm,vu.duc.tam.11449@shopeevietna.vn,Shopee Vietnam,Kế toán trưởng,ecommerce,250,0709449222
Trần Đức An,tran.duc.an.11450@duytanplasti.vn,Duy Tan Plastics,CFO,logistics,50,0961388633
Phạm Quang Tuấn,pham.quang.tuan.11451@gmail.com,Shopee Vietnam,Kế toán trưởng,software,120,0904663978
Ngô Quang Tâm,ngo.quang.tam.11452@pharmacity.vn,Pharmacity,Sales Director,logistics,1500,0917184289
Võ Thanh Dũng,vo.thanh.dung.11453@basevn.vn,Base.vn,Procurement Manager,logistics,120,0865696463
Lê Minh Trang,le.minh.trang.11454@gmail.com,Thaco Industries,Marketing Manager,healthcare,10,0701657044
Vũ Đức Tuấn,vu.duc.tuan.11455@fptsoftware.vn,FPT Software,CFO,healthcare,250,0964471721
Trần Ngọc Tâm,tran.ngoc.tam.11456@gmail.com,MoMo,CTO,software,50,0704651541
Phan Thị Quân,phan.thi.quan.11457@gmail.com,KiotViet,Operations Manager,fintech,50,0911406750
Phạm Hồng Bình,pham.hong.binh.11458@pnj.vn,PNJ,CEO,logistics,25,0707512705
Phan Xuân Oanh,phan.xuan.oanh.11459@tiki.vn,Tiki,CTO,logistics,500,0918582644
Võ Quang Giang,vo.quang.giang.11460@gmail.com,Gemadept Logistics,CFO,fintech,10,0977728696
Ngô Thị Hà,ngo.thi.ha.11461@kiotviet.vn,KiotViet,Head of Finance,retail,250,0864429947
Lê Xuân Phúc,le.xuan.phuc.11462@hoaphat.vn,Hoà Phát,CTO,logistics,10,0868852687
Nguyễn Xuân Linh,nguyen.xuan.linh.11463@haravan.vn,Haravan,Marketing Manager,healthcare,10,0913922412
Vũ Đức Dũng,vu.duc.dung.11464@thacoindustr.vn,Thaco Industries,CFO,education,500,0868784375
Phan Ngọc Dũng,phan.ngoc.dung.11465@hoaphat.vn,Hoà Phát,CTO,logistics,500,0905322250
Đỗ Quang An,do.quang.an.11466@gmail.com,VNG Corporation,CFO,manufacturing,25,0976869808
Bùi Thanh Châu,bui.thanh.chau.11467@thacoindustr.vn,Thaco Industries,CTO,healthcare,50,0327212475
Hồ Hữu Giang,ho.huu.giang.11468@gmail.com,KiotViet,Product Manager,education,25,0970757501
Phạm Thanh Việt,pham.thanh.viet.11469@vinmec.vn,Vinmec,CEO,education,1500,0966822258
Trần Ngọc Lan,tran.ngoc.lan.11470@tiki.vn,Tiki,CTO,fintech,250,0936087720
Hồ Xuân Hà,ho.xuan.ha.11471@gemadeptlogi.vn,Gemadept Logistics,Kế toán trưởng,manufacturing,50,0917118071
Phan Xuân Bình,phan.xuan.binh.11472@hoaphat.vn,Hoà Phát,Product Manager,retail,250,0705021206
Vũ Minh Tuấn,vu.minh.tuan.11473@gmail.com,Base.vn,Head of Finance,logistics,50,0705453422
Vũ Hữu Nam,vu.huu.nam.11474@pnj.vn,PNJ,CFO,retail,50,0917703092
Ngô Hữu Việt,ngo.huu.viet.11475@gmail.com,KiotViet,Sales Director,logistics,50,0325131814
Dương Quang Trang,duong.quang.trang.11476@pnj.vn,PNJ,Head of Finance,ecommerce,500,0901894191
Lý Quang Phúc,ly.quang.phuc.11477@basevn.vn,Base.vn,Marketing Manager,software,120,0911646935
Đặng Hồng Hùng,dang.hong.hung.11478@hoaphat.vn,Hoà Phát,Head of Finance,ecommerce,120,0935080903
Ngô Minh Sơn,ngo.minh.son.11479@gmail.com,Gemadept Logistics,Marketing Manager,software,10,0912538782
Vũ Thị Bình,vu.thi.binh.11480@haravan.vn,Haravan,Sales Director,manufacturing,500,0918450693
Bùi Hữu Việt,bui.huu.viet.11481@gmail.com,CenLand,CFO,education,1500,0969201962
Võ Văn Nam,vo.van.nam.11482@gemadeptlogi.vn,Gemadept Logistics,Kế toán trưởng,education,10,0962941789
Bùi Quang Hùng,bui.quang.hung.11483@gmail.com,Gemadept Logistics,Sales Director,education,120,0915478466
Lê Minh Tuấn,le.minh.tuan.11484@kiotviet.vn,KiotViet,Marketing Manager,healthcare,1500,0907262984
Vũ Minh Châu,vu.minh.chau.11485@momo.vn,MoMo,Head of Finance,fintech,10,0708855587
Phan Đức Oanh,phan.duc.oanh.11486@gmail.com,Vinamilk,CEO,education,1500,0965377144
Đặng Xuân Việt,dang.xuan.viet.11487@basevn.vn,Base.vn,CEO,fintech,250,0969056495
Đặng Thanh Hà,dang.thanh.ha.11488@topcv.vn,TopCV,Sales Director,fintech,250,0973432289
Hoàng Thanh An,hoang.thanh.an.11489@pharmacity.vn,Pharmacity,Marketing Manager,fintech,25,0938998465
Phạm Hữu Nam,pham.huu.nam.11490@thecoffeehou.vn,The Coffee House,CEO,retail,1500,0701764622
Hồ Thị Khánh,ho.thi.khanh.11491@gmail.com,MoMo,Operations Manager,retail,50,0355559044
Lý Hồng Mai,ly.hong.mai.11492@vinamilk.vn,Vinamilk,Operations Manager,fintech,250,0329106297
Dương Hồng Dũng,duong.hong.dung.11493@gmail.com,Hoà Phát,CTO,fintech,10,0864616311
Bùi Quang Nam,bui.quang.nam.11494@gmail.com,Base.vn,Sales Director,fintech,1500,0910011512
Hồ Xuân Châu,ho.xuan.chau.11495@gmail.com,Pharmacity,Operations Manager,fintech,120,0915341251
Vũ Văn Bình,vu.van.binh.11496@gmail.com,Gemadept Logistics,Head of Finance,healthcare,10,0931816674
Phạm Xuân Quân,pham.xuan.quan.11497@kiotviet.vn,KiotViet,Kế toán trưởng,manufacturing,120,0705146637
Vũ Văn Quân,vu.van.quan.11498@tiki.vn,Tiki,Procurement Manager,software,10,0869854474
Đỗ Xuân Lan,do.xuan.lan.11499@gmail.com,VNG Corporation,CTO,fintech,250,0967764334
Hoàng Văn Phúc,hoang.van.phuc.11500@thacoindustr.vn,Thaco Industries,Procurement Manager,fintech,250,0935291855
Dương Xuân Tuấn,duong.xuan.tuan.11501@duytanplasti.vn,Duy Tan Plastics,CEO,healthcare,25,0932434762
Võ Hữu Tâm,vo.huu.tam.11502@hoaphat.vn,Hoà Phát,Product Manager,software,10,0324600053
Dương Văn Sơn,duong.van.son.11503@gmail.com,Duy Tan Plastics,CEO,education,120,0869957037
Lê Hồng Tuấn,le.hong.tuan.11504@gmail.com,Thaco Industries,Marketing Manager,healthcare,1500,0903013990
Vũ Ngọc Sơn,vu.ngoc.son.11505@haravan.vn,Haravan,Product Manager,manufacturing,50,0866444797
Võ Ngọc Bình,vo.ngoc.binh.11506@gmail.com,Thaco Industries,Kế toán trưởng,healthcare,120,0869253185
Vũ Hồng Trang,vu.hong.trang.11507@fptsoftware.vn,FPT Software,Operations Manager,manufacturing,1500,0973576390
Phạm Thanh Bình,pham.thanh.binh.11508@gmail.com,Thaco Industries,CTO,software,50,0972483543
Vũ Ngọc Nam,vu.ngoc.nam.11509@cenland.vn,CenLand,CTO,healthcare,500,0908477586
Ngô Xuân Trang,ngo.xuan.trang.11510@pharmacity.vn,Pharmacity,Kế toán trưởng,manufacturing,50,0931070790
Lý Quang Phúc,ly.quang.phuc.11511@vngcorporati.vn,VNG Corporation,CFO,retail,500,0352313239
Võ Văn Châu,vo.van.chau.11512@vngcorporati.vn,VNG Corporation,CEO,software,50,0706839240
Trần Đức Bình,tran.duc.binh.11513@gmail.com,Base.vn,Procurement Manager,education,25,0910777938
Nguyễn Thị Trang,nguyen.thi.trang.11514@hoaphat.vn,Hoà Phát,Product Manager,fintech,50,0326353800
Phan Quang Phúc,phan.quang.phuc.11515@kiotviet.vn,KiotViet,Marketing Manager,healthcare,1500,0703672195
Đặng Đức Khánh,dang.duc.khanh.11516@vngcorporati.vn,VNG Corporation,Procurement Manager,retail,250,0934627715
Vũ Minh Châu,vu.minh.chau.11517@thecoffeehou.vn,The Coffee House,CFO,logistics,250,0963512980
Dương Hồng Tâm,duong.hong.tam.11518@hoaphat.vn,Hoà Phát,Kế toán trưởng,manufacturing,1500,0910260117
Bùi Thanh Châu,bui.thanh.chau.11519@momo.vn,MoMo,Head of Finance,healthcare,1500,0358075317
Dương Thị Phúc,duong.thi.phuc.11520@gmail.com,Viet Tien Garment,Marketing Manager,retail,25,0971013425
Hoàng Ngọc Hà,hoang.ngoc.ha.11521@pharmacity.vn,Pharmacity,Marketing Manager,healthcare,50,0326710904
Phạm Văn Bình,pham.van.binh.11522@basevn.vn,Base.vn,Head of Finance,software,25,0862370049
Trần Hữu Trang,tran.huu.trang.11523@thacoindustr.vn,Thaco Industries,CTO,healthcare,500,0965443451
Võ Hồng Dũng,vo.hong.dung.11524@thecoffeehou.vn,The Coffee House,Operations Manager,logistics,25,0936371009
Lý Đức Trang,ly.duc.trang.11525@gmail.com,Pharmacity,Operations Manager,manufacturing,120,0979383414
Lý Minh Quân,ly.minh.quan.11526@gmail.com,Vinamilk,Sales Director,retail,1500,0932256067
Phan Hồng Mai,phan.hong.mai.11527@thecoffeehou.vn,The Coffee House,CEO,ecommerce,1500,0919532433
Vũ Hồng Lan,vu.hong.lan.11528@topcv.vn,TopCV,Sales Director,healthcare,25,0359018629
Trần Thị Lan,tran.thi.lan.11529@gmail.com,Hoà Phát,Operations Manager,logistics,25,0975411567
Vũ Hữu Oanh,vu.huu.oanh.11530@tiki.vn,Tiki,Sales Director,software,250,0976521095
Nguyễn Hữu An,nguyen.huu.an.11531@tiki.vn,Tiki,Marketing Manager,retail,25,0328023082
Võ Thanh Châu,vo.thanh.chau.11532@vinmec.vn,Vinmec,Operations Manager,ecommerce,50,0912307559
Ngô Minh Dũng,ngo.minh.dung.11533@thecoffeehou.vn,The Coffee House,CEO,retail,25,0358150614
Hồ Quang Linh,ho.quang.linh.11534@vngcorporati.vn,VNG Corporation,Operations Manager,manufacturing,25,0964669676
Phan Thanh Hùng,phan.thanh.hung.11535@basevn.vn,Base.vn,Sales Director,manufacturing,1500,0329011502
Phan Hữu Linh,phan.huu.linh.11536@vinamilk.vn,Vinamilk,Sales Director,retail,50,0320891286
Phạm Quang Dũng,pham.quang.dung.11537@fptsoftware.vn,FPT Software,Marketing Manager,logistics,50,0355138512
Lý Đức Châu,ly.duc.chau.11538@gmail.com,Shopee Vietnam,Kế toán trưởng,ecommerce,250,0964111606
Đỗ Văn Tuấn,do.van.tuan.11539@vinmec.vn,Vinmec,Sales Director,logistics,500,0901276793
Đặng Đức An,dang.duc.an.11540@gmail.com,Thaco Industries,Product Manager,software,1500,0970705676
Lý Hữu Hà,ly.huu.ha.11541@haravan.vn,Haravan,CTO,manufacturing,120,0320153919
Đỗ Thị Linh,do.thi.linh.11542@thacoindustr.vn,Thaco Industries,CEO,education,25,0937069289
Đỗ Hồng Tâm,do.hong.tam.11543@thacoindustr.vn,Thaco Industries,Operations Manager,retail,250,0329227416
Đỗ Xuân Bình,do.xuan.binh.11544@fptsoftware.vn,FPT Software,Sales Director,retail,1500,0913245645
Vũ Ngọc Lan,vu.ngoc.lan.11545@hoaphat.vn,Hoà Phát,Marketing Manager,education,1500,0703671251
Lê Văn Giang,le.van.giang.11546@fptsoftware.vn,FPT Software,Procurement Manager,fintech,25,0936513201
Đỗ Hồng Châu,do.hong.chau.11547@gmail.com,Vinmec,CTO,software,25,0907988266
Bùi Thị Dũng,bui.thi.dung.11548@cenland.vn,CenLand,Product Manager,retail,25,0932741977
Hồ Xuân Oanh,ho.xuan.oanh.11549@momo.vn,MoMo,Marketing Manager,manufacturing,50,0861182718
Vũ Thị Lan,vu.thi.lan.11550@gmail.com,Viet Tien Garment,CFO,ecommerce,120,0934842783
Vũ Minh Châu,vu.minh.chau.11551@haravan.vn,Haravan,Procurement Manager,software,250,0916518511
Phạm Ngọc Lan,pham.ngoc.lan.11552@kiotviet.vn,KiotViet,Sales Director,logistics,50,0932738065
Nguyễn Hữu Hùng,nguyen.huu.hung.11553@thacoindustr.vn,Thaco Industries,CEO,manufacturing,120,0705090261
Lý Ngọc Lan,ly.ngoc.lan.11554@cenland.vn,CenLand,Operations Manager,logistics,500,0909715307
Bùi Minh Linh,bui.minh.linh.11555@topcv.vn,TopCV,Procurement Manager,healthcare,500,0918563429
Lý Quang Tâm,ly.quang.tam.11556@kiotviet.vn,KiotViet,Procurement Manager,ecommerce,120,0913817438
Đặng Đức Tuấn,dang.duc.tuan.11557@gmail.com,Pharmacity,Operations Manager,ecommerce,120,0913723902
Hoàng Quang Hà,hoang.quang.ha.11558@gmail.com,Hoà Phát,Head of Finance,manufacturing,50,0905772893
Đỗ Xuân Hùng,do.xuan.hung.11559@pnj.vn,PNJ,CTO,logistics,250,0702664270
Bùi Xuân Sơn,bui.xuan.son.11560@duytanplasti.vn,Duy Tan Plastics,Head of Finance,manufacturing,500,0706222161
Hồ Hữu Trang,ho.huu.trang.11561@thecoffeehou.vn,The Coffee House,Product Manager,education,25,0329357953
Bùi Quang Tuấn,bui.quang.tuan.11562@cenland.vn,CenLand,Operations Manager,healthcare,120,0702764204
Ngô Đức Giang,ngo.duc.giang.11563@thacoindustr.vn,Thaco Industries,CFO,retail,500,0964351873
Võ Quang Hà,vo.quang.ha.11564@gmail.com,TopCV,Procurement Manager,manufacturing,250,0705341503
Bùi Thị Oanh,bui.thi.oanh.11565@gmail.com,Vinmec,CEO,retail,1500,0351418503
Ngô Văn Bình,ngo.van.binh.11566@gmail.com,Gemadept Logistics,Marketing Manager,manufacturing,25,0358007296
Hồ Minh Bình,ho.minh.binh.11567@gmail.com,Hoà Phát,Procurement Manager,healthcare,25,0700443852
Hồ Thị Tâm,ho.thi.tam.11568@thacoindustr.vn,Thaco Industries,CFO,ecommerce,10,0868054824
Lê Quang Sơn,le.quang.son.11569@duytanplasti.vn,Duy Tan Plastics,CFO,education,50,0931833008
Hồ Hồng Việt,ho.hong.viet.11570@momo.vn,MoMo,Product Manager,ecommerce,50,0971807391
Ngô Thanh Linh,ngo.thanh.linh.11571@gmail.com,VNG Corporation,CEO,manufacturing,250,0964981692
Dương Đức Hùng,duong.duc.hung.11572@cenland.vn,CenLand,Operations Manager,ecommerce,10,0353110361
Bùi Minh Linh,bui.minh.linh.11573@pharmacity.vn,Pharmacity,CTO,software,1500,0963344317
Lý Minh Tâm,ly.minh.tam.11574@fptsoftware.vn,FPT Software,Marketing Manager,ecommerce,1500,0320203160
Đỗ Hồng Hùng,do.hong.hung.11575@gmail.com,Haravan,Sales Director,education,50,0934684504
Dương Hồng Hùng,duong.hong.hung.11576@gmail.com,Haravan,Marketing Manager,software,120,0707721569
Phạm Đức Mai,pham.duc.mai.11577@duytanplasti.vn,Duy Tan Plastics,Head of Finance,healthcare,50,0978477784
Võ Xuân Hà,vo.xuan.ha.11578@gmail.com,Haravan,Kế toán trưởng,logistics,25,0350919202
Lê Hữu Khánh,le.huu.khanh.11579@gmail.com,Shopee Vietnam,Kế toán trưởng,education,25,0357279629
Phan Quang Nam,phan.quang.nam.11580@momo.vn,MoMo,CFO,education,50,0918920043
Võ Hữu Sơn,vo.huu.son.11581@gmail.com,MoMo,CEO,software,10,0323641168
Phạm Quang Tâm,pham.quang.tam.11582@gmail.com,Base.vn,CEO,ecommerce,10,0860753202
Vũ Ngọc Sơn,vu.ngoc.son.11583@tiki.vn,Tiki,CFO,manufacturing,25,0917156856
Nguyễn Thanh Khánh,nguyen.thanh.khanh.11584@gmail.com,MoMo,Marketing Manager,logistics,500,0700354244
Võ Xuân Bình,vo.xuan.binh.11585@gmail.com,FPT Software,Sales Director,ecommerce,250,0906512688
Trần Hồng Oanh,tran.hong.oanh.11586@gmail.com,PNJ,Marketing Manager,education,50,0356853730
Lê Hữu Nam,le.huu.nam.11587@gmail.com,Base.vn,Kế toán trưởng,retail,10,0359025756
Đỗ Hữu Phúc,do.huu.phuc.11588@gmail.com,Tiki,Operations Manager,manufacturing,250,0860961842
Lý Thanh Nam,ly.thanh.nam.11589@gmail.com,Haravan,Procurement Manager,retail,10,0862885791
Phạm Xuân Hà,pham.xuan.ha.11590@tiki.vn,Tiki,CFO,education,120,0915256729
Phạm Quang Nam,pham.quang.nam.11591@vinmec.vn,Vinmec,CTO,ecommerce,50,0323395233
Phan Văn An,phan.van.an.11592@hoaphat.vn,Hoà Phát,Marketing Manager,retail,120,0325231403
Trần Thị Khánh,tran.thi.khanh.11593@gmail.com,Pharmacity,CTO,logistics,250,0323055751
Đặng Quang Lan,dang.quang.lan.11594@gmail.com,TopCV,Sales Director,retail,120,0355337034
Dương Văn Hùng,duong.van.hung.11595@cenland.vn,CenLand,Kế toán trưởng,education,25,0356311120
Bùi Thị Sơn,bui.thi.son.11596@kiotviet.vn,KiotViet,CFO,retail,25,0965240768
Bùi Hữu Quân,bui.huu.quan.11597@thecoffeehou.vn,The Coffee House,CFO,logistics,250,0351353256
Võ Văn Tâm,vo.van.tam.11598@gmail.com,TopCV,Product Manager,software,10,0910658303
Ngô Thị Trang,ngo.thi.trang.11599@topcv.vn,TopCV,Product Manager,manufacturing,250,0938974104
Hoàng Thanh Châu,hoang.thanh.chau.11600@fptsoftware.vn,FPT Software,Marketing Manager,software,120,0911291715
Hồ Quang Tâm,ho.quang.tam.11601@shopeevietna.vn,Shopee Vietnam,Sales Director,healthcare,120,0976780799
Ngô Đức Bình,ngo.duc.binh.11602@viettiengarm.vn,Viet Tien Garment,Head of Finance,software,25,0978583853
Dương Văn Mai,duong.van.mai.11603@gmail.com,KiotViet,Operations Manager,ecommerce,500,0353869934
Đỗ Ngọc Việt,do.ngoc.viet.11604@vinmec.vn,Vinmec,CEO,healthcare,250,0978899926
Bùi Hữu Châu,bui.huu.chau.11605@momo.vn,MoMo,Marketing Manager,education,10,0961025399
Bùi Hồng Linh,bui.hong.linh.11606@momo.vn,MoMo,Head of Finance,healthcare,250,0702532138
Trần Đức Việt,tran.duc.viet.11607@gmail.com,TopCV,Head of Finance,manufacturing,10,0705351091
Vũ Hồng Trang,vu.hong.trang.11608@gemadeptlogi.vn,Gemadept Logistics,Product Manager,ecommerce,10,0904860889
Nguyễn Minh Giang,nguyen.minh.giang.11609@haravan.vn,Haravan,Head of Finance,software,500,0910826881
Ngô Đức Trang,ngo.duc.trang.11610@gmail.com,VNG Corporation,Product Manager,ecommerce,1500,0356746699
Vũ Quang Oanh,vu.quang.oanh.11611@viettiengarm.vn,Viet Tien Garment,Head of Finance,ecommerce,120,0705699823
Dương Văn Việt,duong.van.viet.11612@topcv.vn,TopCV,CTO,education,1500,0903158088
Dương Thị Châu,duong.thi.chau.11613@viettiengarm.vn,Viet Tien Garment,Sales Director,software,120,0866638678
Trần Thanh Tuấn,tran.thanh.tuan.11614@cenland.vn,CenLand,Head of Finance,healthcare,10,0978830155
Hoàng Đức Tâm,hoang.duc.tam.11615@gmail.com,KiotViet,Product Manager,ecommerce,500,0906513045
Võ Ngọc Tâm,vo.ngoc.tam.11616@vinmec.vn,Vinmec,CTO,manufacturing,500,0938046961
Đỗ Hữu Quân,do.huu.quan.11617@basevn.vn,Base.vn,CEO,healthcare,500,0939660369
Đặng Đức Phúc,dang.duc.phuc.11618@pnj.vn,PNJ,Head of Finance,retail,50,0971153172
Bùi Ngọc Khánh,bui.ngoc.khanh.11619@vngcorporati.vn,VNG Corporation,CTO,healthcare,50,0967791893
Vũ Ngọc Việt,vu.ngoc.viet.11620@pharmacity.vn,Pharmacity,CFO,retail,250,0863932529
Phan Quang Sơn,phan.quang.son.11621@vngcorporati.vn,VNG Corporation,Procurement Manager,logistics,250,0707413862
Võ Thị Việt,vo.thi.viet.11622@fptsoftware.vn,FPT Software,Operations Manager,fintech,120,0976338314
Ngô Văn Trang,ngo.van.trang.11623@haravan.vn,Haravan,Kế toán trưởng,fintech,1500,0932182012
Nguyễn Minh Tâm,nguyen.minh.tam.11624@gmail.com,Base.vn,Marketing Manager,fintech,1500,0866450829
Đặng Thị Nam,dang.thi.nam.11625@gmail.com,Thaco Industries,Product Manager,education,25,0965098380
Đặng Văn Nam,dang.van.nam.11626@tiki.vn,Tiki,Procurement Manager,logistics,50,0352683414
Võ Hồng Tâm,vo.hong.tam.11627@vinamilk.vn,Vinamilk,Sales Director,ecommerce,120,0862373096
Lê Văn An,le.van.an.11628@gemadeptlogi.vn,Gemadept Logistics,Product Manager,fintech,25,0962205299
Hoàng Minh Sơn,hoang.minh.son.11629@momo.vn,MoMo,Kế toán trưởng,healthcare,25,0972989009
Nguyễn Hữu Quân,nguyen.huu.quan.11630@gmail.com,VNG Corporation,CFO,manufacturing,250,0963231688
Vũ Xuân Hùng,vu.xuan.hung.11631@gmail.com,Thaco Industries,CTO,retail,10,0930001127
Lê Thanh Bình,le.thanh.binh.11632@viettiengarm.vn,Viet Tien Garment,Head of Finance,retail,50,0324694448
Nguyễn Đức Mai,nguyen.duc.mai.11633@gmail.com,Duy Tan Plastics,Kế toán trưởng,retail,500,0960983556
Phan Xuân Linh,phan.xuan.linh.11634@pnj.vn,PNJ,CTO,healthcare,250,0355474601
Lý Văn Tuấn,ly.van.tuan.11635@vinmec.vn,Vinmec,CEO,software,250,0353618315
Vũ Quang Oanh,vu.quang.oanh.11636@hoaphat.vn,Hoà Phát,Procurement Manager,ecommerce,1500,0936724438
Đỗ Minh Việt,do.minh.viet.11637@vngcorporati.vn,VNG Corporation,CTO,education,120,0907454837
Phan Văn Phúc,phan.van.phuc.11638@thacoindustr.vn,Thaco Industries,Marketing Manager,fintech,50,0326304526
Ngô Hồng Nam,ngo.hong.nam.11639@vinamilk.vn,Vinamilk,Marketing Manager,manufacturing,10,0356949351
Bùi Xuân Hùng,bui.xuan.hung.11640@viettiengarm.vn,Viet Tien Garment,CTO,healthcare,1500,0933587147
Ngô Quang Mai,ngo.quang.mai.11641@haravan.vn,Haravan,CEO,ecommerce,120,0968771621
Võ Ngọc Giang,vo.ngoc.giang.11642@gmail.com,Viet Tien Garment,CFO,ecommerce,500,0972955239
Lý Đức Mai,ly.duc.mai.11643@pharmacity.vn,Pharmacity,Kế toán trưởng,ecommerce,120,0936722313
Lê Thanh Châu,le.thanh.chau.11644@kiotviet.vn,KiotViet,CFO,manufacturing,500,0960328705
Trần Thanh Châu,tran.thanh.chau.11645@tiki.vn,Tiki,Procurement Manager,education,250,0862643947
Vũ Ngọc Quân,vu.ngoc.quan.11646@thacoindustr.vn,Thaco Industries,Kế toán trưởng,ecommerce,120,0913307581
Đặng Văn An,dang.van.an.11647@tiki.vn,Tiki,CEO,ecommerce,50,0938463145
Hồ Ngọc Việt,ho.ngoc.viet.11648@thecoffeehou.vn,The Coffee House,Marketing Manager,fintech,120,0866551749
Vũ Ngọc Linh,vu.ngoc.linh.11649@gmail.com,Vinamilk,CEO,healthcare,1500,0962210488
Dương Quang Tuấn,duong.quang.tuan.11650@basevn.vn,Base.vn,Marketing Manager,retail,250,0350023166
Võ Ngọc Tuấn,vo.ngoc.tuan.11651@gmail.com,Viet Tien Garment,Marketing Manager,manufacturing,250,0904633775
Vũ Quang Linh,vu.quang.linh.11652@pharmacity.vn,Pharmacity,Marketing Manager,software,10,0971159177
Dương Thị Trang,duong.thi.trang.11653@vinmec.vn,Vinmec,Kế toán trưởng,retail,250,0320050988
Ngô Ngọc Lan,ngo.ngoc.lan.11654@hoaphat.vn,Hoà Phát,Procurement Manager,manufacturing,120,0900903680
Phạm Văn An,pham.van.an.11655@vinmec.vn,Vinmec,Procurement Manager,software,10,0979988829
Phan Thanh Giang,phan.thanh.giang.11656@tiki.vn,Tiki,Procurement Manager,ecommerce,50,0964117531
Phạm Xuân Hùng,pham.xuan.hung.11657@vngcorporati.vn,VNG Corporation,Sales Director,fintech,25,0905606377
Đỗ Văn An,do.van.an.11658@gmail.com,Gemadept Logistics,Operations Manager,software,25,0326653220
Phan Thanh Phúc,phan.thanh.phuc.11659@duytanplasti.vn,Duy Tan Plastics,Marketing Manager,education,120,0961588854
Dương Đức Mai,duong.duc.mai.11660@cenland.vn,CenLand,Procurement Manager,logistics,50,0706034591
Vũ Hồng Châu,vu.hong.chau.11661@pharmacity.vn,Pharmacity,Procurement Manager,retail,120,0703874712
Lê Quang Nam,le.quang.nam.11662@shopeevietna.vn,Shopee Vietnam,CEO,retail,1500,0914595722
Ngô Quang Phúc,ngo.quang.phuc.11663@shopeevietna.vn,Shopee Vietnam,Head of Finance,fintech,50,0322438614
Lê Thanh Linh,le.thanh.linh.11664@topcv.vn,TopCV,Sales Director,logistics,250,0352853286
Hoàng Đức Tâm,hoang.duc.tam.11665@shopeevietna.vn,Shopee Vietnam,CEO,retail,250,0934452192
Trần Ngọc Linh,tran.ngoc.linh.11666@gmail.com,Hoà Phát,Sales Director,retail,250,0328377504
Hoàng Thị Bình,hoang.thi.binh.11667@momo.vn,MoMo,Marketing Manager,ecommerce,25,0869951493
Phan Thị Oanh,phan.thi.oanh.11668@kiotviet.vn,KiotViet,CFO,retail,250,0915386310
Hồ Xuân Dũng,ho.xuan.dung.11669@momo.vn,MoMo,Marketing Manager,retail,120,0326208040
Dương Văn Trang,duong.van.trang.11670@pnj.vn,PNJ,CEO,education,1500,0900931378
Dương Hồng Việt,duong.hong.viet.11671@vngcorporati.vn,VNG Corporation,CFO,healthcare,25,0934969893
Trần Hồng Nam,tran.hong.nam.11672@gmail.com,Hoà Phát,CTO,fintech,10,0974153757
Dương Ngọc Giang,duong.ngoc.giang.11673@thecoffeehou.vn,The Coffee House,Kế toán trưởng,retail,50,0868346741
Hoàng Xuân Giang,hoang.xuan.giang.11674@gmail.com,MoMo,CFO,manufacturing,10,0909825533
Đỗ Quang Giang,do.quang.giang.11675@gmail.com,CenLand,Product Manager,retail,250,0969491354
Ngô Xuân Giang,ngo.xuan.giang.11676@thecoffeehou.vn,The Coffee House,Operations Manager,education,1500,0709286182
Ngô Hữu Linh,ngo.huu.linh.11677@duytanplasti.vn,Duy Tan Plastics,Operations Manager,manufacturing,250,0916192837
Bùi Quang Châu,bui.quang.chau.11678@thecoffeehou.vn,The Coffee House,CFO,education,500,0326668554
Hoàng Minh An,hoang.minh.an.11679@tiki.vn,Tiki,Product Manager,fintech,120,0868402353
Hoàng Ngọc Tuấn,hoang.ngoc.tuan.11680@pharmacity.vn,Pharmacity,Procurement Manager,education,500,0357828491
Nguyễn Hồng Quân,nguyen.hong.quan.11681@topcv.vn,TopCV,Sales Director,manufacturing,50,0351641561
Nguyễn Xuân Khánh,nguyen.xuan.khanh.11682@basevn.vn,Base.vn,Head of Finance,education,120,0936089155
Phan Quang Hà,phan.quang.ha.11683@thacoindustr.vn,Thaco Industries,Kế toán trưởng,software,25,0359385697
Đỗ Ngọc Sơn,do.ngoc.son.11684@momo.vn,MoMo,CTO,logistics,10,0323987135
Đặng Quang Quân,dang.quang.quan.11685@vinmec.vn,Vinmec,CEO,software,1500,0357908456
Hoàng Đức Mai,hoang.duc.mai.11686@gmail.com,Base.vn,CTO,software,50,0866063673
Ngô Thị Lan,ngo.thi.lan.11687@gmail.com,Haravan,Sales Director,software,1500,0919847954
Phan Ngọc Bình,phan.ngoc.binh.11688@kiotviet.vn,KiotViet,CTO,software,25,0321621644
Phan Hữu Hà,phan.huu.ha.11689@gemadeptlogi.vn,Gemadept Logistics,Operations Manager,education,1500,0966154117
Trần Ngọc Mai,tran.ngoc.mai.11690@topcv.vn,TopCV,CTO,ecommerce,1500,0325588680
Phan Xuân Giang,phan.xuan.giang.11691@gmail.com,Base.vn,Kế toán trưởng,healthcare,120,0701078523
Phan Quang Châu,phan.quang.chau.11692@basevn.vn,Base.vn,Marketing Manager,retail,1500,0909977239
Nguyễn Thanh Dũng,nguyen.thanh.dung.11693@thecoffeehou.vn,The Coffee House,CTO,logistics,500,0972239236
Hồ Quang Bình,ho.quang.binh.11694@tiki.vn,Tiki,Head of Finance,manufacturing,50,0978835120
Lý Xuân Sơn,ly.xuan.son.11695@tiki.vn,Tiki,CFO,software,25,0919407781
Hoàng Văn Hà,hoang.van.ha.11696@fptsoftware.vn,FPT Software,Operations Manager,healthcare,250,0974479982
Lê Thanh Sơn,le.thanh.son.11697@shopeevietna.vn,Shopee Vietnam,Kế toán trưởng,retail,50,0976213907
Võ Ngọc Mai,vo.ngoc.mai.11698@gmail.com,MoMo,Procurement Manager,retail,25,0915588135
Lê Ngọc Linh,le.ngoc.linh.11699@pharmacity.vn,Pharmacity,Procurement Manager,software,25,0865455126
Lý Minh Khánh,ly.minh.khanh.11700@thecoffeehou.vn,The Coffee House,Head of Finance,manufacturing,250,0863962869
Đỗ Hồng Hà,do.hong.ha.11701@gmail.com,The Coffee House,Kế toán trưởng,software,1500,0962879101
Nguyễn Minh Nam,nguyen.minh.nam.11702@gmail.com,TopCV,Product Manager,manufacturing,10,0701366819
Hoàng Thanh Mai,hoang.thanh.mai.11703@haravan.vn,Haravan,Sales Director,education,500,0868793205
Phạm Xuân An,pham.xuan.an.11704@gmail.com,Thaco Industries,Marketing Manager,retail,1500,0960284228
Đỗ Quang Tuấn,do.quang.tuan.11705@topcv.vn,TopCV,Procurement Manager,ecommerce,10,0700148189
Phạm Thanh Sơn,pham.thanh.son.11706@gmail.com,TopCV,Sales Director,manufacturing,250,0907326651
Hoàng Thị Việt,hoang.thi.viet.11707@pharmacity.vn,Pharmacity,Operations Manager,fintech,500,0864227671
Nguyễn Đức Oanh,nguyen.duc.oanh.11708@gmail.com,Tiki,Kế toán trưởng,logistics,50,0919936346
Dương Văn Giang,duong.van.giang.11709@tiki.vn,Tiki,Procurement Manager,fintech,1500,0327321859
Võ Văn Việt,vo.van.viet.11710@kiotviet.vn,KiotViet,CEO,fintech,50,0912560389
Bùi Ngọc Mai,bui.ngoc.mai.11711@vinamilk.vn,Vinamilk,CFO,fintech,120,0979358657
Võ Thanh Linh,vo.thanh.linh.11712@haravan.vn,Haravan,Head of Finance,ecommerce,50,0327566981
Hoàng Minh Sơn,hoang.minh.son.11713@haravan.vn,Haravan,Operations Manager,retail,1500,0919921163
Bùi Minh Tuấn,bui.minh.tuan.11714@duytanplasti.vn,Duy Tan Plastics,Operations Manager,healthcare,250,0907401798
Trần Xuân Linh,tran.xuan.linh.11715@duytanplasti.vn,Duy Tan Plastics,CEO,fintech,50,0916150806
Võ Thanh Giang,vo.thanh.giang.11716@vinamilk.vn,Vinamilk,Sales Director,software,1500,0352464742
Vũ Thanh Mai,vu.thanh.mai.11717@haravan.vn,Haravan,CEO,software,25,0912281462
Hồ Minh Oanh,ho.minh.oanh.11718@duytanplasti.vn,Duy Tan Plastics,Head of Finance,education,1500,0359817820
Phan Thanh Bình,phan.thanh.binh.11719@gmail.com,Thaco Industries,Operations Manager,manufacturing,10,0974902212
Trần Xuân Tuấn,tran.xuan.tuan.11720@topcv.vn,TopCV,Product Manager,retail,1500,0327304333
Lý Thanh Quân,ly.thanh.quan.11721@momo.vn,MoMo,Operations Manager,fintech,50,0324618578
Trần Thị Trang,tran.thi.trang.11722@kiotviet.vn,KiotViet,CTO,software,1500,0901505932
Phạm Đức Châu,pham.duc.chau.11723@thacoindustr.vn,Thaco Industries,Sales Director,manufacturing,500,0707627101
Trần Minh Mai,tran.minh.mai.11724@gmail.com,TopCV,CEO,ecommerce,1500,0973415653
Hoàng Thanh Sơn,hoang.thanh.son.11725@gmail.com,KiotViet,Product Manager,manufacturing,120,0979845267
Hoàng Hồng Nam,hoang.hong.nam.11726@pharmacity.vn,Pharmacity,Product Manager,logistics,10,0864692213
Phạm Hồng Hùng,pham.hong.hung.11727@fptsoftware.vn,FPT Software,Head of Finance,software,25,0909067147
Đỗ Xuân Tuấn,do.xuan.tuan.11728@thacoindustr.vn,Thaco Industries,CEO,logistics,50,0962406151
Hồ Minh Khánh,ho.minh.khanh.11729@thacoindustr.vn,Thaco Industries,CFO,manufacturing,1500,0865910252
Lê Hồng Quân,le.hong.quan.11730@shopeevietna.vn,Shopee Vietnam,Sales Director,retail,500,0910641294
Đỗ Thanh Khánh,do.thanh.khanh.11731@gmail.com,Hoà Phát,CEO,logistics,120,0975593099
Phan Thanh Giang,phan.thanh.giang.11732@momo.vn,MoMo,Sales Director,healthcare,1500,0705116131
Hồ Thị Trang,ho.thi.trang.11733@gmail.com,Thaco Industries,Head of Finance,software,50,0909533347
Phan Minh Việt,phan.minh.viet.11734@vinamilk.vn,Vinamilk,Kế toán trưởng,logistics,250,0904555199
Lý Ngọc Quân,ly.ngoc.quan.11735@gemadeptlogi.vn,Gemadept Logistics,Operations Manager,logistics,500,0968828092
Đỗ Thị Tâm,do.thi.tam.11736@tiki.vn,Tiki,Product Manager,fintech,25,0702108723
Đỗ Đức Lan,do.duc.lan.11737@vngcorporati.vn,VNG Corporation,Product Manager,retail,10,0904253664
Bùi Ngọc Quân,bui.ngoc.quan.11738@fptsoftware.vn,FPT Software,Operations Manager,logistics,250,0917042163
Trần Hồng Mai,tran.hong.mai.11739@vinamilk.vn,Vinamilk,Head of Finance,manufacturing,250,0355932958
Phan Hữu Mai,phan.huu.mai.11740@haravan.vn,Haravan,Marketing Manager,fintech,1500,0326599141
Phạm Hồng Khánh,pham.hong.khanh.11741@duytanplasti.vn,Duy Tan Plastics,CFO,fintech,1500,0861768648
Phạm Ngọc Tuấn,pham.ngoc.tuan.11742@gmail.com,TopCV,Procurement Manager,logistics,1500,0354864342
Đỗ Thanh Hà,do.thanh.ha.11743@gmail.com,TopCV,Marketing Manager,education,1500,0357991972
Dương Quang An,duong.quang.an.11744@tiki.vn,Tiki,Operations Manager,ecommerce,1500,0965391460
Phạm Hữu Oanh,pham.huu.oanh.11745@gmail.com,Vinamilk,Kế toán trưởng,education,250,0864973104
Ngô Thanh Giang,ngo.thanh.giang.11746@gmail.com,FPT Software,CFO,software,25,0861970204
Trần Đức Khánh,tran.duc.khanh.11747@topcv.vn,TopCV,CTO,software,120,0708220898
Đỗ Minh Tâm,do.minh.tam.11748@duytanplasti.vn,Duy Tan Plastics,Marketing Manager,fintech,120,0979651794
Trần Ngọc Tâm,tran.ngoc.tam.11749@gmail.com,Hoà Phát,Procurement Manager,manufacturing,1500,0975241172
Ngô Minh Bình,ngo.minh.binh.11750@gmail.com,KiotViet,Head of Finance,retail,250,0869307796
Đỗ Hữu Hà,do.huu.ha.11751@thecoffeehou.vn,The Coffee House,CTO,education,500,0966443016
Vũ Văn Quân,vu.van.quan.11752@tiki.vn,Tiki,CFO,healthcare,250,0964914338
Ngô Hồng Linh,ngo.hong.linh.11753@vngcorporati.vn,VNG Corporation,Operations Manager,fintech,500,0979549268
Lê Thị Sơn,le.thi.son.11754@vngcorporati.vn,VNG Corporation,Sales Director,fintech,120,0939657046
Võ Quang Quân,vo.quang.quan.11755@gmail.com,Duy Tan Plastics,Kế toán trưởng,ecommerce,10,0938060620
Vũ Thị Giang,vu.thi.giang.11756@gmail.com,MoMo,Head of Finance,logistics,1500,0965738643
Võ Xuân Lan,vo.xuan.lan.11757@gmail.com,Haravan,Operations Manager,education,10,0906560290
Lý Văn Việt,ly.van.viet.11758@vinamilk.vn,Vinamilk,CTO,software,500,0351683271
Lý Thanh Quân,ly.thanh.quan.11759@gmail.com,FPT Software,CFO,retail,1500,0901151713
Trần Xuân Phúc,tran.xuan.phuc.11760@gmail.com,Duy Tan Plastics,Sales Director,education,10,0918816885
Trần Thanh Dũng,tran.thanh.dung.11761@vngcorporati.vn,VNG Corporation,Product Manager,ecommerce,120,0979815821
Hoàng Đức An,hoang.duc.an.11762@gemadeptlogi.vn,Gemadept Logistics,CEO,software,500,0918992445
Bùi Ngọc Hà,bui.ngoc.ha.11763@thacoindustr.vn,Thaco Industries,Procurement Manager,healthcare,500,0359327247
Dương Minh Tuấn,duong.minh.tuan.11764@thecoffeehou.vn,The Coffee House,CTO,logistics,1500,0709929704
Hoàng Minh Việt,hoang.minh.viet.11765@hoaphat.vn,Hoà Phát,CTO,ecommerce,250,0916217678
Hoàng Minh An,hoang.minh.an.11766@duytanplasti.vn,Duy Tan Plastics,Procurement Manager,healthcare,250,0325735965
Hoàng Văn Khánh,hoang.van.khanh.11767@gmail.com,Vinamilk,CFO,retail,1500,0974503791
Lê Hồng Lan,le.hong.lan.11768@gmail.com,TopCV,CEO,healthcare,50,0702062195
Trần Văn Giang,tran.van.giang.11769@fptsoftware.vn,FPT Software,Sales Director,ecommerce,500,0320531535
Lý Quang Trang,ly.quang.trang.11770@haravan.vn,Haravan,Operations Manager,education,50,0906357410
Lý Hồng Bình,ly.hong.binh.11771@basevn.vn,Base.vn,Sales Director,software,25,0350159496
Võ Hồng Tâm,vo.hong.tam.11772@kiotviet.vn,KiotViet,Marketing Manager,retail,120,0939438060
Ngô Quang Tâm,ngo.quang.tam.11773@tiki.vn,Tiki,Operations Manager,manufacturing,25,0326002925
Hồ Xuân An,ho.xuan.an.11774@momo.vn,MoMo,Head of Finance,fintech,250,0868586854
Trần Hồng Nam,tran.hong.nam.11775@basevn.vn,Base.vn,Marketing Manager,healthcare,120,0900442278
Trần Quang Quân,tran.quang.quan.11776@pharmacity.vn,Pharmacity,Sales Director,healthcare,250,0979610777
Hoàng Ngọc Hà,hoang.ngoc.ha.11777@gemadeptlogi.vn,Gemadept Logistics,CEO,fintech,50,0703971809
Võ Hữu Quân,vo.huu.quan.11778@gmail.com,CenLand,Product Manager,ecommerce,50,0709348977
Võ Thanh Sơn,vo.thanh.son.11779@vinamilk.vn,Vinamilk,Product Manager,education,50,0869605836
Bùi Văn Sơn,bui.van.son.11780@gmail.com,Pharmacity,Head of Finance,software,500,0970981139
Hoàng Minh Nam,hoang.minh.nam.11781@thecoffeehou.vn,The Coffee House,Product Manager,ecommerce,50,0969170776
Hồ Ngọc Quân,ho.ngoc.quan.11782@vinmec.vn,Vinmec,Procurement Manager,healthcare,10,0906383550
Ngô Hữu An,ngo.huu.an.11783@haravan.vn,Haravan,Kế toán trưởng,software,10,0919257556
Đặng Minh Hà,dang.minh.ha.11784@gmail.com,The Coffee House,CFO,software,50,0862646879
Dương Quang Lan,duong.quang.lan.11785@topcv.vn,TopCV,CTO,ecommerce,50,0320293907
Bùi Quang Trang,bui.quang.trang.11786@gemadeptlogi.vn,Gemadept Logistics,CFO,retail,50,0976833282
Phan Xuân Giang,phan.xuan.giang.11787@thacoindustr.vn,Thaco Industries,Product Manager,education,50,0972274805
Bùi Văn Phúc,bui.van.phuc.11788@duytanplasti.vn,Duy Tan Plastics,CFO,retail,10,0706741515
Phan Hữu Hùng,phan.huu.hung.11789@duytanplasti.vn,Duy Tan Plastics,CFO,healthcare,1500,0967654585
Bùi Xuân Dũng,bui.xuan.dung.11790@vinamilk.vn,Vinamilk,Head of Finance,ecommerce,120,0909876948
Phạm Hữu Sơn,pham.huu.son.11791@gmail.com,MoMo,Sales Director,software,120,0708971296
Phan Thị Oanh,phan.thi.oanh.11792@gmail.com,Tiki,Head of Finance,manufacturing,120,0968322989
Võ Xuân Nam,vo.xuan.nam.11793@gmail.com,Shopee Vietnam,Operations Manager,logistics,120,0972513286
Phạm Quang Hà,pham.quang.ha.11794@gmail.com,KiotViet,Kế toán trưởng,software,1500,0913108282
Ngô Hữu Tâm,ngo.huu.tam.11795@gmail.com,TopCV,Marketing Manager,manufacturing,25,0914924833
Đặng Quang Mai,dang.quang.mai.11796@fptsoftware.vn,FPT Software,CFO,ecommerce,25,0917204636
Phạm Ngọc Tuấn,pham.ngoc.tuan.11797@gmail.com,Tiki,Kế toán trưởng,education,500,0353154969
Hồ Minh Trang,ho.minh.trang.11798@haravan.vn,Haravan,Kế toán trưởng,healthcare,10,0906046072
Phạm Minh Hùng,pham.minh.hung.11799@duytanplasti.vn,Duy Tan Plastics,Procurement Manager,education,10,0860082843
Đặng Thị Dũng,dang.thi.dung.11800@topcv.vn,TopCV,Procurement Manager,software,120,0353343149
Phan Văn Châu,phan.van.chau.11801@gmail.com,CenLand,Operations Manager,fintech,500,0972107469
Đặng Thanh Trang,dang.thanh.trang.11802@fptsoftware.vn,FPT Software,CEO,fintech,1500,0704492207
Dương Thị Dũng,duong.thi.dung.11803@hoaphat.vn,Hoà Phát,Procurement Manager,ecommerce,1500,0960384863
Dương Xuân Việt,duong.xuan.viet.11804@basevn.vn,Base.vn,Marketing Manager,fintech,120,0918017301
Dương Thanh Nam,duong.thanh.nam.11805@hoaphat.vn,Hoà Phát,Sales Director,healthcare,50,0915239356
Phan Xuân Tuấn,phan.xuan.tuan.11806@thacoindustr.vn,Thaco Industries,CTO,education,50,0938977208
Lý Thanh Mai,ly.thanh.mai.11807@momo.vn,MoMo,Sales Director,logistics,10,0352815223
Đỗ Văn Châu,do.van.chau.11808@vngcorporati.vn,VNG Corporation,CEO,manufacturing,25,0914865527
Trần Ngọc Nam,tran.ngoc.nam.11809@gmail.com,Haravan,Sales Director,fintech,10,0862920767
Trần Thị Nam,tran.thi.nam.11810@gmail.com,Pharmacity,Marketing Manager,software,50,0352839981
Nguyễn Văn Oanh,nguyen.van.oanh.11811@kiotviet.vn,KiotViet,Operations Manager,education,120,0860542859
Võ Quang Hùng,vo.quang.hung.11812@pnj.vn,PNJ,Operations Manager,ecommerce,120,0324888476
Bùi Thị Tuấn,bui.thi.tuan.11813@gmail.com,Shopee Vietnam,Operations Manager,fintech,1500,0325537418
Hoàng Ngọc Phúc,hoang.ngoc.phuc.11814@viettiengarm.vn,Viet Tien Garment,CEO,education,50,0357754326
Võ Quang An,vo.quang.an.11815@basevn.vn,Base.vn,Operations Manager,healthcare,500,0901152408
Nguyễn Thanh Tuấn,nguyen.thanh.tuan.11816@gemadeptlogi.vn,Gemadept Logistics,Procurement Manager,education,25,0860881541
Võ Thị Châu,vo.thi.chau.11817@gmail.com,Hoà Phát,Marketing Manager,fintech,1500,0919316870
Vũ Văn Sơn,vu.van.son.11818@gmail.com,Gemadept Logistics,Head of Finance,fintech,250,0916193261
Nguyễn Ngọc Trang,nguyen.ngoc.trang.11819@gmail.com,Pharmacity,Marketing Manager,software,120,0703983212
Võ Thị Bình,vo.thi.binh.11820@gmail.com,Tiki,Product Manager,retail,25,0705587464
Trần Đức Sơn,tran.duc.son.11821@gmail.com,CenLand,Sales Director,fintech,10,0917293359
Đặng Xuân Việt,dang.xuan.viet.11822@shopeevietna.vn,Shopee Vietnam,CEO,education,1500,0329435095
Phạm Thanh Nam,pham.thanh.nam.11823@gemadeptlogi.vn,Gemadept Logistics,Product Manager,manufacturing,500,0323078058
Nguyễn Thanh Phúc,nguyen.thanh.phuc.11824@vngcorporati.vn,VNG Corporation,CEO,logistics,50,0933076038
Hoàng Quang Khánh,hoang.quang.khanh.11825@duytanplasti.vn,Duy Tan Plastics,Marketing Manager,retail,1500,0352737745
Ngô Quang Khánh,ngo.quang.khanh.11826@gmail.com,Viet Tien Garment,Marketing Manager,healthcare,120,0972595929
Trần Hồng Hà,tran.hong.ha.11827@thecoffeehou.vn,The Coffee House,Sales Director,logistics,50,0354782533
Hồ Thị Tuấn,ho.thi.tuan.11828@shopeevietna.vn,Shopee Vietnam,Kế toán trưởng,education,50,0356134799
Trần Quang Dũng,tran.quang.dung.11829@gmail.com,Haravan,CTO,logistics,50,0969369645
Phan Văn Khánh,phan.van.khanh.11830@haravan.vn,Haravan,Head of Finance,education,500,0931206360
Hoàng Ngọc Việt,hoang.ngoc.viet.11831@viettiengarm.vn,Viet Tien Garment,Product Manager,ecommerce,10,0979363128
Vũ Quang Bình,vu.quang.binh.11832@gmail.com,CenLand,CFO,manufacturing,500,0864326868
Phan Hữu Châu,phan.huu.chau.11833@vinamilk.vn,Vinamilk,Kế toán trưởng,fintech,10,0974235258
Võ Hồng Hùng,vo.hong.hung.11834@duytanplasti.vn,Duy Tan Plastics,CFO,manufacturing,1500,0907820377
Ngô Xuân Linh,ngo.xuan.linh.11835@momo.vn,MoMo,Procurement Manager,retail,500,0327914027
Đặng Văn Sơn,dang.van.son.11836@pharmacity.vn,Pharmacity,Procurement Manager,software,500,0918319604
Đỗ Minh Việt,do.minh.viet.11837@basevn.vn,Base.vn,CEO,manufacturing,500,0863777359
Dương Quang Hà,duong.quang.ha.11838@duytanplasti.vn,Duy Tan Plastics,CTO,healthcare,120,0963687359
Võ Quang Sơn,vo.quang.son.11839@pharmacity.vn,Pharmacity,Operations Manager,logistics,250,0962936681
Đỗ Hữu Hà,do.huu.ha.11840@hoaphat.vn,Hoà Phát,Operations Manager,healthcare,25,0914609543
Ngô Quang Hà,ngo.quang.ha.11841@haravan.vn,Haravan,CTO,manufacturing,50,0967523368
Hồ Thị Tuấn,ho.thi.tuan.11842@thecoffeehou.vn,The Coffee House,CTO,retail,120,0864653357
Vũ Hữu Nam,vu.huu.nam.11843@gmail.com,Vinmec,Operations Manager,retail,120,0913474284
Lê Thị Châu,le.thi.chau.11844@pnj.vn,PNJ,Head of Finance,logistics,50,0321069504
Lý Thị Bình,ly.thi.binh.11845@vngcorporati.vn,VNG Corporation,Head of Finance,education,10,0908781908
Lê Đức Việt,le.duc.viet.11846@gmail.com,FPT Software,CFO,ecommerce,10,0708441790
Dương Quang Giang,duong.quang.giang.11847@thecoffeehou.vn,The Coffee House,CFO,fintech,500,0919255436
Võ Minh Châu,vo.minh.chau.11848@shopeevietna.vn,Shopee Vietnam,CFO,healthcare,120,0860580268
Lê Ngọc Linh,le.ngoc.linh.11849@viettiengarm.vn,Viet Tien Garment,Kế toán trưởng,manufacturing,1500,0916378432
Trần Minh An,tran.minh.an.11850@basevn.vn,Base.vn,Sales Director,healthcare,10,0913228477
Hoàng Thanh Khánh,hoang.thanh.khanh.11851@viettiengarm.vn,Viet Tien Garment,CFO,education,50,0352161883
Bùi Minh Lan,bui.minh.lan.11852@vngcorporati.vn,VNG Corporation,Operations Manager,healthcare,25,0963807875
Võ Thị Hùng,vo.thi.hung.11853@gemadeptlogi.vn,Gemadept Logistics,Head of Finance,software,50,0931230398
Phạm Đức Linh,pham.duc.linh.11854@gemadeptlogi.vn,Gemadept Logistics,Procurement Manager,software,250,0936046120
Phan Văn Quân,phan.van.quan.11855@viettiengarm.vn,Viet Tien Garment,Product Manager,software,250,0917155007
Ngô Hồng Lan,ngo.hong.lan.11856@tiki.vn,Tiki,Procurement Manager,education,250,0353764802
Đỗ Thị Bình,do.thi.binh.11857@kiotviet.vn,KiotViet,Product Manager,healthcare,1500,0973466564
Đỗ Văn Quân,do.van.quan.11858@vngcorporati.vn,VNG Corporation,Sales Director,healthcare,50,0351395379
Lý Thanh Trang,ly.thanh.trang.11859@gmail.com,Pharmacity,Kế toán trưởng,manufacturing,10,0905825251
Nguyễn Hữu Châu,nguyen.huu.chau.11860@gmail.com,TopCV,Product Manager,education,250,0962541719
Lê Hồng Việt,le.hong.viet.11861@hoaphat.vn,Hoà Phát,Kế toán trưởng,retail,1500,0972366834
Đỗ Hồng Việt,do.hong.viet.11862@gmail.com,Vinamilk,Product Manager,education,10,0869978622
Nguyễn Văn Tuấn,nguyen.van.tuan.11863@vinmec.vn,Vinmec,Kế toán trưởng,logistics,50,0350491114
Hồ Thanh Tuấn,ho.thanh.tuan.11864@gmail.com,Gemadept Logistics,CTO,logistics,25,0709455478
Đỗ Thị Quân,do.thi.quan.11865@thecoffeehou.vn,The Coffee House,Procurement Manager,fintech,50,0351959255
Võ Thị Tâm,vo.thi.tam.11866@viettiengarm.vn,Viet Tien Garment,CEO,ecommerce,50,0905388885
Hồ Thanh Oanh,ho.thanh.oanh.11867@kiotviet.vn,KiotViet,Sales Director,ecommerce,50,0868968342
Dương Ngọc Khánh,duong.ngoc.khanh.11868@fptsoftware.vn,FPT Software,Sales Director,ecommerce,10,0975146548
Võ Xuân Việt,vo.xuan.viet.11869@hoaphat.vn,Hoà Phát,Product Manager,fintech,1500,0934387839
Trần Minh Mai,tran.minh.mai.11870@gmail.com,Shopee Vietnam,Kế toán trưởng,software,25,0933154890
Phạm Xuân Dũng,pham.xuan.dung.11871@gmail.com,Vinamilk,Product Manager,software,10,0355527442
Hồ Thanh Châu,ho.thanh.chau.11872@gmail.com,Vinamilk,Head of Finance,software,500,0329497671
Võ Đức Châu,vo.duc.chau.11873@gmail.com,Duy Tan Plastics,Procurement Manager,fintech,120,0326859567
Đặng Văn Bình,dang.van.binh.11874@gmail.com,Base.vn,Marketing Manager,manufacturing,1500,0961778781
Trần Thị Tuấn,tran.thi.tuan.11875@gmail.com,Shopee Vietnam,Procurement Manager,education,25,0909424190
Vũ Thị Quân,vu.thi.quan.11876@vngcorporati.vn,VNG Corporation,Sales Director,manufacturing,25,0936834915
Bùi Quang Trang,bui.quang.trang.11877@gmail.com,The Coffee House,CTO,fintech,25,0353069918
Vũ Thị Châu,vu.thi.chau.11878@gmail.com,TopCV,Kế toán trưởng,logistics,25,0966560735
Trần Đức Sơn,tran.duc.son.11879@gmail.com,Hoà Phát,Sales Director,manufacturing,120,0915880965
Ngô Ngọc Hùng,ngo.ngoc.hung.11880@thacoindustr.vn,Thaco Industries,Marketing Manager,logistics,1500,0917692628
Hồ Xuân An,ho.xuan.an.11881@gemadeptlogi.vn,Gemadept Logistics,CTO,fintech,1500,0969909786
Đặng Minh Khánh,dang.minh.khanh.11882@gmail.com,CenLand,CTO,healthcare,500,0939184890
Vũ Hồng Bình,vu.hong.binh.11883@hoaphat.vn,Hoà Phát,CTO,healthcare,1500,0976069596
Dương Quang Phúc,duong.quang.phuc.11884@thacoindustr.vn,Thaco Industries,Marketing Manager,software,10,0978888396
Đặng Quang Châu,dang.quang.chau.11885@gmail.com,FPT Software,Sales Director,retail,1500,0359529615
Võ Ngọc Bình,vo.ngoc.binh.11886@gmail.com,Base.vn,Operations Manager,healthcare,1500,0907670902
Đỗ Quang Mai,do.quang.mai.11887@gemadeptlogi.vn,Gemadept Logistics,CTO,manufacturing,50,0968011224
Bùi Quang Mai,bui.quang.mai.11888@gmail.com,TopCV,CFO,software,25,0358239332
Đặng Ngọc Hùng,dang.ngoc.hung.11889@fptsoftware.vn,FPT Software,Procurement Manager,fintech,25,0708625910
Dương Ngọc Lan,duong.ngoc.lan.11890@pnj.vn,PNJ,Head of Finance,healthcare,250,0930298673
Phạm Ngọc Giang,pham.ngoc.giang.11891@fptsoftware.vn,FPT Software,Procurement Manager,logistics,120,0916275727
Hồ Quang Khánh,ho.quang.khanh.11892@vinmec.vn,Vinmec,CEO,fintech,25,0909424976
Đỗ Xuân Dũng,do.xuan.dung.11893@gmail.com,TopCV,CEO,retail,25,0352115407
Phạm Xuân Việt,pham.xuan.viet.11894@gemadeptlogi.vn,Gemadept Logistics,Kế toán trưởng,ecommerce,250,0324732440
Trần Thị Trang,tran.thi.trang.11895@gemadeptlogi.vn,Gemadept Logistics,CTO,healthcare,10,0966631911
Phạm Hồng Trang,pham.hong.trang.11896@gmail.com,Haravan,CFO,education,10,0707927669
Phạm Xuân Linh,pham.xuan.linh.11897@duytanplasti.vn,Duy Tan Plastics,Sales Director,manufacturing,25,0905309965
Hồ Thanh Trang,ho.thanh.trang.11898@thacoindustr.vn,Thaco Industries,Sales Director,manufacturing,120,0700599878
Ngô Minh An,ngo.minh.an.11899@tiki.vn,Tiki,Product Manager,fintech,50,0919755187
Nguyễn Thị Phúc,nguyen.thi.phuc.11900@gmail.com,CenLand,CFO,retail,500,0321767804
Đỗ Đức Châu,do.duc.chau.11901@hoaphat.vn,Hoà Phát,CTO,fintech,120,0901467036
Nguyễn Đức Sơn,nguyen.duc.son.11902@gmail.com,Thaco Industries,Operations Manager,education,120,0358057544
Phạm Ngọc Phúc,pham.ngoc.phuc.11903@gmail.com,TopCV,CTO,logistics,500,0933292109
Vũ Minh Lan,vu.minh.lan.11904@haravan.vn,Haravan,Sales Director,fintech,120,0902384668
Võ Minh Trang,vo.minh.trang.11905@cenland.vn,CenLand,Operations Manager,logistics,250,0863326508
Dương Hữu Quân,duong.huu.quan.11906@gmail.com,TopCV,Procurement Manager,fintech,500,0969632222
Ngô Hữu Tuấn,ngo.huu.tuan.11907@pharmacity.vn,Pharmacity,Product Manager,retail,1500,0708281914
Nguyễn Xuân Lan,nguyen.xuan.lan.11908@basevn.vn,Base.vn,Head of Finance,retail,10,0963294130
Vũ Đức Giang,vu.duc.giang.11909@vinmec.vn,Vinmec,Sales Director,manufacturing,50,0351520273
Trần Hồng Linh,tran.hong.linh.11910@momo.vn,MoMo,Procurement Manager,logistics,500,0979125930
Nguyễn Văn Việt,nguyen.van.viet.11911@haravan.vn,Haravan,Head of Finance,retail,250,0968078009
Dương Hữu Dũng,duong.huu.dung.11912@basevn.vn,Base.vn,CTO,fintech,10,0919057893
Lý Văn Giang,ly.van.giang.11913@gmail.com,TopCV,CTO,manufacturing,10,0905084679
Đỗ Minh Giang,do.minh.giang.11914@gmail.com,Hoà Phát,Procurement Manager,healthcare,1500,0354118407
Bùi Hữu Tuấn,bui.huu.tuan.11915@duytanplasti.vn,Duy Tan Plastics,Head of Finance,manufacturing,250,0707003356
Phạm Quang Giang,pham.quang.giang.11916@vngcorporati.vn,VNG Corporation,Marketing Manager,software,50,0907715147
Võ Thị Châu,vo.thi.chau.11917@viettiengarm.vn,Viet Tien Garment,CTO,education,50,0908269603
Hồ Đức Giang,ho.duc.giang.11918@gmail.com,Base.vn,Kế toán trưởng,retail,50,0914236246
Đỗ Xuân Trang,do.xuan.trang.11919@gmail.com,FPT Software,Procurement Manager,healthcare,1500,0968283940
Ngô Thanh Nam,ngo.thanh.nam.11920@gmail.com,Gemadept Logistics,CTO,ecommerce,50,0861930433
Vũ Hồng Giang,vu.hong.giang.11921@shopeevietna.vn,Shopee Vietnam,Head of Finance,retail,10,0865967035
Trần Đức Hà,tran.duc.ha.11922@gmail.com,Shopee Vietnam,Operations Manager,healthcare,25,0919639953
Vũ Ngọc Lan,vu.ngoc.lan.11923@momo.vn,MoMo,Head of Finance,manufacturing,10,0707987305
Bùi Thanh An,bui.thanh.an.11924@vinmec.vn,Vinmec,Sales Director,software,10,0707807136
Lý Thị Quân,ly.thi.quan.11925@thecoffeehou.vn,The Coffee House,Operations Manager,healthcare,50,0702484716
Dương Minh Tâm,duong.minh.tam.11926@fptsoftware.vn,FPT Software,Head of Finance,ecommerce,50,0971743578
Hồ Hữu Phúc,ho.huu.phuc.11927@gmail.com,Viet Tien Garment,Procurement Manager,software,10,0705378770
Lê Thanh Dũng,le.thanh.dung.11928@basevn.vn,Base.vn,CFO,fintech,120,0356137551
Hồ Hữu Oanh,ho.huu.oanh.11929@vinamilk.vn,Vinamilk,Kế toán trưởng,software,500,0933648180
Đặng Hữu Nam,dang.huu.nam.11930@vngcorporati.vn,VNG Corporation,Product Manager,software,50,0977772135
Đặng Hữu Khánh,dang.huu.khanh.11931@duytanplasti.vn,Duy Tan Plastics,Procurement Manager,fintech,50,0903814776
Trần Thị Tuấn,tran.thi.tuan.11932@haravan.vn,Haravan,CFO,retail,10,0359614390
Vũ Thị Quân,vu.thi.quan.11933@gmail.com,Duy Tan Plastics,CEO,retail,25,0863585401
Ngô Hồng Trang,ngo.hong.trang.11934@vinmec.vn,Vinmec,CFO,healthcare,250,0965586683
Võ Thị Tâm,vo.thi.tam.11935@shopeevietna.vn,Shopee Vietnam,CEO,manufacturing,10,0960585662
Trần Xuân Dũng,tran.xuan.dung.11936@hoaphat.vn,Hoà Phát,CTO,software,500,0862470435
Vũ Đức Hùng,vu.duc.hung.11937@gmail.com,The Coffee House,CFO,healthcare,10,0355209261
Đặng Đức Sơn,dang.duc.son.11938@tiki.vn,Tiki,Sales Director,manufacturing,500,0322630476
Lý Ngọc An,ly.ngoc.an.11939@shopeevietna.vn,Shopee Vietnam,Head of Finance,ecommerce,50,0320010090
Lý Thị Khánh,ly.thi.khanh.11940@gmail.com,Base.vn,CTO,healthcare,25,0913867894
Lý Văn Khánh,ly.van.khanh.11941@gmail.com,TopCV,CEO,software,25,0915042990
Đỗ Hữu Khánh,do.huu.khanh.11942@gmail.com,KiotViet,CEO,manufacturing,120,0701122966
Ngô Quang Bình,ngo.quang.binh.11943@viettiengarm.vn,Viet Tien Garment,CTO,logistics,50,0965955902
Bùi Hồng Tuấn,bui.hong.tuan.11944@cenland.vn,CenLand,Sales Director,manufacturing,120,0705170105
Phạm Hồng Tuấn,pham.hong.tuan.11945@gemadeptlogi.vn,Gemadept Logistics,Sales Director,manufacturing,25,0937907222
Nguyễn Hồng An,nguyen.hong.an.11946@tiki.vn,Tiki,Operations Manager,manufacturing,120,0325210386
Lý Minh An,ly.minh.an.11947@kiotviet.vn,KiotViet,Product Manager,manufacturing,10,0971639899
Lê Xuân Tâm,le.xuan.tam.11948@pharmacity.vn,Pharmacity,Product Manager,education,50,0904886062
Dương Văn Nam,duong.van.nam.11949@cenland.vn,CenLand,Kế toán trưởng,manufacturing,120,0902460889
Hồ Xuân Sơn,ho.xuan.son.11950@thacoindustr.vn,Thaco Industries,CFO,healthcare,10,0908266875
Lê Văn Phúc,le.van.phuc.11951@topcv.vn,TopCV,Head of Finance,manufacturing,250,0975394662
Bùi Ngọc Hà,bui.ngoc.ha.11952@thecoffeehou.vn,The Coffee House,CTO,retail,25,0356814836
Bùi Xuân Giang,bui.xuan.giang.11953@gmail.com,Duy Tan Plastics,Procurement Manager,logistics,500,0705381148
Đỗ Thị Hùng,do.thi.hung.11954@viettiengarm.vn,Viet Tien Garment,Operations Manager,fintech,120,0700674349
Lý Ngọc Dũng,ly.ngoc.dung.11955@thacoindustr.vn,Thaco Industries,Operations Manager,fintech,10,0908918918
Phan Minh Hà,phan.minh.ha.11956@gmail.com,Base.vn,CEO,manufacturing,500,0321018516
Lý Quang Phúc,ly.quang.phuc.11957@hoaphat.vn,Hoà Phát,CEO,logistics,120,0970311974
Nguyễn Ngọc Tâm,nguyen.ngoc.tam.11958@momo.vn,MoMo,Kế toán trưởng,manufacturing,50,0967482761
Phan Quang Hà,phan.quang.ha.11959@pharmacity.vn,Pharmacity,Operations Manager,fintech,250,0861403703
Lý Xuân Dũng,ly.xuan.dung.11960@fptsoftware.vn,FPT Software,Procurement Manager,retail,120,0975137426
Đỗ Thị Giang,do.thi.giang.11961@gmail.com,Haravan,Head of Finance,software,1500,0919114003
Bùi Thị Sơn,bui.thi.son.11962@kiotviet.vn,KiotViet,Operations Manager,healthcare,500,0706737023
Đặng Minh Sơn,dang.minh.son.11963@vngcorporati.vn,VNG Corporation,Operations Manager,retail,120,0905768262
Vũ Minh Dũng,vu.minh.dung.11964@vngcorporati.vn,VNG Corporation,Kế toán trưởng,retail,50,0919745614
Vũ Đức Lan,vu.duc.lan.11965@momo.vn,MoMo,CEO,fintech,1500,0353049530
Ngô Minh Bình,ngo.minh.binh.11966@pharmacity.vn,Pharmacity,Head of Finance,manufacturing,250,0904865937
Ngô Ngọc Quân,ngo.ngoc.quan.11967@gmail.com,TopCV,Head of Finance,healthcare,10,0860428172
Dương Quang Việt,duong.quang.viet.11968@gmail.com,Hoà Phát,Head of Finance,education,25,0706649713
Phạm Ngọc Linh,pham.ngoc.linh.11969@vinmec.vn,Vinmec,CFO,fintech,250,0900980352
Hoàng Minh Lan,hoang.minh.lan.11970@duytanplasti.vn,Duy Tan Plastics,Operations Manager,logistics,120,0975222351
Võ Đức Châu,vo.duc.chau.11971@gmail.com,Gemadept Logistics,CEO,retail,250,0708475893
Bùi Minh Giang,bui.minh.giang.11972@thecoffeehou.vn,The Coffee House,CFO,healthcare,10,0905558499
Đặng Hồng Việt,dang.hong.viet.11973@gmail.com,KiotViet,Marketing Manager,ecommerce,10,0869875517
Vũ Đức An,vu.duc.an.11974@gmail.com,MoMo,Marketing Manager,software,1500,0322349000
Lý Quang Hùng,ly.quang.hung.11975@gmail.com,Thaco Industries,Marketing Manager,ecommerce,25,0900038709
Dương Thị Châu,duong.thi.chau.11976@gmail.com,PNJ,Head of Finance,education,50,0328451903
Nguyễn Thanh Châu,nguyen.thanh.chau.11977@momo.vn,MoMo,Operations Manager,manufacturing,250,0906595866
Lê Minh Lan,le.minh.lan.11978@momo.vn,MoMo,Head of Finance,logistics,120,0708955909
Đặng Ngọc Tuấn,dang.ngoc.tuan.11979@pharmacity.vn,Pharmacity,CTO,manufacturing,50,0350566347
Ngô Minh Việt,ngo.minh.viet.11980@vinmec.vn,Vinmec,Operations Manager,healthcare,50,0905381074
Hồ Thị Châu,ho.thi.chau.11981@gmail.com,PNJ,Marketing Manager,software,250,0863635598
Phan Minh Giang,phan.minh.giang.11982@gmail.com,MoMo,CEO,healthcare,500,0860078756
Phan Hồng Giang,phan.hong.giang.11983@tiki.vn,Tiki,CTO,fintech,1500,0972682949
Lê Minh Nam,le.minh.nam.11984@gemadeptlogi.vn,Gemadept Logistics,Kế toán trưởng,logistics,120,0709078902
Dương Văn Giang,duong.van.giang.11985@cenland.vn,CenLand,Product Manager,manufacturing,120,0967323514
Bùi Thị Lan,bui.thi.lan.11986@hoaphat.vn,Hoà Phát,Kế toán trưởng,manufacturing,10,0918297242
Lý Xuân Dũng,ly.xuan.dung.11987@duytanplasti.vn,Duy Tan Plastics,Marketing Manager,logistics,10,0976514270
Hồ Xuân Việt,ho.xuan.viet.11988@fptsoftware.vn,FPT Software,Product Manager,retail,120,0972290981
Ngô Hữu Nam,ngo.huu.nam.11989@topcv.vn,TopCV,Operations Manager,logistics,50,0913674878
Nguyễn Ngọc Việt,nguyen.ngoc.viet.11990@gmail.com,Hoà Phát,CEO,healthcare,250,0353459990
Võ Ngọc Hùng,vo.ngoc.hung.11991@pharmacity.vn,Pharmacity,Head of Finance,education,120,0970353982
Đặng Văn An,dang.van.an.11992@shopeevietna.vn,Shopee Vietnam,Head of Finance,healthcare,500,0964519806
Phan Hồng Phúc,phan.hong.phuc.11993@pnj.vn,PNJ,CFO,education,50,0321820939
Đặng Minh Phúc,dang.minh.phuc.11994@gmail.com,TopCV,Marketing Manager,software,25,0937739412
Trần Quang An,tran.quang.an.11995@gmail.com,Hoà Phát,Procurement Manager,healthcare,500,0917188773
Phạm Văn Oanh,pham.van.oanh.11996@duytanplasti.vn,Duy Tan Plastics,Head of Finance,software,50,0869445694
Trần Hồng Lan,tran.hong.lan.11997@topcv.vn,TopCV,Marketing Manager,retail,25,0961613927
Trần Văn Tuấn,tran.van.tuan.11998@gmail.com,Vinmec,Operations Manager,ecommerce,500,0910904966
Trần Minh Mai,tran.minh.mai.11999@momo.vn,MoMo,CEO,healthcare,500,0327218843
Trần Minh Lan,tran.minh.lan.12000@vinamilk.vn,Vinamilk,CFO,ecommerce,250,0901262885
Ngô Hồng Sơn,ngo.hong.son.12001@basevn.vn,Base.vn,Sales Director,software,25,0868050819
Đỗ Thị Lan,do.thi.lan.12002@vinamilk.vn,Vinamilk,CFO,software,10,0934624444
Trần Thanh Mai,tran.thanh.mai.12003@gmail.com,CenLand,Head of Finance,fintech,50,0916258036
Hoàng Xuân Châu,hoang.xuan.chau.12004@vngcorporati.vn,VNG Corporation,Kế toán trưởng,logistics,50,0705376218
Võ Thị Linh,vo.thi.linh.12005@gmail.com,KiotViet,CEO,fintech,250,0910038017
Lê Quang Phúc,le.quang.phuc.12006@pnj.vn,PNJ,CFO,education,250,0705614228
Dương Minh Phúc,duong.minh.phuc.12007@tiki.vn,Tiki,Marketing Manager,retail,120,0904256774
Phan Quang Giang,phan.quang.giang.12008@gmail.com,Tiki,CEO,fintech,1500,0866812182
Bùi Xuân Hùng,bui.xuan.hung.12009@topcv.vn,TopCV,CTO,fintech,1500,0355078590
Ngô Thanh Giang,ngo.thanh.giang.12010@gmail.com,KiotViet,Product Manager,education,500,0966154738
Nguyễn Văn Khánh,nguyen.van.khanh.12011@haravan.vn,Haravan,CEO,logistics,250,0357855648
Phạm Thanh Trang,pham.thanh.trang.12012@gmail.com,Tiki,Head of Finance,healthcare,50,0356241085
Lê Ngọc Hà,le.ngoc.ha.12013@topcv.vn,TopCV,Kế toán trưởng,ecommerce,250,0703913802
Đặng Đức Sơn,dang.duc.son.12014@gmail.com,Haravan,Procurement Manager,retail,1500,0970395815
Ngô Minh Phúc,ngo.minh.phuc.12015@gmail.com,KiotViet,Procurement Manager,software,1500,0962495769
Lê Xuân Lan,le.xuan.lan.12016@hoaphat.vn,Hoà Phát,CFO,education,500,0966359552
Đỗ Xuân Hà,do.xuan.ha.12017@pnj.vn,PNJ,Sales Director,software,25,0966615302
Hoàng Hữu Hà,hoang.huu.ha.12018@gmail.com,KiotViet,CEO,manufacturing,50,0864471997
Ngô Hữu Mai,ngo.huu.mai.12019@gmail.com,Duy Tan Plastics,Procurement Manager,logistics,120,0321915912
Nguyễn Xuân Giang,nguyen.xuan.giang.12020@duytanplasti.vn,Duy Tan Plastics,Kế toán trưởng,logistics,10,0909446684
Phan Thị An,phan.thi.an.12021@pnj.vn,PNJ,Sales Director,manufacturing,25,0904200109
Võ Quang An,vo.quang.an.12022@gmail.com,Viet Tien Garment,CFO,education,500,0978628020
Nguyễn Quang Nam,nguyen.quang.nam.12023@momo.vn,MoMo,Operations Manager,logistics,250,0971863298
Phan Xuân Châu,phan.xuan.chau.12024@cenland.vn,CenLand,Marketing Manager,healthcare,50,0973942366
Phan Thị Lan,phan.thi.lan.12025@viettiengarm.vn,Viet Tien Garment,CEO,retail,1500,0933085991
Nguyễn Hữu Bình,nguyen.huu.binh.12026@gmail.com,Haravan,Sales Director,healthcare,25,0975369084
Đỗ Văn An,do.van.an.12027@gmail.com,Haravan,Product Manager,logistics,1500,0864850664
Phan Hữu Hùng,phan.huu.hung.12028@gmail.com,MoMo,Operations Manager,retail,1500,0909285842
Trần Thanh Sơn,tran.thanh.son.12029@topcv.vn,TopCV,Marketing Manager,education,1500,0358291989
Bùi Ngọc Mai,bui.ngoc.mai.12030@shopeevietna.vn,Shopee Vietnam,Kế toán trưởng,education,10,0910634678
Bùi Minh Linh,bui.minh.linh.12031@viettiengarm.vn,Viet Tien Garment,Head of Finance,manufacturing,500,0975433781
Lý Đức Nam,ly.duc.nam.12032@thecoffeehou.vn,The Coffee House,CFO,fintech,10,0326863744
Đỗ Thanh Bình,do.thanh.binh.12033@pharmacity.vn,Pharmacity,Kế toán trưởng,healthcare,500,0963655701
Hồ Thanh Linh,ho.thanh.linh.12034@gmail.com,KiotViet,Kế toán trưởng,education,500,0861644403
Võ Hồng Sơn,vo.hong.son.12035@gmail.com,Duy Tan Plastics,CTO,retail,1500,0918779461
Ngô Đức Khánh,ngo.duc.khanh.12036@viettiengarm.vn,Viet Tien Garment,Head of Finance,healthcare,25,0970254577
Vũ Văn Hùng,vu.van.hung.12037@vngcorporati.vn,VNG Corporation,Procurement Manager,logistics,10,0709794370
Vũ Ngọc Linh,vu.ngoc.linh.12038@gemadeptlogi.vn,Gemadept Logistics,Sales Director,retail,50,0918255462
Đỗ Đức Châu,do.duc.chau.12039@haravan.vn,Haravan,CTO,logistics,10,0327763456
Võ Hữu Hà,vo.huu.ha.12040@vinamilk.vn,Vinamilk,CFO,manufacturing,250,0866602805
Lê Minh Phúc,le.minh.phuc.12041@gmail.com,Gemadept Logistics,Product Manager,ecommerce,1500,0324386097
Dương Hữu An,duong.huu.an.12042@pharmacity.vn,Pharmacity,CEO,manufacturing,1500,0971769785
Phan Đức Việt,phan.duc.viet.12043@gmail.com,FPT Software,Head of Finance,fintech,25,0962387912
Lý Thanh An,ly.thanh.an.12044@kiotviet.vn,KiotViet,CFO,healthcare,120,0912013624
Vũ Thị Hà,vu.thi.ha.12045@thecoffeehou.vn,The Coffee House,Marketing Manager,ecommerce,500,0907346828
Hoàng Xuân Khánh,hoang.xuan.khanh.12046@momo.vn,MoMo,CFO,fintech,120,0971595019
Bùi Văn Khánh,bui.van.khanh.12047@topcv.vn,TopCV,Operations Manager,fintech,120,0966358259
Hoàng Hữu Hà,hoang.huu.ha.12048@gmail.com,Vinamilk,CEO,manufacturing,1500,0355289771
Lê Xuân Mai,le.xuan.mai.12049@gmail.com,Base.vn,Product Manager,retail,1500,0909204353
Vũ Đức Hà,vu.duc.ha.12050@gmail.com,MoMo,Product Manager,ecommerce,500,0863238133
Phạm Quang Nam,pham.quang.nam.12051@thecoffeehou.vn,The Coffee House,Operations Manager,healthcare,250,0937083154
Lý Hồng Linh,ly.hong.linh.12052@cenland.vn,CenLand,CEO,retail,10,0861319230
Lý Xuân An,ly.xuan.an.12053@gmail.com,FPT Software,Procurement Manager,education,500,0350057807
Ngô Ngọc Phúc,ngo.ngoc.phuc.12054@thecoffeehou.vn,The Coffee House,CTO,ecommerce,10,0320896636
Hồ Ngọc Oanh,ho.ngoc.oanh.12055@basevn.vn,Base.vn,Sales Director,healthcare,500,0863592498
Đặng Quang Dũng,dang.quang.dung.12056@basevn.vn,Base.vn,Sales Director,logistics,10,0707380811
Đặng Đức Phúc,dang.duc.phuc.12057@gmail.com,MoMo,Head of Finance,education,500,0936508539
Phan Minh Oanh,phan.minh.oanh.12058@duytanplasti.vn,Duy Tan Plastics,CFO,manufacturing,250,0903297940
Hồ Hồng Tâm,ho.hong.tam.12059@pharmacity.vn,Pharmacity,Procurement Manager,logistics,500,0861952661
Bùi Hồng An,bui.hong.an.12060@haravan.vn,Haravan,Head of Finance,fintech,120,0900673868
Nguyễn Hữu An,nguyen.huu.an.12061@hoaphat.vn,Hoà Phát,Marketing Manager,healthcare,500,0863326053
Vũ Hồng Dũng,vu.hong.dung.12062@basevn.vn,Base.vn,CEO,ecommerce,25,0864124316
Võ Hữu Tâm,vo.huu.tam.12063@gmail.com,Viet Tien Garment,Sales Director,education,1500,0352248018
Vũ Minh Hà,vu.minh.ha.12064@kiotviet.vn,KiotViet,Product Manager,manufacturing,50,0965523613
Phạm Thanh Dũng,pham.thanh.dung.12065@tiki.vn,Tiki,Head of Finance,retail,10,0321543275
Phan Ngọc Khánh,phan.ngoc.khanh.12066@hoaphat.vn,Hoà Phát,CFO,fintech,1500,0354698682
Ngô Thanh Mai,ngo.thanh.mai.12067@topcv.vn,TopCV,CTO,fintech,50,0908979384
Lý Xuân Lan,ly.xuan.lan.12068@fptsoftware.vn,FPT Software,CFO,retail,250,0353658760
Lý Ngọc Quân,ly.ngoc.quan.12069@hoaphat.vn,Hoà Phát,Kế toán trưởng,logistics,1500,0702232356
Dương Quang Nam,duong.quang.nam.12070@basevn.vn,Base.vn,Head of Finance,healthcare,10,0907133193
Ngô Minh Bình,ngo.minh.binh.12071@gmail.com,MoMo,Kế toán trưởng,education,500,0935246533
Lý Văn Việt,ly.van.viet.12072@momo.vn,MoMo,Product Manager,logistics,25,0865550612
Đỗ Quang Tâm,do.quang.tam.12073@thecoffeehou.vn,The Coffee House,CFO,healthcare,10,0915180855
Hồ Thị Giang,ho.thi.giang.12074@gemadeptlogi.vn,Gemadept Logistics,Operations Manager,manufacturing,50,0969970499
Trần Hữu Quân,tran.huu.quan.12075@gmail.com,KiotViet,CEO,manufacturing,10,0960972225
Ngô Xuân Giang,ngo.xuan.giang.12076@gmail.com,MoMo,CFO,logistics,1500,0359563050
Trần Xuân Nam,tran.xuan.nam.12077@gmail.com,PNJ,Product Manager,fintech,50,0709875889
Đặng Thị Lan,dang.thi.lan.12078@gmail.com,KiotViet,CFO,healthcare,500,0932105718
Nguyễn Thanh Quân,nguyen.thanh.quan.12079@basevn.vn,Base.vn,CTO,retail,250,0932905441
Bùi Hồng Trang,bui.hong.trang.12080@basevn.vn,Base.vn,Head of Finance,logistics,500,0708194928
Nguyễn Thanh Tâm,nguyen.thanh.tam.12081@shopeevietna.vn,Shopee Vietnam,CEO,fintech,120,0965345897
Hồ Đức Nam,ho.duc.nam.12082@kiotviet.vn,KiotViet,Product Manager,logistics,120,0322096831
Ngô Thị Phúc,ngo.thi.phuc.12083@momo.vn,MoMo,Procurement Manager,manufacturing,10,0961438025
Vũ Minh Dũng,vu.minh.dung.12084@tiki.vn,Tiki,Sales Director,education,1500,0966703854
Đỗ Thị Nam,do.thi.nam.12085@fptsoftware.vn,FPT Software,CEO,manufacturing,1500,0939449494
Nguyễn Ngọc Dũng,nguyen.ngoc.dung.12086@gmail.com,FPT Software,Procurement Manager,ecommerce,120,0702089393
Lê Hồng Mai,le.hong.mai.12087@momo.vn,MoMo,Sales Director,healthcare,250,0977918927
Vũ Quang Hùng,vu.quang.hung.12088@pnj.vn,PNJ,Operations Manager,fintech,500,0909619674
Đặng Xuân Quân,dang.xuan.quan.12089@shopeevietna.vn,Shopee Vietnam,Marketing Manager,fintech,50,0938135294
Dương Ngọc Việt,duong.ngoc.viet.12090@thecoffeehou.vn,The Coffee House,CFO,ecommerce,50,0353157833
Dương Xuân Sơn,duong.xuan.son.12091@cenland.vn,CenLand,CTO,software,120,0969307624
Trần Ngọc An,tran.ngoc.an.12092@haravan.vn,Haravan,Sales Director,healthcare,500,0700537828
Ngô Thị Việt,ngo.thi.viet.12093@fptsoftware.vn,FPT Software,CEO,education,10,0934233989
Phan Ngọc Bình,phan.ngoc.binh.12094@fptsoftware.vn,FPT Software,Operations Manager,software,250,0903707258
Đặng Ngọc Khánh,dang.ngoc.khanh.12095@gmail.com,VNG Corporation,CFO,manufacturing,1500,0357561109
Võ Hữu Việt,vo.huu.viet.12096@gmail.com,Haravan,Marketing Manager,ecommerce,1500,0350476067
Nguyễn Thanh Bình,nguyen.thanh.binh.12097@gmail.com,The Coffee House,CEO,logistics,250,0914659899
Lý Đức Sơn,ly.duc.son.12098@basevn.vn,Base.vn,Marketing Manager,logistics,25,0964785155
Lý Đức Hùng,ly.duc.hung.12099@gemadeptlogi.vn,Gemadept Logistics,CEO,retail,25,0916031941
Hồ Hồng Hùng,ho.hong.hung.12100@gmail.com,Hoà Phát,Operations Manager,education,250,0918003592
Đỗ Quang Lan,do.quang.lan.12101@gmail.com,FPT Software,CFO,manufacturing,10,0910120290
Dương Minh Khánh,duong.minh.khanh.12102@pnj.vn,PNJ,CFO,education,1500,0323306676
Bùi Ngọc Khánh,bui.ngoc.khanh.12103@gmail.com,Duy Tan Plastics,Product Manager,fintech,1500,0860256446
Dương Đức Linh,duong.duc.linh.12104@gmail.com,Viet Tien Garment,CTO,manufacturing,25,0936038140
Trần Hồng Dũng,tran.hong.dung.12105@hoaphat.vn,Hoà Phát,Procurement Manager,software,1500,0863694481
Đặng Hữu Khánh,dang.huu.khanh.12106@momo.vn,MoMo,CEO,software,250,0358536474
Võ Quang Sơn,vo.quang.son.12107@gmail.com,Vinmec,CFO,retail,500,0969843505
Vũ Minh Hà,vu.minh.ha.12108@fptsoftware.vn,FPT Software,CEO,education,50,0324569231
Võ Xuân Dũng,vo.xuan.dung.12109@hoaphat.vn,Hoà Phát,Marketing Manager,education,500,0963971295
Đỗ Thị Phúc,do.thi.phuc.12110@gmail.com,Gemadept Logistics,Sales Director,education,250,0352932545
Trần Quang An,tran.quang.an.12111@gmail.com,VNG Corporation,Kế toán trưởng,fintech,25,0868819101
Lý Minh Nam,ly.minh.nam.12112@thacoindustr.vn,Thaco Industries,Operations Manager,education,500,0967958768
Lý Văn Giang,ly.van.giang.12113@thacoindustr.vn,Thaco Industries,Product Manager,logistics,500,0863015154
Hoàng Quang Mai,hoang.quang.mai.12114@fptsoftware.vn,FPT Software,Operations Manager,retail,25,0977934405
Võ Quang Oanh,vo.quang.oanh.12115@gmail.com,Duy Tan Plastics,Procurement Manager,manufacturing,500,0978190943
Ngô Hồng Nam,ngo.hong.nam.12116@viettiengarm.vn,Viet Tien Garment,Procurement Manager,healthcare,500,0936795891
Ngô Hữu Hùng,ngo.huu.hung.12117@fptsoftware.vn,FPT Software,Sales Director,retail,120,0705319137
Hoàng Quang Bình,hoang.quang.binh.12118@vinamilk.vn,Vinamilk,Product Manager,fintech,1500,0975609912
Lý Thị Oanh,ly.thi.oanh.12119@hoaphat.vn,Hoà Phát,Marketing Manager,logistics,25,0320308944
Vũ Quang Quân,vu.quang.quan.12120@topcv.vn,TopCV,Kế toán trưởng,fintech,250,0861338820
Phan Minh An,phan.minh.an.12121@momo.vn,MoMo,CFO,retail,250,0900746593
Nguyễn Quang Khánh,nguyen.quang.khanh.12122@gmail.com,Duy Tan Plastics,Procurement Manager,software,500,0938692009
Võ Đức Sơn,vo.duc.son.12123@gmail.com,Tiki,Procurement Manager,ecommerce,500,0978944641
Phạm Ngọc An,pham.ngoc.an.12124@basevn.vn,Base.vn,Sales Director,retail,120,0971843453
Hồ Thanh Mai,ho.thanh.mai.12125@hoaphat.vn,Hoà Phát,Marketing Manager,manufacturing,25,0704645229
Bùi Thanh Giang,bui.thanh.giang.12126@gmail.com,Shopee Vietnam,Sales Director,logistics,50,0973657719
Lê Ngọc Sơn,le.ngoc.son.12127@basevn.vn,Base.vn,Marketing Manager,education,1500,0863589130
Nguyễn Ngọc Oanh,nguyen.ngoc.oanh.12128@gmail.com,Vinmec,Product Manager,manufacturing,250,0709838528
Nguyễn Đức An,nguyen.duc.an.12129@hoaphat.vn,Hoà Phát,CFO,manufacturing,1500,0867592919
Võ Văn Lan,vo.van.lan.12130@thacoindustr.vn,Thaco Industries,Product Manager,ecommerce,10,0706825764
Nguyễn Ngọc Bình,nguyen.ngoc.binh.12131@pnj.vn,PNJ,Sales Director,logistics,250,0932993897
Vũ Thị Oanh,vu.thi.oanh.12132@haravan.vn,Haravan,Operations Manager,retail,25,0709395004
Vũ Xuân Phúc,vu.xuan.phuc.12133@tiki.vn,Tiki,Head of Finance,healthcare,250,0974293774
Võ Đức Phúc,vo.duc.phuc.12134@gmail.com,The Coffee House,CTO,ecommerce,500,0961018698
Hồ Xuân Hà,ho.xuan.ha.12135@shopeevietna.vn,Shopee Vietnam,Marketing Manager,ecommerce,25,0909297638
Nguyễn Đức Nam,nguyen.duc.nam.12136@haravan.vn,Haravan,CTO,retail,1500,0701260370
Vũ Hồng Phúc,vu.hong.phuc.12137@tiki.vn,Tiki,CFO,retail,50,0904124455
Lý Đức Phúc,ly.duc.phuc.12138@gmail.com,The Coffee House,Marketing Manager,education,250,0352754511
Phạm Đức Hà,pham.duc.ha.12139@topcv.vn,TopCV,Procurement Manager,software,250,0325200182
Nguyễn Thanh Giang,nguyen.thanh.giang.12140@thacoindustr.vn,Thaco Industries,Procurement Manager,ecommerce,1500,0325390419
Hoàng Xuân Hà,hoang.xuan.ha.12141@gmail.com,The Coffee House,Operations Manager,software,1500,0979774070
Đặng Ngọc Giang,dang.ngoc.giang.12142@gmail.com,Hoà Phát,Operations Manager,software,250,0706993789
Võ Xuân Dũng,vo.xuan.dung.12143@thecoffeehou.vn,The Coffee House,Head of Finance,education,500,0350302729
Ngô Thị Phúc,ngo.thi.phuc.12144@pnj.vn,PNJ,CFO,education,50,0865555823
Võ Hồng Nam,vo.hong.nam.12145@gemadeptlogi.vn,Gemadept Logistics,Product Manager,fintech,250,0960688652
Ngô Hữu Hùng,ngo.huu.hung.12146@gmail.com,Viet Tien Garment,CEO,ecommerce,10,0936321766
Nguyễn Thanh Sơn,nguyen.thanh.son.12147@gmail.com,Tiki,CEO,retail,120,0975710357
Dương Đức Việt,duong.duc.viet.12148@gmail.com,Hoà Phát,Kế toán trưởng,logistics,25,0900400568
Phạm Đức Sơn,pham.duc.son.12149@haravan.vn,Haravan,Operations Manager,fintech,250,0910126940
Lý Xuân Quân,ly.xuan.quan.12150@topcv.vn,TopCV,Head of Finance,manufacturing,500,0326616951
Phan Thanh Hà,phan.thanh.ha.12151@gmail.com,VNG Corporation,Operations Manager,healthcare,50,0323070999
Phạm Hồng Việt,pham.hong.viet.12152@tiki.vn,Tiki,Marketing Manager,fintech,500,0707405829
Võ Hồng Tuấn,vo.hong.tuan.12153@vngcorporati.vn,VNG Corporation,Product Manager,retail,25,0908963279
Võ Văn Tâm,vo.van.tam.12154@viettiengarm.vn,Viet Tien Garment,Marketing Manager,healthcare,10,0863545599
Ngô Hữu Nam,ngo.huu.nam.12155@haravan.vn,Haravan,Procurement Manager,logistics,25,0900161493
Hoàng Văn Giang,hoang.van.giang.12156@gmail.com,Tiki,CEO,manufacturing,250,0973915825
Lý Thị Tâm,ly.thi.tam.12157@gmail.com,Vinmec,Procurement Manager,ecommerce,250,0933236855
Hoàng Hồng Nam,hoang.hong.nam.12158@duytanplasti.vn,Duy Tan Plastics,Kế toán trưởng,software,10,0324207332
Phạm Xuân Dũng,pham.xuan.dung.12159@vinmec.vn,Vinmec,Sales Director,ecommerce,50,0911378093
Nguyễn Hữu Lan,nguyen.huu.lan.12160@vngcorporati.vn,VNG Corporation,Procurement Manager,healthcare,120,0863920712
Đặng Hồng Nam,dang.hong.nam.12161@hoaphat.vn,Hoà Phát,Head of Finance,education,120,0861772682
Hồ Quang Hùng,ho.quang.hung.12162@gmail.com,PNJ,Sales Director,healthcare,120,0864338638
Phan Thanh Sơn,phan.thanh.son.12163@gmail.com,KiotViet,Head of Finance,retail,250,0977947184
Võ Xuân Hà,vo.xuan.ha.12164@basevn.vn,Base.vn,CFO,education,50,0935230539
Phan Văn Linh,phan.van.linh.12165@gmail.com,Duy Tan Plastics,Operations Manager,manufacturing,50,0917771806
Hoàng Ngọc Giang,hoang.ngoc.giang.12166@momo.vn,MoMo,CFO,logistics,10,0931074786
Dương Thị Châu,duong.thi.chau.12167@shopeevietna.vn,Shopee Vietnam,Kế toán trưởng,ecommerce,120,0939775736
Lê Ngọc Giang,le.ngoc.giang.12168@kiotviet.vn,KiotViet,Head of Finance,education,50,0357882634
Lê Văn Oanh,le.van.oanh.12169@pharmacity.vn,Pharmacity,CFO,ecommerce,25,0938766017
Đặng Thị Tâm,dang.thi.tam.12170@pnj.vn,PNJ,CEO,manufacturing,25,0865491169
Võ Ngọc Tuấn,vo.ngoc.tuan.12171@tiki.vn,Tiki,Procurement Manager,retail,1500,0906279675
Võ Đức Hà,vo.duc.ha.12172@basevn.vn,Base.vn,Product Manager,retail,500,0322948107
Trần Hữu Oanh,tran.huu.oanh.12173@vinmec.vn,Vinmec,Head of Finance,ecommerce,10,0705338545
Phan Thanh Lan,phan.thanh.lan.12174@fptsoftware.vn,FPT Software,Marketing Manager,healthcare,250,0906546724
Đặng Văn An,dang.van.an.12175@vinamilk.vn,Vinamilk,CTO,manufacturing,1500,0900312327
Phan Thị Oanh,phan.thi.oanh.12176@viettiengarm.vn,Viet Tien Garment,CTO,ecommerce,250,0324273002
Trần Ngọc Dũng,tran.ngoc.dung.12177@thecoffeehou.vn,The Coffee House,CTO,logistics,50,0707624691
Lý Quang Linh,ly.quang.linh.12178@haravan.vn,Haravan,Marketing Manager,fintech,25,0868142142
Dương Ngọc Nam,duong.ngoc.nam.12179@gmail.com,Vinmec,Sales Director,fintech,250,0355019870
Hoàng Xuân Trang,hoang.xuan.trang.12180@vinmec.vn,Vinmec,Operations Manager,software,10,0351586355
Hoàng Thanh Phúc,hoang.thanh.phuc.12181@pnj.vn,PNJ,Kế toán trưởng,logistics,25,0906407527
Đỗ Đức Việt,do.duc.viet.12182@gmail.com,Pharmacity,Product Manager,education,250,0937461537
Hoàng Hữu Quân,hoang.huu.quan.12183@gmail.com,Haravan,Operations Manager,education,250,0351463551
Đặng Ngọc Tuấn,dang.ngoc.tuan.12184@viettiengarm.vn,Viet Tien Garment,Marketing Manager,ecommerce,10,0970407382
Lê Quang An,le.quang.an.12185@gmail.com,Vinmec,Procurement Manager,fintech,250,0356003100
Hồ Minh Bình,ho.minh.binh.12186@cenland.vn,CenLand,CTO,education,50,0326501775
Lê Minh An,le.minh.an.12187@gmail.com,KiotViet,Sales Director,fintech,500,0969288407
Đặng Minh Việt,dang.minh.viet.12188@thacoindustr.vn,Thaco Industries,Product Manager,software,1500,0974432188
Vũ Thanh Oanh,vu.thanh.oanh.12189@duytanplasti.vn,Duy Tan Plastics,Product Manager,ecommerce,250,0329439556
Phan Minh Trang,phan.minh.trang.12190@topcv.vn,TopCV,CTO,education,120,0861857434
Hồ Minh Nam,ho.minh.nam.12191@cenland.vn,CenLand,CEO,retail,250,0974104140
Võ Thanh Tâm,vo.thanh.tam.12192@kiotviet.vn,KiotViet,Head of Finance,ecommerce,120,0350201767
Dương Văn Giang,duong.van.giang.12193@viettiengarm.vn,Viet Tien Garment,Marketing Manager,healthcare,25,0976317087
Đặng Xuân Tuấn,dang.xuan.tuan.12194@vinmec.vn,Vinmec,Procurement Manager,fintech,10,0707489734
Vũ Thị Quân,vu.thi.quan.12195@kiotviet.vn,KiotViet,Product Manager,logistics,50,0351468329
Nguyễn Đức Trang,nguyen.duc.trang.12196@fptsoftware.vn,FPT Software,Operations Manager,fintech,120,0329456612
Lý Minh Khánh,ly.minh.khanh.12197@kiotviet.vn,KiotViet,CEO,fintech,50,0917565763
Vũ Đức Khánh,vu.duc.khanh.12198@gmail.com,Duy Tan Plastics,Kế toán trưởng,ecommerce,500,0321145795
Võ Xuân Mai,vo.xuan.mai.12199@gmail.com,Duy Tan Plastics,Operations Manager,logistics,500,0939226174
Hoàng Minh Dũng,hoang.minh.dung.12200@vngcorporati.vn,VNG Corporation,CFO,fintech,25,0704636424
Đặng Hữu Hùng,dang.huu.hung.12201@gmail.com,Base.vn,CEO,retail,1500,0861078253
Võ Ngọc Quân,vo.ngoc.quan.12202@gemadeptlogi.vn,Gemadept Logistics,CTO,ecommerce,1500,0325424339
Đỗ Minh Bình,do.minh.binh.12203@gmail.com,KiotViet,Kế toán trưởng,education,250,0709818612
Dương Thị Khánh,duong.thi.khanh.12204@gmail.com,FPT Software,Sales Director,retail,25,0321292931
Đặng Thanh Mai,dang.thanh.mai.12205@vngcorporati.vn,VNG Corporation,Sales Director,education,120,0964011860
Vũ Ngọc Giang,vu.ngoc.giang.12206@gmail.com,Haravan,Marketing Manager,software,25,0350251162
Dương Văn Việt,duong.van.viet.12207@gmail.com,Viet Tien Garment,Kế toán trưởng,education,1500,0971720870
Phan Đức Trang,phan.duc.trang.12208@topcv.vn,TopCV,Head of Finance,logistics,50,0964316547
Trần Minh Tuấn,tran.minh.tuan.12209@pharmacity.vn,Pharmacity,Operations Manager,ecommerce,10,0323658360
Hồ Thanh Giang,ho.thanh.giang.12210@basevn.vn,Base.vn,Procurement Manager,fintech,25,0971191999
Phạm Ngọc Trang,pham.ngoc.trang.12211@tiki.vn,Tiki,Head of Finance,ecommerce,50,0324993929
Trần Văn Dũng,tran.van.dung.12212@cenland.vn,CenLand,Marketing Manager,retail,50,0931239722
Hồ Minh Linh,ho.minh.linh.12213@gmail.com,FPT Software,Sales Director,education,250,0328735482
Trần Hữu An,tran.huu.an.12214@gmail.com,Duy Tan Plastics,CFO,fintech,250,0972479192
Phan Hồng Mai,phan.hong.mai.12215@cenland.vn,CenLand,CTO,healthcare,250,0934469179
Lê Hồng Dũng,le.hong.dung.12216@basevn.vn,Base.vn,Kế toán trưởng,manufacturing,50,0974615036
Đặng Hồng Dũng,dang.hong.dung.12217@pharmacity.vn,Pharmacity,CEO,manufacturing,250,0862144853
Ngô Minh Trang,ngo.minh.trang.12218@pnj.vn,PNJ,Sales Director,manufacturing,50,0862512022
Ngô Đức Quân,ngo.duc.quan.12219@topcv.vn,TopCV,Product Manager,manufacturing,1500,0960185415
Lý Ngọc Sơn,ly.ngoc.son.12220@viettiengarm.vn,Viet Tien Garment,CFO,healthcare,500,0861864078
Hoàng Minh Hùng,hoang.minh.hung.12221@gmail.com,MoMo,Product Manager,software,250,0977666466
Lê Hồng Hà,le.hong.ha.12222@gmail.com,VNG Corporation,Product Manager,fintech,1500,0861062027
Trần Ngọc Bình,tran.ngoc.binh.12223@fptsoftware.vn,FPT Software,Sales Director,education,500,0906461787
Hồ Minh Giang,ho.minh.giang.12224@gmail.com,Hoà Phát,Kế toán trưởng,retail,25,0700284159
Bùi Đức Nam,bui.duc.nam.12225@thecoffeehou.vn,The Coffee House,Product Manager,retail,50,0900056228
Hoàng Thanh Tuấn,hoang.thanh.tuan.12226@thecoffeehou.vn,The Coffee House,Head of Finance,fintech,25,0978255038
Ngô Thanh Hà,ngo.thanh.ha.12227@tiki.vn,Tiki,CFO,manufacturing,10,0977690977
Phan Hồng Châu,phan.hong.chau.12228@pharmacity.vn,Pharmacity,Procurement Manager,fintech,10,0860057169
Trần Hồng Tuấn,tran.hong.tuan.12229@thecoffeehou.vn,The Coffee House,CFO,ecommerce,25,0915890052
Đỗ Minh Linh,do.minh.linh.12230@fptsoftware.vn,FPT Software,Marketing Manager,fintech,50,0328867919
Đỗ Thị Oanh,do.thi.oanh.12231@pnj.vn,PNJ,Sales Director,ecommerce,10,0322113490
Ngô Hữu Trang,ngo.huu.trang.12232@gmail.com,Duy Tan Plastics,Operations Manager,retail,120,0967512755
Hồ Xuân An,ho.xuan.an.12233@gemadeptlogi.vn,Gemadept Logistics,CFO,healthcare,250,0912660249
Võ Văn Nam,vo.van.nam.12234@pharmacity.vn,Pharmacity,Product Manager,retail,500,0918670417
Đặng Ngọc Khánh,dang.ngoc.khanh.12235@cenland.vn,CenLand,Operations Manager,healthcare,10,0930797388
Phan Đức Giang,phan.duc.giang.12236@thacoindustr.vn,Thaco Industries,CEO,education,10,0977425320
Bùi Hồng Bình,bui.hong.binh.12237@viettiengarm.vn,Viet Tien Garment,CEO,ecommerce,1500,0912345793
Vũ Minh Tuấn,vu.minh.tuan.12238@viettiengarm.vn,Viet Tien Garment,CEO,logistics,250,0355321417
Phạm Thị Oanh,pham.thi.oanh.12239@vinamilk.vn,Vinamilk,Kế toán trưởng,software,120,0906754421
Vũ Thị Việt,vu.thi.viet.12240@gmail.com,Pharmacity,Procurement Manager,logistics,10,0356405628
Phan Thanh Quân,phan.thanh.quan.12241@gmail.com,KiotViet,CEO,education,1500,0869786243
Đặng Thanh Hùng,dang.thanh.hung.12242@gmail.com,Viet Tien Garment,Product Manager,healthcare,50,0901719010
Trần Hữu Nam,tran.huu.nam.12243@gemadeptlogi.vn,Gemadept Logistics,Sales Director,education,500,0709088200
Bùi Thanh Dũng,bui.thanh.dung.12244@vngcorporati.vn,VNG Corporation,Operations Manager,software,250,0969180952
Hồ Quang Nam,ho.quang.nam.12245@fptsoftware.vn,FPT Software,CFO,ecommerce,25,0960029559
Phan Thị Nam,phan.thi.nam.12246@gemadeptlogi.vn,Gemadept Logistics,Head of Finance,ecommerce,50,0703133043
Bùi Thanh Mai,bui.thanh.mai.12247@thecoffeehou.vn,The Coffee House,Operations Manager,fintech,50,0969259187
Phan Ngọc Quân,phan.ngoc.quan.12248@thacoindustr.vn,Thaco Industries,Marketing Manager,retail,10,0903638934
Đỗ Ngọc Oanh,do.ngoc.oanh.12249@gmail.com,The Coffee House,Sales Director,retail,120,0967345495
Dương Hữu Việt,duong.huu.viet.12250@shopeevietna.vn,Shopee Vietnam,Operations Manager,manufacturing,50,0964439109
Võ Hồng Khánh,vo.hong.khanh.12251@gmail.com,The Coffee House,Procurement Manager,manufacturing,25,0937503021
Nguyễn Thanh Châu,nguyen.thanh.chau.12252@gmail.com,Base.vn,Head of Finance,retail,25,0323642170
Đặng Thị Khánh,dang.thi.khanh.12253@gemadeptlogi.vn,Gemadept Logistics,Product Manager,education,25,0970989941
Lý Văn Phúc,ly.van.phuc.12254@gmail.com,Vinmec,CTO,software,120,0973795639
Vũ Ngọc Châu,vu.ngoc.chau.12255@gmail.com,VNG Corporation,Marketing Manager,fintech,250,0865774121
Phạm Thị Phúc,pham.thi.phuc.12256@duytanplasti.vn,Duy Tan Plastics,Kế toán trưởng,software,50,0326635362
Võ Minh Phúc,vo.minh.phuc.12257@thacoindustr.vn,Thaco Industries,Procurement Manager,logistics,500,0968248082
Hoàng Xuân Quân,hoang.xuan.quan.12258@topcv.vn,TopCV,CFO,ecommerce,25,0907383606
Nguyễn Ngọc Phúc,nguyen.ngoc.phuc.12259@gmail.com,KiotViet,Sales Director,software,1500,0904505879
Dương Hữu An,duong.huu.an.12260@vinmec.vn,Vinmec,Head of Finance,healthcare,250,0706965017
Ngô Minh Hà,ngo.minh.ha.12261@gmail.com,MoMo,Kế toán trưởng,fintech,250,0903181996
Võ Hồng Trang,vo.hong.trang.12262@gmail.com,Tiki,Head of Finance,software,120,0862883930
Võ Hữu Phúc,vo.huu.phuc.12263@gmail.com,Haravan,Marketing Manager,manufacturing,10,0918544732
Đặng Minh Hùng,dang.minh.hung.12264@shopeevietna.vn,Shopee Vietnam,Operations Manager,ecommerce,25,0359695274
Hồ Minh Phúc,ho.minh.phuc.12265@cenland.vn,CenLand,Marketing Manager,logistics,500,0328736101
Bùi Hữu An,bui.huu.an.12266@thecoffeehou.vn,The Coffee House,CTO,retail,25,0966138190
Phạm Hữu Phúc,pham.huu.phuc.12267@cenland.vn,CenLand,Marketing Manager,software,120,0917113810
Lê Hồng Châu,le.hong.chau.12268@gmail.com,Vinamilk,Operations Manager,software,500,0966965855
Lý Thị Sơn,ly.thi.son.12269@duytanplasti.vn,Duy Tan Plastics,Sales Director,fintech,50,0910676429
Lý Hồng Việt,ly.hong.viet.12270@fptsoftware.vn,FPT Software,Marketing Manager,retail,50,0863998220
Hoàng Minh Giang,hoang.minh.giang.12271@gmail.com,Pharmacity,Procurement Manager,fintech,25,0869055218
Hoàng Hữu Hà,hoang.huu.ha.12272@thacoindustr.vn,Thaco Industries,Operations Manager,fintech,1500,0905123643
Đỗ Hữu Hùng,do.huu.hung.12273@thacoindustr.vn,Thaco Industries,Marketing Manager,education,50,0358923808
Đặng Đức Mai,dang.duc.mai.12274@gemadeptlogi.vn,Gemadept Logistics,Product Manager,healthcare,1500,0932532655
Dương Quang Khánh,duong.quang.khanh.12275@hoaphat.vn,Hoà Phát,Marketing Manager,software,1500,0967177981
Trần Minh Việt,tran.minh.viet.12276@gmail.com,KiotViet,Marketing Manager,retail,500,0933972238
Dương Đức Nam,duong.duc.nam.12277@gmail.com,KiotViet,Head of Finance,manufacturing,25,0869484084
Dương Đức Bình,duong.duc.binh.12278@gmail.com,Vinmec,Kế toán trưởng,software,120,0970936709
Trần Thị Dũng,tran.thi.dung.12279@gmail.com,Vinmec,Sales Director,education,250,0322195276
Đỗ Hồng Sơn,do.hong.son.12280@momo.vn,MoMo,Procurement Manager,fintech,25,0978359969
Phạm Văn Dũng,pham.van.dung.12281@viettiengarm.vn,Viet Tien Garment,Product Manager,logistics,500,0964962607
Vũ Quang Hà,vu.quang.ha.12282@thacoindustr.vn,Thaco Industries,Kế toán trưởng,logistics,250,0913228240
Trần Minh Hùng,tran.minh.hung.12283@gmail.com,KiotViet,Procurement Manager,fintech,120,0704731691
Đặng Thị An,dang.thi.an.12284@gmail.com,FPT Software,Sales Director,fintech,1500,0977524842
Trần Ngọc Hùng,tran.ngoc.hung.12285@topcv.vn,TopCV,CEO,ecommerce,50,0901696735
Võ Hồng Bình,vo.hong.binh.12286@gemadeptlogi.vn,Gemadept Logistics,Sales Director,healthcare,250,0931018798
Võ Minh Nam,vo.minh.nam.12287@gmail.com,Duy Tan Plastics,Head of Finance,healthcare,500,0935175721
Ngô Thị Mai,ngo.thi.mai.12288@gmail.com,VNG Corporation,CTO,education,10,0968548823
Nguyễn Hồng Khánh,nguyen.hong.khanh.12289@shopeevietna.vn,Shopee Vietnam,Sales Director,ecommerce,10,0357965223
Đặng Ngọc Tuấn,dang.ngoc.tuan.12290@gmail.com,Tiki,CEO,healthcare,1500,0965719448
Phạm Ngọc Linh,pham.ngoc.linh.12291@vinamilk.vn,Vinamilk,CTO,retail,10,0969874531
Hoàng Thị Hà,hoang.thi.ha.12292@pharmacity.vn,Pharmacity,Marketing Manager,education,10,0328528183
Lý Thanh Phúc,ly.thanh.phuc.12293@gmail.com,TopCV,Head of Finance,fintech,10,0906018719
Phạm Hồng Lan,pham.hong.lan.12294@basevn.vn,Base.vn,CTO,logistics,250,0912286994
Lê Ngọc Nam,le.ngoc.nam.12295@gmail.com,Tiki,Sales Director,healthcare,25,0869056203
Đỗ Hữu An,do.huu.an.12296@kiotviet.vn,KiotViet,Kế toán trưởng,ecommerce,250,0869058868
Hồ Minh Giang,ho.minh.giang.12297@basevn.vn,Base.vn,Product Manager,ecommerce,120,0321985407
Hồ Đức Việt,ho.duc.viet.12298@gmail.com,VNG Corporation,CTO,logistics,50,0973678575
Hồ Hồng Giang,ho.hong.giang.12299@momo.vn,MoMo,CEO,software,500,0329184217
Đỗ Thị Oanh,do.thi.oanh.12300@vinamilk.vn,Vinamilk,Marketing Manager,education,250,0971395831
Võ Thanh Sơn,vo.thanh.son.12301@cenland.vn,CenLand,Kế toán trưởng,education,50,0703397538
Hoàng Thị Bình,hoang.thi.binh.12302@momo.vn,MoMo,Product Manager,software,250,0910366663
Trần Thanh Tâm,tran.thanh.tam.12303@gmail.com,KiotViet,CTO,education,250,0350111666
Lê Đức Quân,le.duc.quan.12304@vinamilk.vn,Vinamilk,Sales Director,healthcare,250,0904112419
Hồ Thị Nam,ho.thi.nam.12305@hoaphat.vn,Hoà Phát,Sales Director,fintech,1500,0325141473
Bùi Ngọc Trang,bui.ngoc.trang.12306@vngcorporati.vn,VNG Corporation,Kế toán trưởng,healthcare,500,0320739346
Đặng Thị Tuấn,dang.thi.tuan.12307@basevn.vn,Base.vn,CFO,fintech,1500,0350259046
Phạm Ngọc Mai,pham.ngoc.mai.12308@basevn.vn,Base.vn,Kế toán trưởng,manufacturing,10,0900863025
Hoàng Hữu Lan,hoang.huu.lan.12309@viettiengarm.vn,Viet Tien Garment,Procurement Manager,ecommerce,500,0918773852
Võ Thị Giang,vo.thi.giang.12310@cenland.vn,CenLand,CFO,retail,25,0972476654
Lý Hữu Lan,ly.huu.lan.12311@hoaphat.vn,Hoà Phát,CFO,manufacturing,50,0903493708
Lý Văn Linh,ly.van.linh.12312@shopeevietna.vn,Shopee Vietnam,Product Manager,education,500,0938084199
Hồ Văn Phúc,ho.van.phuc.12313@gmail.com,Base.vn,CFO,retail,50,0326412940
Hồ Hồng Quân,ho.hong.quan.12314@momo.vn,MoMo,CFO,fintech,250,0868296925
Đặng Hồng Giang,dang.hong.giang.12315@gmail.com,Pharmacity,Operations Manager,retail,10,0700788559
Đặng Thanh Nam,dang.thanh.nam.12316@thecoffeehou.vn,The Coffee House,Product Manager,healthcare,120,0326130275
Phạm Hồng Việt,pham.hong.viet.12317@gmail.com,The Coffee House,Procurement Manager,manufacturing,10,0866001632
Bùi Thanh An,bui.thanh.an.12318@momo.vn,MoMo,Procurement Manager,logistics,1500,0861994758
Bùi Minh Linh,bui.minh.linh.12319@gmail.com,Pharmacity,Sales Director,manufacturing,250,0974711095
Phạm Xuân Phúc,pham.xuan.phuc.12320@shopeevietna.vn,Shopee Vietnam,Kế toán trưởng,ecommerce,1500,0908890518
Phan Xuân Nam,phan.xuan.nam.12321@shopeevietna.vn,Shopee Vietnam,CFO,manufacturing,1500,0866606893
Đỗ Thanh An,do.thanh.an.12322@gmail.com,Tiki,Procurement Manager,manufacturing,1500,0962247977
Ngô Xuân Oanh,ngo.xuan.oanh.12323@duytanplasti.vn,Duy Tan Plastics,Marketing Manager,manufacturing,120,0709520081
Đặng Xuân Phúc,dang.xuan.phuc.12324@vngcorporati.vn,VNG Corporation,Sales Director,fintech,250,0938192865
Lê Thanh Quân,le.thanh.quan.12325@gmail.com,TopCV,Procurement Manager,education,1500,0908860637
Phạm Ngọc Giang,pham.ngoc.giang.12326@shopeevietna.vn,Shopee Vietnam,Head of Finance,software,120,0705417535
Bùi Hữu Giang,bui.huu.giang.12327@vngcorporati.vn,VNG Corporation,CEO,fintech,250,0702378660
Dương Văn Tuấn,duong.van.tuan.12328@gmail.com,VNG Corporation,CEO,ecommerce,250,0900232875
Lê Đức Mai,le.duc.mai.12329@gemadeptlogi.vn,Gemadept Logistics,CFO,manufacturing,25,0860846923
Đỗ Thị Oanh,do.thi.oanh.12330@kiotviet.vn,KiotViet,Head of Finance,ecommerce,25,0350321116
Đặng Hồng Tâm,dang.hong.tam.12331@shopeevietna.vn,Shopee Vietnam,Product Manager,ecommerce,120,0866245794
Trần Ngọc Tâm,tran.ngoc.tam.12332@tiki.vn,Tiki,CFO,ecommerce,25,0704860812
Lý Văn Việt,ly.van.viet.12333@pnj.vn,PNJ,Head of Finance,healthcare,25,0352726549
Nguyễn Ngọc Quân,nguyen.ngoc.quan.12334@fptsoftware.vn,FPT Software,CFO,fintech,250,0325418247
Hồ Minh Bình,ho.minh.binh.12335@vinamilk.vn,Vinamilk,Operations Manager,ecommerce,250,0971210445
Hồ Thanh Quân,ho.thanh.quan.12336@duytanplasti.vn,Duy Tan Plastics,Head of Finance,manufacturing,120,0700777383
Hồ Minh Phúc,ho.minh.phuc.12337@gmail.com,PNJ,CEO,retail,120,0328554399
Nguyễn Hữu Mai,nguyen.huu.mai.12338@gemadeptlogi.vn,Gemadept Logistics,Sales Director,manufacturing,50,0900531560
Vũ Đức Việt,vu.duc.viet.12339@gmail.com,VNG Corporation,Marketing Manager,fintech,500,0328672563
Lê Minh Việt,le.minh.viet.12340@kiotviet.vn,KiotViet,CEO,education,120,0972302928
Lê Thanh Hùng,le.thanh.hung.12341@vinmec.vn,Vinmec,Product Manager,healthcare,25,0970661515
Lý Đức Châu,ly.duc.chau.12342@vngcorporati.vn,VNG Corporation,Kế toán trưởng,manufacturing,50,0869200522
Phan Hồng Tuấn,phan.hong.tuan.12343@shopeevietna.vn,Shopee Vietnam,Product Manager,software,1500,0919831710
Hoàng Đức Sơn,hoang.duc.son.12344@fptsoftware.vn,FPT Software,Kế toán trưởng,ecommerce,120,0704377882
Bùi Thị Nam,bui.thi.nam.12345@tiki.vn,Tiki,Procurement Manager,education,25,0900363797
Lê Đức Dũng,le.duc.dung.12346@gmail.com,PNJ,Head of Finance,retail,1500,0860126433
Bùi Xuân Nam,bui.xuan.nam.12347@gmail.com,PNJ,Product Manager,retail,1500,0861633573
Nguyễn Quang Châu,nguyen.quang.chau.12348@gmail.com,PNJ,Operations Manager,logistics,50,0936823524
Võ Hữu Dũng,vo.huu.dung.12349@vinamilk.vn,Vinamilk,Product Manager,software,250,0972575845
Lý Xuân Phúc,ly.xuan.phuc.12350@gmail.com,Gemadept Logistics,CTO,software,250,0862108528
Lý Thị Tuấn,ly.thi.tuan.12351@thecoffeehou.vn,The Coffee House,Head of Finance,manufacturing,250,0708213352
Võ Xuân Linh,vo.xuan.linh.12352@gmail.com,PNJ,Head of Finance,ecommerce,10,0703276248
Trần Ngọc Quân,tran.ngoc.quan.12353@momo.vn,MoMo,Product Manager,retail,25,0321822862
Bùi Ngọc Phúc,bui.ngoc.phuc.12354@thecoffeehou.vn,The Coffee House,Head of Finance,fintech,10,0970154184
Võ Xuân Việt,vo.xuan.viet.12355@kiotviet.vn,KiotViet,Kế toán trưởng,software,500,0355564277
Phan Quang Phúc,phan.quang.phuc.12356@tiki.vn,Tiki,Product Manager,manufacturing,500,0356563598
Võ Hữu Sơn,vo.huu.son.12357@pharmacity.vn,Pharmacity,Operations Manager,education,250,0702325921
Dương Minh Tuấn,duong.minh.tuan.12358@thecoffeehou.vn,The Coffee House,CEO,healthcare,500,0935470306
Bùi Minh Mai,bui.minh.mai.12359@vinmec.vn,Vinmec,Operations Manager,retail,25,0977268240
Đỗ Văn Hà,do.van.ha.12360@pharmacity.vn,Pharmacity,Product Manager,software,50,0350206865
Hồ Thanh Quân,ho.thanh.quan.12361@shopeevietna.vn,Shopee Vietnam,Operations Manager,logistics,500,0960571482
Bùi Hữu Dũng,bui.huu.dung.12362@pnj.vn,PNJ,CEO,manufacturing,120,0972999246
Phan Ngọc An,phan.ngoc.an.12363@vngcorporati.vn,VNG Corporation,Kế toán trưởng,fintech,1500,0915919142
Trần Ngọc Châu,tran.ngoc.chau.12364@kiotviet.vn,KiotViet,Sales Director,fintech,1500,0978090820
Phan Đức Việt,phan.duc.viet.12365@gmail.com,CenLand,Product Manager,manufacturing,1500,0866870917
Dương Văn Dũng,duong.van.dung.12366@viettiengarm.vn,Viet Tien Garment,CFO,ecommerce,1500,0908467309
Bùi Thanh Nam,bui.thanh.nam.12367@thacoindustr.vn,Thaco Industries,CFO,healthcare,50,0930213141
Nguyễn Đức Bình,nguyen.duc.binh.12368@duytanplasti.vn,Duy Tan Plastics,Operations Manager,healthcare,25,0960503669
Bùi Đức Lan,bui.duc.lan.12369@momo.vn,MoMo,Procurement Manager,education,1500,0911938326
Phạm Minh An,pham.minh.an.12370@pnj.vn,PNJ,CTO,ecommerce,50,0867317765
Hoàng Ngọc Phúc,hoang.ngoc.phuc.12371@thacoindustr.vn,Thaco Industries,Operations Manager,logistics,50,0934979711
Bùi Đức Trang,bui.duc.trang.12372@gemadeptlogi.vn,Gemadept Logistics,Marketing Manager,retail,1500,0704213891
Vũ Hồng Mai,vu.hong.mai.12373@haravan.vn,Haravan,Operations Manager,retail,25,0864513273
Đỗ Hồng Mai,do.hong.mai.12374@cenland.vn,CenLand,Operations Manager,ecommerce,25,0356241493
Đặng Minh Bình,dang.minh.binh.12375@cenland.vn,CenLand,Product Manager,logistics,500,0935870185
Trần Hữu Châu,tran.huu.chau.12376@gmail.com,Gemadept Logistics,CFO,retail,10,0867911477
Phan Minh Việt,phan.minh.viet.12377@gmail.com,KiotViet,Marketing Manager,education,10,0700296192
Dương Hữu Mai,duong.huu.mai.12378@gmail.com,CenLand,CFO,education,250,0937641102
Ngô Hữu Châu,ngo.huu.chau.12379@cenland.vn,CenLand,CFO,software,120,0326478780
Nguyễn Minh Hà,nguyen.minh.ha.12380@gemadeptlogi.vn,Gemadept Logistics,CTO,logistics,250,0968173559
Đỗ Quang Tâm,do.quang.tam.12381@viettiengarm.vn,Viet Tien Garment,CTO,logistics,250,0963722336
Đặng Đức Hà,dang.duc.ha.12382@viettiengarm.vn,Viet Tien Garment,Marketing Manager,education,120,0934822821
Vũ Thanh Sơn,vu.thanh.son.12383@gmail.com,KiotViet,Procurement Manager,software,500,0907498551
Đặng Thanh Nam,dang.thanh.nam.12384@vinamilk.vn,Vinamilk,Operations Manager,healthcare,250,0328239783
Phạm Thanh Việt,pham.thanh.viet.12385@gmail.com,PNJ,Marketing Manager,retail,1500,0864911331
Võ Văn Tuấn,vo.van.tuan.12386@gmail.com,Base.vn,Marketing Manager,fintech,500,0916389641
Nguyễn Thanh Phúc,nguyen.thanh.phuc.12387@tiki.vn,Tiki,Kế toán trưởng,retail,500,0325351202
Hồ Quang Linh,ho.quang.linh.12388@basevn.vn,Base.vn,Operations Manager,retail,25,0359163411
Đỗ Hữu Nam,do.huu.nam.12389@gmail.com,Thaco Industries,Product Manager,logistics,10,0862843226
Trần Hồng Hùng,tran.hong.hung.12390@pharmacity.vn,Pharmacity,CTO,ecommerce,120,0908351897
Dương Hồng Hà,duong.hong.ha.12391@gmail.com,Shopee Vietnam,Operations Manager,healthcare,25,0967771786
Hồ Thanh Linh,ho.thanh.linh.12392@vngcorporati.vn,VNG Corporation,Marketing Manager,healthcare,1500,0971603734
Đặng Thị Bình,dang.thi.binh.12393@hoaphat.vn,Hoà Phát,Sales Director,logistics,250,0917774219
Dương Thanh Mai,duong.thanh.mai.12394@basevn.vn,Base.vn,Sales Director,healthcare,10,0863409203
Dương Hữu Oanh,duong.huu.oanh.12395@tiki.vn,Tiki,CTO,fintech,120,0351532345
Đặng Văn Châu,dang.van.chau.12396@gmail.com,Shopee Vietnam,Sales Director,fintech,50,0907237870
Hồ Xuân Oanh,ho.xuan.oanh.12397@vngcorporati.vn,VNG Corporation,Procurement Manager,software,1500,0915256619
Vũ Ngọc Nam,vu.ngoc.nam.12398@vinamilk.vn,Vinamilk,Kế toán trưởng,ecommerce,250,0909554833
Trần Minh Lan,tran.minh.lan.12399@duytanplasti.vn,Duy Tan Plastics,CEO,logistics,25,0863656275
Hồ Hồng Quân,ho.hong.quan.12400@topcv.vn,TopCV,Sales Director,healthcare,10,0973730456
Phạm Hồng Trang,pham.hong.trang.12401@topcv.vn,TopCV,Procurement Manager,healthcare,10,0700667853
Võ Quang Phúc,vo.quang.phuc.12402@duytanplasti.vn,Duy Tan Plastics,Operations Manager,ecommerce,50,0351167961
Đỗ Hồng Sơn,do.hong.son.12403@kiotviet.vn,KiotViet,Head of Finance,software,250,0352793277
Võ Ngọc Lan,vo.ngoc.lan.12404@vinmec.vn,Vinmec,CTO,manufacturing,25,0321422258
Ngô Hữu Hùng,ngo.huu.hung.12405@gemadeptlogi.vn,Gemadept Logistics,CEO,manufacturing,500,0915002822
Phan Minh Hùng,phan.minh.hung.12406@thacoindustr.vn,Thaco Industries,CTO,software,50,0917182946
Nguyễn Văn Khánh,nguyen.van.khanh.12407@gmail.com,CenLand,CEO,ecommerce,50,0903694465
Hoàng Ngọc Tuấn,hoang.ngoc.tuan.12408@thecoffeehou.vn,The Coffee House,Procurement Manager,education,50,0902168924
Hoàng Xuân Dũng,hoang.xuan.dung.12409@basevn.vn,Base.vn,Operations Manager,fintech,120,0325555757
Đặng Minh Linh,dang.minh.linh.12410@gemadeptlogi.vn,Gemadept Logistics,Sales Director,ecommerce,250,0976339656
Vũ Thị Oanh,vu.thi.oanh.12411@gmail.com,Viet Tien Garment,Head of Finance,manufacturing,120,0962221290
Lê Quang Bình,le.quang.binh.12412@topcv.vn,TopCV,CEO,software,500,0701021957
Lê Văn Phúc,le.van.phuc.12413@gmail.com,Pharmacity,Marketing Manager,retail,25,0963085575
Nguyễn Đức Việt,nguyen.duc.viet.12414@pharmacity.vn,Pharmacity,Product Manager,healthcare,50,0932406792
Đỗ Thị Lan,do.thi.lan.12415@gmail.com,Duy Tan Plastics,Product Manager,manufacturing,120,0914834160
Ngô Quang Bình,ngo.quang.binh.12416@gmail.com,Pharmacity,Sales Director,retail,500,0918556173
Hồ Thanh Khánh,ho.thanh.khanh.12417@gmail.com,FPT Software,CTO,ecommerce,1500,0706125466
Võ Xuân Hà,vo.xuan.ha.12418@vinmec.vn,Vinmec,Marketing Manager,manufacturing,500,0321931563
Ngô Quang Giang,ngo.quang.giang.12419@gmail.com,MoMo,CFO,healthcare,500,0324716146
Đặng Thanh Khánh,dang.thanh.khanh.12420@duytanplasti.vn,Duy Tan Plastics,Sales Director,healthcare,500,0915453998
Võ Xuân Hà,vo.xuan.ha.12421@pharmacity.vn,Pharmacity,Procurement Manager,retail,500,0967325941
Lê Quang Lan,le.quang.lan.12422@haravan.vn,Haravan,Kế toán trưởng,retail,50,0919082303
Lý Quang Giang,ly.quang.giang.12423@gmail.com,Shopee Vietnam,CFO,logistics,500,0866186782
Võ Ngọc Tâm,vo.ngoc.tam.12424@kiotviet.vn,KiotViet,Product Manager,software,25,0918185259
Bùi Hữu Khánh,bui.huu.khanh.12425@pnj.vn,PNJ,CTO,manufacturing,250,0350512145
Trần Thanh An,tran.thanh.an.12426@gmail.com,Base.vn,CTO,healthcare,500,0911938481
Phan Minh Tuấn,phan.minh.tuan.12427@pnj.vn,PNJ,Sales Director,education,25,0914936041
Lý Hồng Trang,ly.hong.trang.12428@gmail.com,The Coffee House,Operations Manager,logistics,1500,0907834636
Trần Minh Nam,tran.minh.nam.12429@gmail.com,Tiki,Procurement Manager,education,120,0353206872
Dương Văn Trang,duong.van.trang.12430@tiki.vn,Tiki,CFO,ecommerce,50,0962233569
Lê Quang Khánh,le.quang.khanh.12431@pharmacity.vn,Pharmacity,Marketing Manager,logistics,120,0320578051
Bùi Minh Sơn,bui.minh.son.12432@pharmacity.vn,Pharmacity,Kế toán trưởng,retail,10,0965830440
Đỗ Thị Linh,do.thi.linh.12433@duytanplasti.vn,Duy Tan Plastics,Head of Finance,manufacturing,120,0705801296
Ngô Văn Linh,ngo.van.linh.12434@gemadeptlogi.vn,Gemadept Logistics,CEO,manufacturing,120,0355379578
Phan Minh Tuấn,phan.minh.tuan.12435@pharmacity.vn,Pharmacity,Sales Director,healthcare,50,0912675167
Nguyễn Hữu Mai,nguyen.huu.mai.12436@viettiengarm.vn,Viet Tien Garment,Product Manager,software,50,0962999083
Nguyễn Ngọc Hùng,nguyen.ngoc.hung.12437@gemadeptlogi.vn,Gemadept Logistics,Sales Director,logistics,10,0903968341
Phan Hữu Mai,phan.huu.mai.12438@gmail.com,Duy Tan Plastics,Kế toán trưởng,logistics,120,0937657184
Vũ Minh Oanh,vu.minh.oanh.12439@tiki.vn,Tiki,Procurement Manager,ecommerce,250,0903817086
Ngô Đức Trang,ngo.duc.trang.12440@basevn.vn,Base.vn,Kế toán trưởng,logistics,250,0903657504
Đỗ Đức Việt,do.duc.viet.12441@gmail.com,Haravan,Head of Finance,manufacturing,25,0707071469
Trần Ngọc Bình,tran.ngoc.binh.12442@kiotviet.vn,KiotViet,Product Manager,healthcare,1500,0869700461
Đặng Hữu Nam,dang.huu.nam.12443@gmail.com,Duy Tan Plastics,Sales Director,software,25,0973608877
Ngô Quang Trang,ngo.quang.trang.12444@kiotviet.vn,KiotViet,CFO,software,120,0329825179
Dương Ngọc Quân,duong.ngoc.quan.12445@thecoffeehou.vn,The Coffee House,Sales Director,healthcare,10,0869619650
Đỗ Thị Tuấn,do.thi.tuan.12446@gmail.com,Vinamilk,Marketing Manager,software,25,0979258909
Hồ Thị Khánh,ho.thi.khanh.12447@pharmacity.vn,Pharmacity,Operations Manager,education,500,0972008558
Bùi Minh Sơn,bui.minh.son.12448@gmail.com,PNJ,Head of Finance,software,25,0900068094
Phạm Hữu Oanh,pham.huu.oanh.12449@vngcorporati.vn,VNG Corporation,Sales Director,manufacturing,120,0902279981
Dương Xuân An,duong.xuan.an.12450@pnj.vn,PNJ,Kế toán trưởng,education,250,0911034003
Bùi Thị Bình,bui.thi.binh.12451@gemadeptlogi.vn,Gemadept Logistics,Product Manager,manufacturing,120,0862931759
Phạm Hữu Tâm,pham.huu.tam.12452@gmail.com,Base.vn,Product Manager,logistics,500,0320064356
Lý Hữu Việt,ly.huu.viet.12453@gmail.com,Thaco Industries,Operations Manager,software,500,0322881790
Ngô Hồng Hà,ngo.hong.ha.12454@tiki.vn,Tiki,Procurement Manager,ecommerce,25,0930389513
Dương Ngọc Châu,duong.ngoc.chau.12455@gmail.com,MoMo,Operations Manager,ecommerce,500,0864423139
Hồ Minh Bình,ho.minh.binh.12456@topcv.vn,TopCV,CFO,fintech,25,0325141719
Phan Ngọc Hùng,phan.ngoc.hung.12457@viettiengarm.vn,Viet Tien Garment,Product Manager,retail,50,0975659198
Nguyễn Thanh Châu,nguyen.thanh.chau.12458@gmail.com,Vinamilk,CEO,logistics,1500,0969469768
Lý Thị Châu,ly.thi.chau.12459@vinmec.vn,Vinmec,Procurement Manager,fintech,1500,0866734168
Bùi Ngọc An,bui.ngoc.an.12460@thacoindustr.vn,Thaco Industries,Sales Director,ecommerce,50,0321038989
Lý Ngọc Hùng,ly.ngoc.hung.12461@vngcorporati.vn,VNG Corporation,Product Manager,manufacturing,50,0933005854
Bùi Hữu Oanh,bui.huu.oanh.12462@fptsoftware.vn,FPT Software,CEO,retail,250,0866260246
Lý Hữu Khánh,ly.huu.khanh.12463@duytanplasti.vn,Duy Tan Plastics,CFO,manufacturing,500,0320921145
Hoàng Xuân Sơn,hoang.xuan.son.12464@gmail.com,Base.vn,Procurement Manager,education,10,0919131104
Hoàng Minh Trang,hoang.minh.trang.12465@pnj.vn,PNJ,CFO,logistics,50,0909383034
Lê Đức Quân,le.duc.quan.12466@viettiengarm.vn,Viet Tien Garment,Sales Director,software,10,0908935961
Dương Quang Trang,duong.quang.trang.12467@cenland.vn,CenLand,Marketing Manager,education,250,0904090626
Đỗ Đức Châu,do.duc.chau.12468@momo.vn,MoMo,CTO,education,10,0915989018
Đỗ Đức Dũng,do.duc.dung.12469@viettiengarm.vn,Viet Tien Garment,Kế toán trưởng,healthcare,500,0354341941
Phan Minh Bình,phan.minh.binh.12470@gmail.com,Thaco Industries,Sales Director,education,500,0352514402
Phan Văn Linh,phan.van.linh.12471@kiotviet.vn,KiotViet,Product Manager,ecommerce,500,0918221953
Đặng Ngọc Mai,dang.ngoc.mai.12472@vngcorporati.vn,VNG Corporation,Product Manager,fintech,500,0905516024
Vũ Hồng Mai,vu.hong.mai.12473@gmail.com,VNG Corporation,Procurement Manager,healthcare,25,0359392103
Võ Hữu Giang,vo.huu.giang.12474@pharmacity.vn,Pharmacity,Head of Finance,ecommerce,120,0912198226
Đỗ Thanh Linh,do.thanh.linh.12475@fptsoftware.vn,FPT Software,Marketing Manager,education,500,0707067915
Bùi Xuân Mai,bui.xuan.mai.12476@gmail.com,FPT Software,Procurement Manager,fintech,250,0900708051
Phan Thanh Trang,phan.thanh.trang.12477@gmail.com,Gemadept Logistics,Marketing Manager,software,25,0327768827
Đặng Đức Bình,dang.duc.binh.12478@pharmacity.vn,Pharmacity,Product Manager,ecommerce,1500,0325711785
Nguyễn Thanh Linh,nguyen.thanh.linh.12479@gmail.com,Viet Tien Garment,CFO,logistics,50,0915281276
Bùi Quang An,bui.quang.an.12480@shopeevietna.vn,Shopee Vietnam,Product Manager,manufacturing,10,0914142272
Ngô Xuân Dũng,ngo.xuan.dung.12481@pharmacity.vn,Pharmacity,Head of Finance,logistics,120,0936826263
Lê Đức Khánh,le.duc.khanh.12482@thacoindustr.vn,Thaco Industries,CFO,ecommerce,120,0869026420
Phan Văn Sơn,phan.van.son.12483@gmail.com,TopCV,Operations Manager,retail,10,0867429711
Phạm Minh Sơn,pham.minh.son.12484@viettiengarm.vn,Viet Tien Garment,Operations Manager,education,500,0902328588
Đặng Hồng Khánh,dang.hong.khanh.12485@gmail.com,Haravan,CEO,logistics,1500,0357213620
Ngô Thị Oanh,ngo.thi.oanh.12486@thacoindustr.vn,Thaco Industries,Procurement Manager,software,500,0906939479
Võ Xuân Giang,vo.xuan.giang.12487@cenland.vn,CenLand,Head of Finance,logistics,120,0354293055
Bùi Hồng Quân,bui.hong.quan.12488@thacoindustr.vn,Thaco Industries,CTO,logistics,1500,0323740251
Phan Hồng Linh,phan.hong.linh.12489@gmail.com,MoMo,Head of Finance,manufacturing,1500,0912068638
Lê Văn Tuấn,le.van.tuan.12490@vngcorporati.vn,VNG Corporation,Head of Finance,logistics,1500,0329029931
Lê Quang Châu,le.quang.chau.12491@gmail.com,Tiki,Marketing Manager,healthcare,120,0323091097
Đỗ Văn Việt,do.van.viet.12492@viettiengarm.vn,Viet Tien Garment,Sales Director,education,500,0867635950
Phạm Văn An,pham.van.an.12493@thacoindustr.vn,Thaco Industries,Kế toán trưởng,healthcare,25,0969898611
Vũ Hồng Bình,vu.hong.binh.12494@gmail.com,VNG Corporation,Procurement Manager,education,500,0321131186
Phan Văn Phúc,phan.van.phuc.12495@gmail.com,Vinamilk,CFO,healthcare,25,0968481614
Võ Minh Lan,vo.minh.lan.12496@duytanplasti.vn,Duy Tan Plastics,CTO,software,50,0915862937
Lý Thị Nam,ly.thi.nam.12497@momo.vn,MoMo,Marketing Manager,fintech,500,0969084175
Đỗ Hữu Linh,do.huu.linh.12498@gmail.com,PNJ,CFO,software,25,0905288315
Trần Hồng Linh,tran.hong.linh.12499@pharmacity.vn,Pharmacity,Kế toán trưởng,retail,50,0902103037
Đỗ Quang Tâm,do.quang.tam.12500@pnj.vn,PNJ,Head of Finance,education,10,0320363109
Trần Hồng Phúc,tran.hong.phuc.12501@viettiengarm.vn,Viet Tien Garment,CFO,manufacturing,1500,0861494315
Đỗ Hồng Dũng,do.hong.dung.12502@gmail.com,TopCV,CEO,ecommerce,500,0939694748
Phạm Quang Lan,pham.quang.lan.12503@gmail.com,Hoà Phát,Procurement Manager,manufacturing,1500,0977681191
Lê Đức Phúc,le.duc.phuc.12504@vngcorporati.vn,VNG Corporation,Marketing Manager,logistics,500,0320143758
Dương Xuân Quân,duong.xuan.quan.12505@gmail.com,Base.vn,CTO,healthcare,250,0356676529
Dương Thị Lan,duong.thi.lan.12506@gemadeptlogi.vn,Gemadept Logistics,CTO,logistics,1500,0967157964
Vũ Hồng Hà,vu.hong.ha.12507@shopeevietna.vn,Shopee Vietnam,CEO,healthcare,250,0934904569
Nguyễn Ngọc Sơn,nguyen.ngoc.son.12508@gemadeptlogi.vn,Gemadept Logistics,Procurement Manager,healthcare,25,0914447702
Dương Đức Giang,duong.duc.giang.12509@gmail.com,Viet Tien Garment,Procurement Manager,logistics,10,0979299186
Hồ Quang Phúc,ho.quang.phuc.12510@kiotviet.vn,KiotViet,Kế toán trưởng,ecommerce,25,0865194947
Đỗ Đức Trang,do.duc.trang.12511@haravan.vn,Haravan,Operations Manager,healthcare,10,0973558315
Ngô Thanh Linh,ngo.thanh.linh.12512@hoaphat.vn,Hoà Phát,Procurement Manager,ecommerce,120,0918882976
Đỗ Thị Hà,do.thi.ha.12513@haravan.vn,Haravan,Kế toán trưởng,ecommerce,25,0700449604
Ngô Thị Quân,ngo.thi.quan.12514@gemadeptlogi.vn,Gemadept Logistics,CFO,fintech,25,0351281875
Đỗ Văn Sơn,do.van.son.12515@haravan.vn,Haravan,Kế toán trưởng,ecommerce,120,0976937968
Võ Văn Mai,vo.van.mai.12516@topcv.vn,TopCV,Head of Finance,education,250,0356610564
Lê Hồng Tuấn,le.hong.tuan.12517@pnj.vn,PNJ,Marketing Manager,fintech,500,0352013374
Bùi Thanh Việt,bui.thanh.viet.12518@gmail.com,Base.vn,CTO,logistics,120,0913546153
Võ Thanh Oanh,vo.thanh.oanh.12519@haravan.vn,Haravan,Kế toán trưởng,retail,25,0864923869
Đỗ Đức Tâm,do.duc.tam.12520@hoaphat.vn,Hoà Phát,Sales Director,manufacturing,250,0323982136
Phan Văn Bình,phan.van.binh.12521@gmail.com,CenLand,Head of Finance,logistics,50,0705185381
Ngô Hữu Phúc,ngo.huu.phuc.12522@gmail.com,Thaco Industries,Kế toán trưởng,manufacturing,500,0979240992
Ngô Hồng Tuấn,ngo.hong.tuan.12523@fptsoftware.vn,FPT Software,Operations Manager,fintech,500,0706497897
Hồ Ngọc Sơn,ho.ngoc.son.12524@fptsoftware.vn,FPT Software,CFO,logistics,1500,0933283191
Hoàng Hữu An,hoang.huu.an.12525@viettiengarm.vn,Viet Tien Garment,CTO,fintech,250,0860633426
Võ Văn Hùng,vo.van.hung.12526@duytanplasti.vn,Duy Tan Plastics,Sales Director,education,120,0707462931
Đỗ Văn Quân,do.van.quan.12527@pharmacity.vn,Pharmacity,CFO,logistics,120,0931049833
Vũ Văn Quân,vu.van.quan.12528@gmail.com,Tiki,Operations Manager,education,1500,0706659512
Ngô Minh Sơn,ngo.minh.son.12529@vngcorporati.vn,VNG Corporation,Product Manager,education,1500,0908733845
Hoàng Xuân Bình,hoang.xuan.binh.12530@vinamilk.vn,Vinamilk,Kế toán trưởng,manufacturing,250,0970246371
Dương Xuân Phúc,duong.xuan.phuc.12531@thecoffeehou.vn,The Coffee House,Sales Director,healthcare,250,0910892636
Lê Ngọc Nam,le.ngoc.nam.12532@gmail.com,Haravan,CTO,retail,10,0963559402
Hồ Văn Dũng,ho.van.dung.12533@gemadeptlogi.vn,Gemadept Logistics,CTO,manufacturing,10,0962074671
Đỗ Thị Phúc,do.thi.phuc.12534@thecoffeehou.vn,The Coffee House,Kế toán trưởng,manufacturing,1500,0865782764
Lý Hồng Hùng,ly.hong.hung.12535@haravan.vn,Haravan,CEO,ecommerce,25,0355040023
Lý Thị Hùng,ly.thi.hung.12536@basevn.vn,Base.vn,Kế toán trưởng,education,250,0903457511
Hoàng Quang Lan,hoang.quang.lan.12537@kiotviet.vn,KiotViet,Marketing Manager,fintech,250,0971820777
Ngô Đức Mai,ngo.duc.mai.12538@gmail.com,Shopee Vietnam,Procurement Manager,manufacturing,50,0919889722
Nguyễn Thị Dũng,nguyen.thi.dung.12539@shopeevietna.vn,Shopee Vietnam,Sales Director,software,50,0932562072
Đặng Hữu Trang,dang.huu.trang.12540@hoaphat.vn,Hoà Phát,Product Manager,manufacturing,500,0970906367
Lý Thị Việt,ly.thi.viet.12541@shopeevietna.vn,Shopee Vietnam,Operations Manager,ecommerce,1500,0960965098
Phan Quang Tâm,phan.quang.tam.12542@vinmec.vn,Vinmec,CTO,education,50,0704170912
Lê Thanh Oanh,le.thanh.oanh.12543@vngcorporati.vn,VNG Corporation,Operations Manager,manufacturing,120,0356735483
Dương Ngọc Việt,duong.ngoc.viet.12544@fptsoftware.vn,FPT Software,Kế toán trưởng,logistics,250,0702804412
Phan Hồng Phúc,phan.hong.phuc.12545@gmail.com,Base.vn,Marketing Manager,healthcare,500,0967734868
Nguyễn Thanh Trang,nguyen.thanh.trang.12546@thacoindustr.vn,Thaco Industries,Head of Finance,manufacturing,500,0903347838
Lý Hữu Phúc,ly.huu.phuc.12547@gmail.com,Vinamilk,CFO,software,500,0702457297
Vũ Thị Quân,vu.thi.quan.12548@topcv.vn,TopCV,Sales Director,education,500,0707180442
Ngô Minh An,ngo.minh.an.12549@gmail.com,Viet Tien Garment,Head of Finance,education,50,0937014018
Võ Thanh Tuấn,vo.thanh.tuan.12550@vinamilk.vn,Vinamilk,Operations Manager,healthcare,1500,0915295970
Lê Thị An,le.thi.an.12551@gmail.com,CenLand,Procurement Manager,manufacturing,10,0908584207
Võ Quang Lan,vo.quang.lan.12552@gmail.com,KiotViet,Head of Finance,education,25,0960557353
Lý Xuân Bình,ly.xuan.binh.12553@cenland.vn,CenLand,Marketing Manager,software,25,0358354799
Phạm Đức Lan,pham.duc.lan.12554@viettiengarm.vn,Viet Tien Garment,CEO,retail,50,0708531837
Nguyễn Xuân Lan,nguyen.xuan.lan.12555@gmail.com,Shopee Vietnam,CEO,logistics,120,0867282154
Phạm Hữu An,pham.huu.an.12556@gmail.com,Tiki,Sales Director,software,10,0702502251
Hoàng Đức Quân,hoang.duc.quan.12557@gmail.com,Vinamilk,CFO,retail,25,0325846915
Trần Hồng Quân,tran.hong.quan.12558@basevn.vn,Base.vn,Marketing Manager,ecommerce,120,0965542518
Phạm Hồng Châu,pham.hong.chau.12559@haravan.vn,Haravan,Head of Finance,software,50,0939960199
Đỗ Đức Lan,do.duc.lan.12560@gmail.com,Gemadept Logistics,Kế toán trưởng,ecommerce,1500,0913397323
Hoàng Đức Lan,hoang.duc.lan.12561@pnj.vn,PNJ,Sales Director,retail,25,0352503790
Đỗ Thanh Tâm,do.thanh.tam.12562@pharmacity.vn,Pharmacity,Head of Finance,education,50,0329136944
Ngô Đức Trang,ngo.duc.trang.12563@gmail.com,The Coffee House,Marketing Manager,ecommerce,25,0911400466
Đỗ Văn Dũng,do.van.dung.12564@thecoffeehou.vn,The Coffee House,Head of Finance,education,500,0860173714
Đỗ Thanh Việt,do.thanh.viet.12565@vngcorporati.vn,VNG Corporation,CTO,healthcare,50,0977688305
Hoàng Ngọc An,hoang.ngoc.an.12566@momo.vn,MoMo,Kế toán trưởng,education,10,0867567145
Lý Quang Khánh,ly.quang.khanh.12567@gemadeptlogi.vn,Gemadept Logistics,CFO,fintech,25,0934331153
Bùi Thanh Linh,bui.thanh.linh.12568@gmail.com,The Coffee House,Operations Manager,retail,10,0868217331
Trần Quang Linh,tran.quang.linh.12569@vinamilk.vn,Vinamilk,Kế toán trưởng,fintech,1500,0918639947
Dương Hồng Hùng,duong.hong.hung.12570@gmail.com,Hoà Phát,Procurement Manager,education,10,0960853943
Ngô Quang Quân,ngo.quang.quan.12571@gmail.com,Shopee Vietnam,Procurement Manager,ecommerce,120,0707378831
Trần Quang Linh,tran.quang.linh.12572@thacoindustr.vn,Thaco Industries,Operations Manager,logistics,120,0353096900
Lý Quang Trang,ly.quang.trang.12573@fptsoftware.vn,FPT Software,CTO,software,500,0705065220
Đặng Đức Phúc,dang.duc.phuc.12574@gmail.com,Pharmacity,Procurement Manager,fintech,25,0969778818
Lê Hữu An,le.huu.an.12575@gmail.com,VNG Corporation,Sales Director,healthcare,50,0865680841
Lý Thanh Linh,ly.thanh.linh.12576@thecoffeehou.vn,The Coffee House,CTO,manufacturing,1500,0932766678
Hoàng Hữu Lan,hoang.huu.lan.12577@duytanplasti.vn,Duy Tan Plastics,Marketing Manager,fintech,1500,0905160760
Hoàng Hồng An,hoang.hong.an.12578@gmail.com,Pharmacity,CEO,ecommerce,120,0937669743
Phan Minh Tâm,phan.minh.tam.12579@gmail.com,PNJ,Kế toán trưởng,logistics,500,0706814557
Phan Xuân Trang,phan.xuan.trang.12580@thecoffeehou.vn,The Coffee House,Head of Finance,logistics,10,0700420537
Bùi Thanh Oanh,bui.thanh.oanh.12581@thecoffeehou.vn,The Coffee House,CTO,retail,250,0862594046
Võ Đức Sơn,vo.duc.son.12582@topcv.vn,TopCV,Procurement Manager,fintech,50,0354719023
Võ Đức Phúc,vo.duc.phuc.12583@hoaphat.vn,Hoà Phát,Product Manager,fintech,25,0916203237
Trần Quang Sơn,tran.quang.son.12584@thacoindustr.vn,Thaco Industries,Head of Finance,healthcare,250,0907434805
Phan Xuân Khánh,phan.xuan.khanh.12585@vinmec.vn,Vinmec,CTO,manufacturing,25,0320054310
Lê Hồng Giang,le.hong.giang.12586@hoaphat.vn,Hoà Phát,Procurement Manager,retail,250,0902747012
Hoàng Thanh Hùng,hoang.thanh.hung.12587@gmail.com,Vinamilk,Head of Finance,education,10,0905630953
Bùi Hồng Sơn,bui.hong.son.12588@hoaphat.vn,Hoà Phát,Kế toán trưởng,manufacturing,1500,0939764462
Phan Văn Hùng,phan.van.hung.12589@gmail.com,Base.vn,Head of Finance,education,10,0910141622
Dương Quang Bình,duong.quang.binh.12590@cenland.vn,CenLand,CTO,software,50,0869461530
Bùi Hồng Oanh,bui.hong.oanh.12591@vngcorporati.vn,VNG Corporation,CFO,software,500,0703631874
Ngô Thanh Châu,ngo.thanh.chau.12592@gmail.com,MoMo,Procurement Manager,fintech,500,0911907751
Hoàng Quang Tuấn,hoang.quang.tuan.12593@shopeevietna.vn,Shopee Vietnam,Head of Finance,logistics,120,0914596016
Ngô Hồng Sơn,ngo.hong.son.12594@basevn.vn,Base.vn,CFO,software,50,0931207942
Trần Quang Châu,tran.quang.chau.12595@pnj.vn,PNJ,CTO,logistics,120,0861103591
Lê Đức Hà,le.duc.ha.12596@gmail.com,Vinmec,Product Manager,healthcare,1500,0905004217
Vũ Xuân Hùng,vu.xuan.hung.12597@shopeevietna.vn,Shopee Vietnam,Sales Director,healthcare,120,0911841834
Hoàng Quang Việt,hoang.quang.viet.12598@haravan.vn,Haravan,Operations Manager,logistics,1500,0862434516
Đỗ Đức Việt,do.duc.viet.12599@hoaphat.vn,Hoà Phát,Product Manager,education,50,0939207716
Phạm Thị Mai,pham.thi.mai.12600@momo.vn,MoMo,Head of Finance,manufacturing,50,0903487603
Lý Đức Dũng,ly.duc.dung.12601@pnj.vn,PNJ,Marketing Manager,ecommerce,500,0322990042
Trần Hồng Châu,tran.hong.chau.12602@gmail.com,Pharmacity,Product Manager,healthcare,500,0902499230
Vũ Thị Tuấn,vu.thi.tuan.12603@gmail.com,Viet Tien Garment,Head of Finance,manufacturing,120,0917263434
Đỗ Đức Nam,do.duc.nam.12604@kiotviet.vn,KiotViet,Marketing Manager,healthcare,500,0863196101
Lê Minh Quân,le.minh.quan.12605@vinmec.vn,Vinmec,Product Manager,education,25,0971560157
Võ Xuân Oanh,vo.xuan.oanh.12606@pnj.vn,PNJ,Product Manager,ecommerce,25,0908551407
Lý Xuân Khánh,ly.xuan.khanh.12607@haravan.vn,Haravan,Kế toán trưởng,software,250,0935000572
Phan Hữu Việt,phan.huu.viet.12608@vngcorporati.vn,VNG Corporation,Marketing Manager,ecommerce,10,0321598994
Ngô Hữu Hùng,ngo.huu.hung.12609@duytanplasti.vn,Duy Tan Plastics,CEO,ecommerce,10,0976948111
Hồ Ngọc Tâm,ho.ngoc.tam.12610@kiotviet.vn,KiotViet,CTO,education,50,0705268789
Lê Xuân Khánh,le.xuan.khanh.12611@viettiengarm.vn,Viet Tien Garment,Sales Director,software,250,0936914025
Võ Quang An,vo.quang.an.12612@fptsoftware.vn,FPT Software,Kế toán trưởng,ecommerce,50,0916669745
Hoàng Quang Trang,hoang.quang.trang.12613@gmail.com,Hoà Phát,Head of Finance,retail,50,0973308135
Lý Văn Tuấn,ly.van.tuan.12614@gmail.com,Vinamilk,Operations Manager,healthcare,50,0709672188
Hồ Xuân Nam,ho.xuan.nam.12615@pnj.vn,PNJ,Sales Director,education,250,0930425440
Hồ Văn Dũng,ho.van.dung.12616@vinamilk.vn,Vinamilk,CFO,manufacturing,250,0934956888
Nguyễn Minh Trang,nguyen.minh.trang.12617@thacoindustr.vn,Thaco Industries,CEO,logistics,50,0919877629
Võ Đức Phúc,vo.duc.phuc.12618@gmail.com,The Coffee House,CTO,healthcare,50,0708411429
Nguyễn Minh Quân,nguyen.minh.quan.12619@gmail.com,Gemadept Logistics,Kế toán trưởng,logistics,25,0919916166
Bùi Minh Giang,bui.minh.giang.12620@gmail.com,FPT Software,Kế toán trưởng,retail,1500,0975682949
Đỗ Quang Sơn,do.quang.son.12621@cenland.vn,CenLand,CEO,retail,500,0917047133
Phạm Thanh Linh,pham.thanh.linh.12622@gmail.com,KiotViet,Procurement Manager,logistics,10,0867742377
Ngô Thanh Việt,ngo.thanh.viet.12623@tiki.vn,Tiki,CFO,retail,120,0869912885
Nguyễn Quang Oanh,nguyen.quang.oanh.12624@gmail.com,PNJ,CEO,retail,250,0353061357
Lý Xuân Hà,ly.xuan.ha.12625@gmail.com,TopCV,Product Manager,software,500,0868093607
Dương Xuân Giang,duong.xuan.giang.12626@thacoindustr.vn,Thaco Industries,Marketing Manager,software,500,0705323941
Nguyễn Minh Việt,nguyen.minh.viet.12627@gmail.com,Duy Tan Plastics,Head of Finance,education,250,0704712746
Võ Hữu Tuấn,vo.huu.tuan.12628@gmail.com,VNG Corporation,Kế toán trưởng,fintech,50,0973275785
Bùi Thanh Phúc,bui.thanh.phuc.12629@shopeevietna.vn,Shopee Vietnam,Procurement Manager,software,500,0903643626
Lý Hữu Mai,ly.huu.mai.12630@gmail.com,FPT Software,Operations Manager,logistics,120,0912470556
Bùi Minh Giang,bui.minh.giang.12631@gmail.com,MoMo,CTO,manufacturing,1500,0907415684
Ngô Quang Trang,ngo.quang.trang.12632@haravan.vn,Haravan,CEO,software,25,0969431856
Lê Văn Việt,le.van.viet.12633@kiotviet.vn,KiotViet,CTO,software,50,0703179353
Ngô Thị Trang,ngo.thi.trang.12634@tiki.vn,Tiki,Kế toán trưởng,manufacturing,10,0862697732
Đỗ Hồng Linh,do.hong.linh.12635@shopeevietna.vn,Shopee Vietnam,Sales Director,retail,500,0328586378
Nguyễn Thị Nam,nguyen.thi.nam.12636@vngcorporati.vn,VNG Corporation,Marketing Manager,healthcare,50,0934043410
Ngô Thị Sơn,ngo.thi.son.12637@viettiengarm.vn,Viet Tien Garment,CTO,ecommerce,250,0350172588
Vũ Ngọc Hùng,vu.ngoc.hung.12638@vinmec.vn,Vinmec,Product Manager,software,50,0353910312
Lý Hữu Tuấn,ly.huu.tuan.12639@pharmacity.vn,Pharmacity,CFO,fintech,25,0974267369
Đỗ Minh Khánh,do.minh.khanh.12640@gmail.com,Pharmacity,CFO,retail,1500,0930797068
Phan Thanh Châu,phan.thanh.chau.12641@duytanplasti.vn,Duy Tan Plastics,CTO,software,120,0911116331
Hồ Minh Tuấn,ho.minh.tuan.12642@gmail.com,Viet Tien Garment,Marketing Manager,ecommerce,500,0975347343
Bùi Quang Khánh,bui.quang.khanh.12643@cenland.vn,CenLand,Procurement Manager,fintech,25,0321966478
Đặng Ngọc Linh,dang.ngoc.linh.12644@fptsoftware.vn,FPT Software,Head of Finance,fintech,1500,0700691769
Phan Minh Dũng,phan.minh.dung.12645@haravan.vn,Haravan,Marketing Manager,retail,50,0976802225
Lý Hữu Lan,ly.huu.lan.12646@fptsoftware.vn,FPT Software,Kế toán trưởng,fintech,500,0975498399
Hồ Ngọc Hà,ho.ngoc.ha.12647@gmail.com,TopCV,CFO,software,50,0866910614
Hồ Hữu Khánh,ho.huu.khanh.12648@fptsoftware.vn,FPT Software,Marketing Manager,fintech,1500,0976819591
Hoàng Quang Tâm,hoang.quang.tam.12649@gmail.com,Haravan,Head of Finance,retail,500,0911959668
Lê Xuân Linh,le.xuan.linh.12650@fptsoftware.vn,FPT Software,Head of Finance,logistics,250,0934342128
Phan Văn Khánh,phan.van.khanh.12651@tiki.vn,Tiki,Head of Finance,manufacturing,1500,0970653500
Lê Hữu Linh,le.huu.linh.12652@gmail.com,Shopee Vietnam,Sales Director,manufacturing,1500,0977884352
Phạm Thị Hà,pham.thi.ha.12653@topcv.vn,TopCV,Marketing Manager,logistics,500,0866177688
Ngô Thanh Bình,ngo.thanh.binh.12654@duytanplasti.vn,Duy Tan Plastics,Procurement Manager,healthcare,120,0708941487
Vũ Thị Trang,vu.thi.trang.12655@gmail.com,Haravan,Product Manager,retail,10,0322975366
Nguyễn Hồng Mai,nguyen.hong.mai.12656@thacoindustr.vn,Thaco Industries,Operations Manager,ecommerce,10,0704779689
Lê Thanh Trang,le.thanh.trang.12657@kiotviet.vn,KiotViet,CEO,healthcare,500,0706442040
Hoàng Ngọc Oanh,hoang.ngoc.oanh.12658@tiki.vn,Tiki,Sales Director,ecommerce,120,0869410463
Nguyễn Văn Phúc,nguyen.van.phuc.12659@hoaphat.vn,Hoà Phát,Marketing Manager,fintech,250,0864958813
Đặng Ngọc Bình,dang.ngoc.binh.12660@gmail.com,Vinmec,Product Manager,healthcare,25,0964957223
Lý Minh Hùng,ly.minh.hung.12661@vngcorporati.vn,VNG Corporation,Operations Manager,ecommerce,250,0976713201
Trần Văn Hà,tran.van.ha.12662@gmail.com,Haravan,Product Manager,healthcare,50,0966420969
Phan Quang Oanh,phan.quang.oanh.12663@cenland.vn,CenLand,Marketing Manager,education,25,0867749690
Ngô Đức Giang,ngo.duc.giang.12664@gemadeptlogi.vn,Gemadept Logistics,Marketing Manager,logistics,500,0903440671
Phạm Quang Tâm,pham.quang.tam.12665@momo.vn,MoMo,Product Manager,fintech,10,0354763906
Hồ Minh Việt,ho.minh.viet.12666@gmail.com,Hoà Phát,Sales Director,manufacturing,500,0861624511
Đặng Ngọc Sơn,dang.ngoc.son.12667@gmail.com,FPT Software,Procurement Manager,education,50,0866420793
Đặng Quang Oanh,dang.quang.oanh.12668@viettiengarm.vn,Viet Tien Garment,Product Manager,healthcare,500,0358981121
Lê Minh Lan,le.minh.lan.12669@vinamilk.vn,Vinamilk,Kế toán trưởng,logistics,500,0910416752
Võ Đức Châu,vo.duc.chau.12670@gmail.com,Haravan,Kế toán trưởng,software,500,0328017983
Đặng Xuân Quân,dang.xuan.quan.12671@gmail.com,Gemadept Logistics,Operations Manager,software,10,0930347110
Phan Thanh Việt,phan.thanh.viet.12672@topcv.vn,TopCV,Procurement Manager,retail,25,0354122416
Hoàng Đức Tuấn,hoang.duc.tuan.12673@viettiengarm.vn,Viet Tien Garment,Sales Director,education,10,0973595343
Bùi Văn An,bui.van.an.12674@momo.vn,MoMo,CFO,fintech,50,0354176974
Bùi Ngọc Quân,bui.ngoc.quan.12675@gmail.com,Thaco Industries,Kế toán trưởng,education,1500,0707870164
Hồ Thị Nam,ho.thi.nam.12676@haravan.vn,Haravan,Kế toán trưởng,education,120,0350606718
Hồ Thanh Bình,ho.thanh.binh.12677@topcv.vn,TopCV,Product Manager,fintech,10,0933956776
Đặng Đức Trang,dang.duc.trang.12678@vinmec.vn,Vinmec,Sales Director,software,50,0700518362
Lý Hồng Oanh,ly.hong.oanh.12679@vngcorporati.vn,VNG Corporation,Operations Manager,software,25,0704205137
Võ Thị Tâm,vo.thi.tam.12680@topcv.vn,TopCV,Procurement Manager,ecommerce,500,0912537366
Lý Đức Việt,ly.duc.viet.12681@duytanplasti.vn,Duy Tan Plastics,Head of Finance,manufacturing,50,0320234691
Bùi Văn Khánh,bui.van.khanh.12682@shopeevietna.vn,Shopee Vietnam,Head of Finance,software,1500,0350576945
Trần Minh Châu,tran.minh.chau.12683@vinamilk.vn,Vinamilk,Sales Director,retail,120,0932546396
Trần Văn Châu,tran.van.chau.12684@gmail.com,FPT Software,CEO,fintech,50,0352417866
Hoàng Xuân Quân,hoang.xuan.quan.12685@tiki.vn,Tiki,CFO,education,50,0961211881
Vũ Hồng Khánh,vu.hong.khanh.12686@gmail.com,VNG Corporation,Product Manager,logistics,25,0960415812
Đỗ Thị An,do.thi.an.12687@thacoindustr.vn,Thaco Industries,Marketing Manager,retail,25,0326645828
Lê Minh Quân,le.minh.quan.12688@vngcorporati.vn,VNG Corporation,Product Manager,manufacturing,500,0913055277
Nguyễn Quang Châu,nguyen.quang.chau.12689@momo.vn,MoMo,Sales Director,software,50,0930997766
Lý Minh Việt,ly.minh.viet.12690@gmail.com,Base.vn,Kế toán trưởng,manufacturing,25,0900332298
Ngô Quang Oanh,ngo.quang.oanh.12691@hoaphat.vn,Hoà Phát,CFO,retail,25,0976016943
Lê Thanh Giang,le.thanh.giang.12692@vinamilk.vn,Vinamilk,Sales Director,education,500,0936952978
Đỗ Hồng Hà,do.hong.ha.12693@gmail.com,Hoà Phát,Operations Manager,manufacturing,250,0862529938
Nguyễn Xuân Châu,nguyen.xuan.chau.12694@vngcorporati.vn,VNG Corporation,CTO,software,250,0329044504
Ngô Hữu Dũng,ngo.huu.dung.12695@gmail.com,Vinamilk,Operations Manager,software,250,0358188579
Trần Quang Hà,tran.quang.ha.12696@thecoffeehou.vn,The Coffee House,Kế toán trưởng,manufacturing,25,0327883713
Lý Xuân Trang,ly.xuan.trang.12697@gmail.com,TopCV,Marketing Manager,manufacturing,25,0865052791
Trần Đức Tâm,tran.duc.tam.12698@gmail.com,FPT Software,Procurement Manager,logistics,120,0328837034
Vũ Thị Sơn,vu.thi.son.12699@fptsoftware.vn,FPT Software,Sales Director,education,500,0904741715
Hoàng Văn An,hoang.van.an.12700@gmail.com,VNG Corporation,CEO,manufacturing,10,0970944699
Hoàng Hữu Giang,hoang.huu.giang.12701@basevn.vn,Base.vn,CTO,fintech,1500,0905451098
Nguyễn Hữu Giang,nguyen.huu.giang.12702@topcv.vn,TopCV,Sales Director,healthcare,25,0934429995
Ngô Hữu Quân,ngo.huu.quan.12703@gmail.com,MoMo,Head of Finance,fintech,10,0358763724
Ngô Xuân Lan,ngo.xuan.lan.12704@momo.vn,MoMo,Marketing Manager,retail,25,0866161113
Phạm Ngọc Dũng,pham.ngoc.dung.12705@kiotviet.vn,KiotViet,CTO,fintech,1500,0350152134
Nguyễn Đức Phúc,nguyen.duc.phuc.12706@kiotviet.vn,KiotViet,Kế toán trưởng,logistics,500,0323356720
Hoàng Ngọc Châu,hoang.ngoc.chau.12707@cenland.vn,CenLand,CTO,ecommerce,120,0704174667
Lý Hồng Trang,ly.hong.trang.12708@gmail.com,The Coffee House,Head of Finance,fintech,250,0919995038
Hồ Minh Nam,ho.minh.nam.12709@pnj.vn,PNJ,CTO,fintech,10,0964813173
Ngô Hồng Quân,ngo.hong.quan.12710@momo.vn,MoMo,Product Manager,education,50,0911222983
Võ Quang Khánh,vo.quang.khanh.12711@viettiengarm.vn,Viet Tien Garment,Kế toán trưởng,fintech,120,0863996065
Lý Hồng Hà,ly.hong.ha.12712@vngcorporati.vn,VNG Corporation,Sales Director,manufacturing,10,0320938695
Hồ Quang Dũng,ho.quang.dung.12713@thecoffeehou.vn,The Coffee House,CFO,education,1500,0350070489
Dương Thanh Tuấn,duong.thanh.tuan.12714@cenland.vn,CenLand,CFO,fintech,120,0968012543
Hồ Minh Oanh,ho.minh.oanh.12715@hoaphat.vn,Hoà Phát,Sales Director,logistics,250,0903984832
Phan Quang Bình,phan.quang.binh.12716@pnj.vn,PNJ,CEO,retail,10,0866918451
Bùi Hữu Châu,bui.huu.chau.12717@thecoffeehou.vn,The Coffee House,Product Manager,education,25,0350422057
Lê Ngọc Hùng,le.ngoc.hung.12718@pnj.vn,PNJ,CTO,ecommerce,120,0326569535
Phạm Xuân An,pham.xuan.an.12719@duytanplasti.vn,Duy Tan Plastics,Operations Manager,logistics,1500,0701367848
Hồ Đức An,ho.duc.an.12720@gmail.com,KiotViet,Procurement Manager,manufacturing,50,0327378396
Bùi Minh Bình,bui.minh.binh.12721@topcv.vn,TopCV,Marketing Manager,retail,1500,0939800802
Đỗ Thị An,do.thi.an.12722@gmail.com,Hoà Phát,CFO,software,25,0352048515
Trần Thị Lan,tran.thi.lan.12723@vinmec.vn,Vinmec,CFO,healthcare,50,0912705543
Vũ Quang Hà,vu.quang.ha.12724@gmail.com,Haravan,Sales Director,retail,10,0976026556
Lê Thị Trang,le.thi.trang.12725@momo.vn,MoMo,Marketing Manager,ecommerce,25,0327545220
Lý Xuân Giang,ly.xuan.giang.12726@gmail.com,FPT Software,CFO,healthcare,250,0866136521
Ngô Văn Oanh,ngo.van.oanh.12727@kiotviet.vn,KiotViet,CEO,healthcare,500,0862615148
Dương Hồng Việt,duong.hong.viet.12728@gmail.com,Vinamilk,CTO,software,500,0976342994
Hồ Hồng Oanh,ho.hong.oanh.12729@kiotviet.vn,KiotViet,Sales Director,healthcare,25,0910541012
Ngô Minh Giang,ngo.minh.giang.12730@gmail.com,KiotViet,Operations Manager,education,1500,0905409109
Lê Thanh Khánh,le.thanh.khanh.12731@thacoindustr.vn,Thaco Industries,Kế toán trưởng,healthcare,500,0910492418
Lê Thanh Châu,le.thanh.chau.12732@duytanplasti.vn,Duy Tan Plastics,CTO,retail,25,0933647514
Nguyễn Hồng Trang,nguyen.hong.trang.12733@shopeevietna.vn,Shopee Vietnam,Sales Director,fintech,500,0908954040
Lê Hồng Mai,le.hong.mai.12734@gmail.com,Shopee Vietnam,CFO,education,10,0916452810
Võ Quang Nam,vo.quang.nam.12735@gmail.com,CenLand,CTO,software,50,0937726872
Hoàng Thanh Linh,hoang.thanh.linh.12736@kiotviet.vn,KiotViet,Procurement Manager,healthcare,120,0967190189
Vũ Hồng Sơn,vu.hong.son.12737@gmail.com,Pharmacity,Sales Director,education,50,0977951842
Hoàng Thị Việt,hoang.thi.viet.12738@haravan.vn,Haravan,Product Manager,software,500,0930424038
Hồ Ngọc Dũng,ho.ngoc.dung.12739@pharmacity.vn,Pharmacity,CEO,education,10,0917137370
Hồ Minh Mai,ho.minh.mai.12740@vinamilk.vn,Vinamilk,Procurement Manager,logistics,50,0704391268
Ngô Văn An,ngo.van.an.12741@vinamilk.vn,Vinamilk,Product Manager,healthcare,120,0930919768
Nguyễn Ngọc Khánh,nguyen.ngoc.khanh.12742@vinamilk.vn,Vinamilk,Kế toán trưởng,fintech,50,0708890415
Hoàng Xuân Châu,hoang.xuan.chau.12743@topcv.vn,TopCV,Marketing Manager,logistics,10,0352726402
Vũ Ngọc Hà,vu.ngoc.ha.12744@vngcorporati.vn,VNG Corporation,Product Manager,fintech,25,0977855094
Trần Minh Khánh,tran.minh.khanh.12745@gmail.com,Pharmacity,Operations Manager,fintech,10,0907150558
Hồ Minh Lan,ho.minh.lan.12746@tiki.vn,Tiki,CFO,ecommerce,50,0915651130
Bùi Thanh Nam,bui.thanh.nam.12747@gemadeptlogi.vn,Gemadept Logistics,CEO,retail,500,0917979368
Đỗ Quang Châu,do.quang.chau.12748@gmail.com,Viet Tien Garment,Operations Manager,retail,250,0962460310
Hoàng Hữu Quân,hoang.huu.quan.12749@gmail.com,The Coffee House,CEO,logistics,1500,0327189328
Lý Thanh Mai,ly.thanh.mai.12750@vinamilk.vn,Vinamilk,Marketing Manager,manufacturing,120,0910922985
Vũ Quang Quân,vu.quang.quan.12751@gemadeptlogi.vn,Gemadept Logistics,Product Manager,retail,250,0329587361
Đỗ Thị Châu,do.thi.chau.12752@pharmacity.vn,Pharmacity,Head of Finance,logistics,1500,0355047488
Lý Đức Sơn,ly.duc.son.12753@thecoffeehou.vn,The Coffee House,CTO,retail,10,0704140636
Lê Xuân Lan,le.xuan.lan.12754@fptsoftware.vn,FPT Software,Head of Finance,healthcare,10,0979912272
Nguyễn Hồng Bình,nguyen.hong.binh.12755@viettiengarm.vn,Viet Tien Garment,Marketing Manager,ecommerce,120,0321406859
Phạm Đức An,pham.duc.an.12756@pnj.vn,PNJ,Operations Manager,logistics,50,0867614038
Vũ Xuân Khánh,vu.xuan.khanh.12757@gmail.com,Thaco Industries,Head of Finance,ecommerce,120,0934961946
Lý Minh Oanh,ly.minh.oanh.12758@cenland.vn,CenLand,Operations Manager,logistics,10,0909880845
Phạm Văn Châu,pham.van.chau.12759@shopeevietna.vn,Shopee Vietnam,CTO,education,1500,0937894294
Vũ Hữu Tâm,vu.huu.tam.12760@cenland.vn,CenLand,Procurement Manager,software,250,0931606855
Nguyễn Văn Mai,nguyen.van.mai.12761@viettiengarm.vn,Viet Tien Garment,CTO,software,50,0906821036
Dương Thanh Châu,duong.thanh.chau.12762@basevn.vn,Base.vn,CTO,fintech,25,0705249692
Lê Đức Quân,le.duc.quan.12763@gmail.com,Tiki,Kế toán trưởng,logistics,250,0912727581
Lê Ngọc Oanh,le.ngoc.oanh.12764@shopeevietna.vn,Shopee Vietnam,CEO,healthcare,500,0917406693
Phạm Xuân Hùng,pham.xuan.hung.12765@vngcorporati.vn,VNG Corporation,Marketing Manager,education,25,0906803259
Đặng Ngọc Hùng,dang.ngoc.hung.12766@kiotviet.vn,KiotViet,Marketing Manager,logistics,120,0931191761
Hồ Đức Lan,ho.duc.lan.12767@tiki.vn,Tiki,Head of Finance,fintech,500,0919574003
Nguyễn Thanh Tuấn,nguyen.thanh.tuan.12768@vinmec.vn,Vinmec,Kế toán trưởng,ecommerce,1500,0965342529
Lý Xuân An,ly.xuan.an.12769@hoaphat.vn,Hoà Phát,Operations Manager,software,10,0708347121
Đặng Minh Giang,dang.minh.giang.12770@viettiengarm.vn,Viet Tien Garment,Sales Director,education,1500,0866039113
Nguyễn Thị Khánh,nguyen.thi.khanh.12771@gmail.com,CenLand,CTO,manufacturing,10,0910529285
Trần Đức Lan,tran.duc.lan.12772@thecoffeehou.vn,The Coffee House,CEO,manufacturing,500,0865538462
Đỗ Quang Châu,do.quang.chau.12773@vngcorporati.vn,VNG Corporation,Marketing Manager,education,10,0939509595
Ngô Ngọc Oanh,ngo.ngoc.oanh.12774@pnj.vn,PNJ,Marketing Manager,retail,500,0936692538
Hồ Xuân An,ho.xuan.an.12775@basevn.vn,Base.vn,CEO,fintech,120,0326907610
Phạm Quang Hùng,pham.quang.hung.12776@gmail.com,MoMo,Product Manager,software,120,0965653299
Lý Ngọc Sơn,ly.ngoc.son.12777@fptsoftware.vn,FPT Software,Head of Finance,logistics,120,0901668034
Lý Đức Nam,ly.duc.nam.12778@fptsoftware.vn,FPT Software,Head of Finance,ecommerce,50,0913001112
Dương Quang Hà,duong.quang.ha.12779@gmail.com,The Coffee House,Head of Finance,education,500,0701376544
Hoàng Thị Hùng,hoang.thi.hung.12780@gmail.com,Viet Tien Garment,CTO,education,250,0932611003
Đặng Thanh Trang,dang.thanh.trang.12781@gmail.com,Tiki,Product Manager,software,250,0865560845
Phạm Hồng Phúc,pham.hong.phuc.12782@vngcorporati.vn,VNG Corporation,Procurement Manager,education,25,0931574097
Lý Hồng Hùng,ly.hong.hung.12783@viettiengarm.vn,Viet Tien Garment,Head of Finance,healthcare,120,0865252952
Hồ Minh Trang,ho.minh.trang.12784@gmail.com,Base.vn,Kế toán trưởng,logistics,500,0862199456
Lê Minh Bình,le.minh.binh.12785@shopeevietna.vn,Shopee Vietnam,Sales Director,fintech,1500,0359616402
Hoàng Đức Bình,hoang.duc.binh.12786@gmail.com,PNJ,Sales Director,ecommerce,10,0973071967
Vũ Xuân Tâm,vu.xuan.tam.12787@kiotviet.vn,KiotViet,CEO,education,120,0705378058
Hoàng Hồng Dũng,hoang.hong.dung.12788@gmail.com,The Coffee House,Head of Finance,manufacturing,25,0971471500
Lý Xuân Bình,ly.xuan.binh.12789@cenland.vn,CenLand,Sales Director,retail,1500,0869535916
Vũ Quang Linh,vu.quang.linh.12790@gmail.com,Hoà Phát,Sales Director,healthcare,120,0708042080
Nguyễn Minh Việt,nguyen.minh.viet.12791@gmail.com,Thaco Industries,CFO,healthcare,25,0354469023
Đỗ Hồng Giang,do.hong.giang.12792@gmail.com,CenLand,CFO,retail,1500,0937807068
Ngô Ngọc Hà,ngo.ngoc.ha.12793@basevn.vn,Base.vn,Product Manager,manufacturing,1500,0863550151
Lý Hữu Giang,ly.huu.giang.12794@kiotviet.vn,KiotViet,Procurement Manager,fintech,1500,0974468828
Lê Văn Khánh,le.van.khanh.12795@gmail.com,Shopee Vietnam,CFO,logistics,500,0968455479
Hồ Hồng Bình,ho.hong.binh.12796@gmail.com,MoMo,Product Manager,education,250,0977199728
Vũ Đức Quân,vu.duc.quan.12797@gemadeptlogi.vn,Gemadept Logistics,Operations Manager,fintech,250,0320225120
Trần Ngọc Hà,tran.ngoc.ha.12798@haravan.vn,Haravan,Head of Finance,healthcare,500,0359019628
Võ Minh Phúc,vo.minh.phuc.12799@thecoffeehou.vn,The Coffee House,Marketing Manager,ecommerce,500,0961370984
Đặng Hữu Quân,dang.huu.quan.12800@thecoffeehou.vn,The Coffee House,Procurement Manager,healthcare,1500,0978006002
Đỗ Văn Oanh,do.van.oanh.12801@gmail.com,FPT Software,Marketing Manager,fintech,1500,0979606762
Phan Ngọc Giang,phan.ngoc.giang.12802@momo.vn,MoMo,Head of Finance,fintech,500,0706077359
Hồ Ngọc Linh,ho.ngoc.linh.12803@gmail.com,CenLand,CTO,logistics,50,0700481286
Trần Hồng Linh,tran.hong.linh.12804@thacoindustr.vn,Thaco Industries,Sales Director,logistics,1500,0353135838
Bùi Xuân Lan,bui.xuan.lan.12805@gmail.com,Tiki,CFO,healthcare,10,0939725475
Phạm Quang Hùng,pham.quang.hung.12806@cenland.vn,CenLand,CTO,software,10,0327161196
Hoàng Thị Oanh,hoang.thi.oanh.12807@shopeevietna.vn,Shopee Vietnam,Head of Finance,software,500,0356998828
Ngô Thanh Trang,ngo.thanh.trang.12808@hoaphat.vn,Hoà Phát,Sales Director,software,50,0357263883
Ngô Ngọc An,ngo.ngoc.an.12809@kiotviet.vn,KiotViet,Marketing Manager,healthcare,10,0905440031
Vũ Ngọc Khánh,vu.ngoc.khanh.12810@gmail.com,CenLand,Kế toán trưởng,retail,120,0962658234
Lê Minh Hà,le.minh.ha.12811@gmail.com,Thaco Industries,Kế toán trưởng,software,25,0869114522
Hồ Hữu Việt,ho.huu.viet.12812@thacoindustr.vn,Thaco Industries,Operations Manager,fintech,50,0932989772
Dương Thị Khánh,duong.thi.khanh.12813@viettiengarm.vn,Viet Tien Garment,Operations Manager,manufacturing,120,0930490054
Hoàng Hồng Phúc,hoang.hong.phuc.12814@vinmec.vn,Vinmec,Procurement Manager,fintech,25,0354375490
Nguyễn Xuân Bình,nguyen.xuan.binh.12815@tiki.vn,Tiki,Operations Manager,software,500,0969885520
Lý Quang Oanh,ly.quang.oanh.12816@gmail.com,Duy Tan Plastics,Procurement Manager,education,250,0961934270
Dương Đức An,duong.duc.an.12817@viettiengarm.vn,Viet Tien Garment,CTO,retail,25,0359189654
Phan Minh Oanh,phan.minh.oanh.12818@topcv.vn,TopCV,Marketing Manager,retail,250,0327386905
Đỗ Xuân Linh,do.xuan.linh.12819@duytanplasti.vn,Duy Tan Plastics,Head of Finance,logistics,10,0930310735
Võ Thị Việt,vo.thi.viet.12820@momo.vn,MoMo,CEO,ecommerce,25,0933467231
Hoàng Hữu Tuấn,hoang.huu.tuan.12821@vngcorporati.vn,VNG Corporation,Head of Finance,logistics,10,0935910277
Vũ Đức Quân,vu.duc.quan.12822@fptsoftware.vn,FPT Software,Head of Finance,education,1500,0972632004
Võ Hữu Mai,vo.huu.mai.12823@duytanplasti.vn,Duy Tan Plastics,CEO,software,1500,0324421071
Lê Văn Tâm,le.van.tam.12824@pnj.vn,PNJ,Head of Finance,logistics,10,0902811548
Nguyễn Xuân Nam,nguyen.xuan.nam.12825@gmail.com,Shopee Vietnam,Head of Finance,education,1500,0918157862
Hoàng Thị Nam,hoang.thi.nam.12826@gmail.com,The Coffee House,Kế toán trưởng,manufacturing,1500,0931100874
Lý Hữu An,ly.huu.an.12827@basevn.vn,Base.vn,CFO,manufacturing,120,0866168552
Trần Văn Bình,tran.van.binh.12828@vngcorporati.vn,VNG Corporation,Sales Director,retail,50,0919410431
Võ Hồng Giang,vo.hong.giang.12829@gemadeptlogi.vn,Gemadept Logistics,Product Manager,ecommerce,25,0356284973
Trần Ngọc Dũng,tran.ngoc.dung.12830@fptsoftware.vn,FPT Software,CTO,fintech,500,0329150798
Võ Đức Trang,vo.duc.trang.12831@basevn.vn,Base.vn,CEO,fintech,250,0909783944
Ngô Hữu Trang,ngo.huu.trang.12832@topcv.vn,TopCV,CEO,fintech,120,0935265164
Đặng Xuân Dũng,dang.xuan.dung.12833@momo.vn,MoMo,Kế toán trưởng,fintech,1500,0902652338
Võ Thị Oanh,vo.thi.oanh.12834@haravan.vn,Haravan,Kế toán trưởng,fintech,25,0968169299
Ngô Thanh Tâm,ngo.thanh.tam.12835@gmail.com,Haravan,Product Manager,software,10,0938450934
Nguyễn Hữu Trang,nguyen.huu.trang.12836@thacoindustr.vn,Thaco Industries,CEO,healthcare,120,0936367023
Phan Quang Phúc,phan.quang.phuc.12837@kiotviet.vn,KiotViet,Operations Manager,retail,500,0966717513
Đỗ Hồng Châu,do.hong.chau.12838@vinamilk.vn,Vinamilk,Product Manager,ecommerce,120,0970354763
Lê Xuân Lan,le.xuan.lan.12839@shopeevietna.vn,Shopee Vietnam,Operations Manager,manufacturing,50,0358665745
Hồ Xuân Phúc,ho.xuan.phuc.12840@gmail.com,Thaco Industries,CTO,ecommerce,500,0931259885
Hồ Minh Sơn,ho.minh.son.12841@gmail.com,CenLand,CEO,software,50,0978509718
Bùi Hữu Oanh,bui.huu.oanh.12842@thecoffeehou.vn,The Coffee House,CEO,ecommerce,1500,0971753926
Lê Hữu An,le.huu.an.12843@gemadeptlogi.vn,Gemadept Logistics,Product Manager,logistics,1500,0356287292
Phan Thị Trang,phan.thi.trang.12844@momo.vn,MoMo,Operations Manager,fintech,50,0931999981
Hồ Đức Hà,ho.duc.ha.12845@basevn.vn,Base.vn,CEO,education,500,0909823645
Ngô Đức Quân,ngo.duc.quan.12846@viettiengarm.vn,Viet Tien Garment,Product Manager,fintech,120,0708576954
Ngô Hồng Việt,ngo.hong.viet.12847@basevn.vn,Base.vn,Marketing Manager,fintech,1500,0933802167
Đỗ Xuân An,do.xuan.an.12848@vinmec.vn,Vinmec,Head of Finance,retail,50,0864384238
Nguyễn Ngọc Hùng,nguyen.ngoc.hung.12849@hoaphat.vn,Hoà Phát,Head of Finance,ecommerce,120,0906759069
Đỗ Hồng Linh,do.hong.linh.12850@gmail.com,Hoà Phát,Marketing Manager,software,250,0962995921
Lê Hồng Phúc,le.hong.phuc.12851@pharmacity.vn,Pharmacity,Operations Manager,manufacturing,500,0352158834
Đỗ Thanh Linh,do.thanh.linh.12852@vinamilk.vn,Vinamilk,CFO,manufacturing,25,0902954212
Dương Minh Oanh,duong.minh.oanh.12853@duytanplasti.vn,Duy Tan Plastics,Sales Director,software,1500,0320481677
Nguyễn Minh Dũng,nguyen.minh.dung.12854@topcv.vn,TopCV,Product Manager,education,500,0936389212
Đỗ Hữu Khánh,do.huu.khanh.12855@gmail.com,The Coffee House,CFO,fintech,50,0912832851
Dương Thị Phúc,duong.thi.phuc.12856@gmail.com,Tiki,Kế toán trưởng,manufacturing,1500,0353873748
Ngô Thị Giang,ngo.thi.giang.12857@gmail.com,MoMo,Sales Director,healthcare,10,0709483422
Bùi Văn Bình,bui.van.binh.12858@gmail.com,Gemadept Logistics,CTO,logistics,50,0963527537
Phan Văn Bình,phan.van.binh.12859@gmail.com,Thaco Industries,Procurement Manager,ecommerce,1500,0324086822
Lý Quang Dũng,ly.quang.dung.12860@shopeevietna.vn,Shopee Vietnam,Sales Director,manufacturing,50,0976005586
Ngô Xuân An,ngo.xuan.an.12861@gmail.com,VNG Corporation,CEO,healthcare,1500,0917946139
Phạm Ngọc Hùng,pham.ngoc.hung.12862@gmail.com,MoMo,Head of Finance,retail,10,0919201898
Trần Xuân Linh,tran.xuan.linh.12863@gmail.com,Haravan,CFO,logistics,250,0903179921
Phạm Ngọc Phúc,pham.ngoc.phuc.12864@gmail.com,Duy Tan Plastics,Marketing Manager,retail,120,0963292007
Võ Hữu Trang,vo.huu.trang.12865@shopeevietna.vn,Shopee Vietnam,Sales Director,software,25,0705071927
Võ Hồng Sơn,vo.hong.son.12866@gmail.com,Hoà Phát,Sales Director,ecommerce,25,0964827064
Phan Thanh Linh,phan.thanh.linh.12867@kiotviet.vn,KiotViet,Kế toán trưởng,software,25,0913709159
Đặng Hữu Phúc,dang.huu.phuc.12868@thacoindustr.vn,Thaco Industries,Procurement Manager,manufacturing,500,0320969454
Phan Thanh Giang,phan.thanh.giang.12869@gmail.com,Vinamilk,Marketing Manager,manufacturing,25,0704897932
Hồ Thị Hùng,ho.thi.hung.12870@topcv.vn,TopCV,Product Manager,software,500,0918482218
Hoàng Hồng An,hoang.hong.an.12871@gmail.com,Vinmec,Marketing Manager,manufacturing,250,0918847318
Đặng Quang Bình,dang.quang.binh.12872@vngcorporati.vn,VNG Corporation,Operations Manager,education,500,0918604088
Võ Minh Oanh,vo.minh.oanh.12873@gmail.com,Vinamilk,Marketing Manager,education,250,0916620873
Vũ Đức Việt,vu.duc.viet.12874@shopeevietna.vn,Shopee Vietnam,CFO,retail,120,0350066170
Hồ Minh Tuấn,ho.minh.tuan.12875@hoaphat.vn,Hoà Phát,Marketing Manager,fintech,50,0358223694
Trần Đức Quân,tran.duc.quan.12876@kiotviet.vn,KiotViet,Procurement Manager,fintech,25,0967528063
Nguyễn Minh Sơn,nguyen.minh.son.12877@kiotviet.vn,KiotViet,Kế toán trưởng,fintech,25,0917017769
Đỗ Ngọc Châu,do.ngoc.chau.12878@kiotviet.vn,KiotViet,Kế toán trưởng,retail,500,0325890523
Hồ Đức Châu,ho.duc.chau.12879@gmail.com,The Coffee House,Marketing Manager,education,50,0964335695
Phạm Hữu Nam,pham.huu.nam.12880@vngcorporati.vn,VNG Corporation,CFO,ecommerce,50,0966657507
Hồ Thanh Bình,ho.thanh.binh.12881@pnj.vn,PNJ,Product Manager,ecommerce,1500,0351046609
Phan Văn Giang,phan.van.giang.12882@pharmacity.vn,Pharmacity,Procurement Manager,retail,500,0861024968
Phan Hữu Hà,phan.huu.ha.12883@gmail.com,The Coffee House,Head of Finance,software,10,0705833559
Đặng Xuân Việt,dang.xuan.viet.12884@hoaphat.vn,Hoà Phát,Product Manager,education,1500,0866674584
Lý Hữu Nam,ly.huu.nam.12885@hoaphat.vn,Hoà Phát,Kế toán trưởng,healthcare,1500,0861071131
Trần Quang Mai,tran.quang.mai.12886@basevn.vn,Base.vn,Procurement Manager,fintech,10,0707027833
Ngô Hồng Phúc,ngo.hong.phuc.12887@gemadeptlogi.vn,Gemadept Logistics,CFO,logistics,500,0961446789
Ngô Xuân Châu,ngo.xuan.chau.12888@duytanplasti.vn,Duy Tan Plastics,Kế toán trưởng,education,25,0906852313
Hoàng Quang Oanh,hoang.quang.oanh.12889@gmail.com,Thaco Industries,Head of Finance,manufacturing,250,0327887585
Võ Minh Quân,vo.minh.quan.12890@viettiengarm.vn,Viet Tien Garment,Procurement Manager,retail,500,0976767684
Lê Hồng Việt,le.hong.viet.12891@vinmec.vn,Vinmec,Product Manager,ecommerce,25,0932292215
Trần Hồng Dũng,tran.hong.dung.12892@vinmec.vn,Vinmec,Product Manager,ecommerce,1500,0700388456
Nguyễn Thị Tâm,nguyen.thi.tam.12893@topcv.vn,TopCV,CTO,ecommerce,500,0700593868
Dương Thanh Mai,duong.thanh.mai.12894@gmail.com,TopCV,Marketing Manager,healthcare,1500,0978260890
Dương Đức Hà,duong.duc.ha.12895@gemadeptlogi.vn,Gemadept Logistics,Kế toán trưởng,manufacturing,25,0900035341
Lý Hữu Linh,ly.huu.linh.12896@momo.vn,MoMo,CTO,healthcare,25,0909298203
Ngô Thị Phúc,ngo.thi.phuc.12897@momo.vn,MoMo,Procurement Manager,fintech,120,0869786935
Đặng Xuân Phúc,dang.xuan.phuc.12898@gmail.com,VNG Corporation,Sales Director,ecommerce,25,0325414458
Lý Ngọc Tuấn,ly.ngoc.tuan.12899@gmail.com,Hoà Phát,Product Manager,education,25,0863265112
Hoàng Quang Hà,hoang.quang.ha.12900@topcv.vn,TopCV,Head of Finance,ecommerce,1500,0869482385
Ngô Quang Tuấn,ngo.quang.tuan.12901@basevn.vn,Base.vn,Product Manager,healthcare,120,0962643351
Nguyễn Đức An,nguyen.duc.an.12902@gmail.com,Duy Tan Plastics,Kế toán trưởng,logistics,25,0351624832
Trần Đức An,tran.duc.an.12903@vinamilk.vn,Vinamilk,Operations Manager,fintech,500,0709266471
Hồ Quang Bình,ho.quang.binh.12904@fptsoftware.vn,FPT Software,Marketing Manager,healthcare,1500,0357254029
Vũ Hồng An,vu.hong.an.12905@gmail.com,VNG Corporation,CTO,ecommerce,10,0978992912
Hồ Minh Khánh,ho.minh.khanh.12906@gmail.com,Hoà Phát,Kế toán trưởng,education,1500,0909518506
Lê Hữu Hùng,le.huu.hung.12907@pharmacity.vn,Pharmacity,Sales Director,ecommerce,25,0325179870
Ngô Hồng Quân,ngo.hong.quan.12908@momo.vn,MoMo,Procurement Manager,software,25,0901512037
Bùi Thanh An,bui.thanh.an.12909@viettiengarm.vn,Viet Tien Garment,CTO,logistics,25,0320374040
Trần Ngọc Oanh,tran.ngoc.oanh.12910@thacoindustr.vn,Thaco Industries,CEO,education,25,0352040733
Lê Minh Tâm,le.minh.tam.12911@vinmec.vn,Vinmec,Head of Finance,education,250,0909712849
Trần Thị Tâm,tran.thi.tam.12912@gmail.com,CenLand,Product Manager,healthcare,120,0909356934
Bùi Hữu Việt,bui.huu.viet.12913@viettiengarm.vn,Viet Tien Garment,Operations Manager,retail,1500,0358615520
Trần Xuân Tuấn,tran.xuan.tuan.12914@tiki.vn,Tiki,Procurement Manager,manufacturing,120,0930088692
Lý Thị Mai,ly.thi.mai.12915@vinmec.vn,Vinmec,CEO,manufacturing,50,0900975838
Hoàng Xuân Dũng,hoang.xuan.dung.12916@thecoffeehou.vn,The Coffee House,Head of Finance,healthcare,500,0326312931
Phan Xuân Giang,phan.xuan.giang.12917@gmail.com,Thaco Industries,CFO,retail,25,0353628139
Bùi Đức Nam,bui.duc.nam.12918@tiki.vn,Tiki,Head of Finance,manufacturing,10,0973254752
Lê Văn Phúc,le.van.phuc.12919@thacoindustr.vn,Thaco Industries,Sales Director,manufacturing,1500,0701534305
Phan Hữu Phúc,phan.huu.phuc.12920@gmail.com,KiotViet,Procurement Manager,fintech,50,0325568839
Nguyễn Xuân Lan,nguyen.xuan.lan.12921@gmail.com,MoMo,Product Manager,retail,120,0967352113
Dương Thị Linh,duong.thi.linh.12922@gmail.com,Hoà Phát,Kế toán trưởng,ecommerce,500,0327895605
Lý Văn Oanh,ly.van.oanh.12923@hoaphat.vn,Hoà Phát,Procurement Manager,logistics,25,0967169686
Nguyễn Văn Linh,nguyen.van.linh.12924@pnj.vn,PNJ,Head of Finance,manufacturing,120,0707305178
Võ Hồng Hà,vo.hong.ha.12925@gmail.com,Shopee Vietnam,Sales Director,healthcare,1500,0320261182
Đặng Thị Hà,dang.thi.ha.12926@tiki.vn,Tiki,Head of Finance,fintech,10,0960715235
Võ Minh Hà,vo.minh.ha.12927@tiki.vn,Tiki,Marketing Manager,logistics,25,0863098943
Hồ Hồng Dũng,ho.hong.dung.12928@fptsoftware.vn,FPT Software,Sales Director,logistics,250,0867687288
Lý Ngọc Giang,ly.ngoc.giang.12929@duytanplasti.vn,Duy Tan Plastics,Procurement Manager,logistics,120,0902115992
Phạm Hữu Linh,pham.huu.linh.12930@gmail.com,Vinamilk,Kế toán trưởng,education,120,0971175822
Ngô Đức Tuấn,ngo.duc.tuan.12931@gmail.com,Haravan,Sales Director,healthcare,120,0930158191
Võ Hữu Trang,vo.huu.trang.12932@vinmec.vn,Vinmec,Procurement Manager,logistics,250,0931633445
Đặng Minh Tuấn,dang.minh.tuan.12933@kiotviet.vn,KiotViet,Operations Manager,software,250,0354529044
Lý Thị Khánh,ly.thi.khanh.12934@momo.vn,MoMo,Product Manager,software,120,0865229451
Vũ Xuân Dũng,vu.xuan.dung.12935@thacoindustr.vn,Thaco Industries,Procurement Manager,software,50,0977850478
Trần Hồng Quân,tran.hong.quan.12936@kiotviet.vn,KiotViet,Procurement Manager,manufacturing,500,0917080547
Võ Hữu Bình,vo.huu.binh.12937@duytanplasti.vn,Duy Tan Plastics,Product Manager,fintech,250,0905927701
Đặng Hữu Trang,dang.huu.trang.12938@gmail.com,Haravan,Procurement Manager,healthcare,1500,0969839445
Võ Thị Việt,vo.thi.viet.12939@tiki.vn,Tiki,Head of Finance,manufacturing,10,0701623493
Dương Xuân Khánh,duong.xuan.khanh.12940@topcv.vn,TopCV,CEO,ecommerce,500,0324785198
Dương Ngọc Phúc,duong.ngoc.phuc.12941@gmail.com,Vinmec,Head of Finance,manufacturing,500,0934772091
Bùi Văn Hùng,bui.van.hung.12942@viettiengarm.vn,Viet Tien Garment,Head of Finance,healthcare,120,0865361108
Dương Xuân Việt,duong.xuan.viet.12943@gmail.com,Thaco Industries,CEO,education,50,0326184194
Lê Thị Linh,le.thi.linh.12944@shopeevietna.vn,Shopee Vietnam,Operations Manager,healthcare,50,0935554134
Bùi Xuân Trang,bui.xuan.trang.12945@pharmacity.vn,Pharmacity,Operations Manager,software,50,0915065498
Đỗ Hồng Hà,do.hong.ha.12946@gmail.com,Duy Tan Plastics,CFO,logistics,500,0905953187
Lê Hữu Hà,le.huu.ha.12947@duytanplasti.vn,Duy Tan Plastics,Marketing Manager,software,1500,0914707300
Hoàng Quang Hùng,hoang.quang.hung.12948@gmail.com,TopCV,Procurement Manager,manufacturing,10,0937578280
Ngô Xuân Linh,ngo.xuan.linh.12949@vinmec.vn,Vinmec,Product Manager,software,250,0706202492
Phạm Xuân Sơn,pham.xuan.son.12950@kiotviet.vn,KiotViet,Operations Manager,education,10,0327666371
Dương Đức Châu,duong.duc.chau.12951@gmail.com,Hoà Phát,CFO,healthcare,25,0964133738
Đặng Thị Việt,dang.thi.viet.12952@vngcorporati.vn,VNG Corporation,Sales Director,education,250,0978118437
Hồ Hồng Giang,ho.hong.giang.12953@duytanplasti.vn,Duy Tan Plastics,Head of Finance,software,500,0913316873
Bùi Hữu Tuấn,bui.huu.tuan.12954@gmail.com,Tiki,CEO,retail,1500,0908804570
Dương Quang Hùng,duong.quang.hung.12955@pharmacity.vn,Pharmacity,Procurement Manager,fintech,50,0861339643
Đặng Minh Tuấn,dang.minh.tuan.12956@thecoffeehou.vn,The Coffee House,CFO,education,25,0917618026
Bùi Xuân Châu,bui.xuan.chau.12957@gmail.com,The Coffee House,Operations Manager,healthcare,120,0902601746
Nguyễn Hữu Giang,nguyen.huu.giang.12958@basevn.vn,Base.vn,CEO,software,1500,0904454968
Võ Thanh An,vo.thanh.an.12959@basevn.vn,Base.vn,Operations Manager,healthcare,500,0904427916
Phan Quang Dũng,phan.quang.dung.12960@gmail.com,Pharmacity,Sales Director,logistics,50,0862367586
Đỗ Quang Trang,do.quang.trang.12961@gmail.com,TopCV,Procurement Manager,ecommerce,25,0970067586
Bùi Xuân Tâm,bui.xuan.tam.12962@pnj.vn,PNJ,Head of Finance,logistics,1500,0903264783
Hồ Văn Oanh,ho.van.oanh.12963@gmail.com,Vinamilk,Kế toán trưởng,logistics,250,0357827124
Lê Thị Mai,le.thi.mai.12964@tiki.vn,Tiki,Kế toán trưởng,manufacturing,25,0902844766
Phan Đức Tuấn,phan.duc.tuan.12965@gmail.com,Hoà Phát,CTO,software,500,0977053197
Phạm Minh Linh,pham.minh.linh.12966@hoaphat.vn,Hoà Phát,CTO,manufacturing,25,0323226821
Phan Văn Tuấn,phan.van.tuan.12967@hoaphat.vn,Hoà Phát,Procurement Manager,retail,1500,0703517939
Lý Đức Giang,ly.duc.giang.12968@duytanplasti.vn,Duy Tan Plastics,Product Manager,healthcare,10,0911237920
Hồ Đức Quân,ho.duc.quan.12969@thecoffeehou.vn,The Coffee House,Sales Director,retail,250,0968624240
Vũ Thị Hà,vu.thi.ha.12970@pnj.vn,PNJ,CFO,healthcare,1500,0702195909
Võ Hồng Bình,vo.hong.binh.12971@viettiengarm.vn,Viet Tien Garment,Product Manager,ecommerce,10,0917764506
Dương Đức Châu,duong.duc.chau.12972@gemadeptlogi.vn,Gemadept Logistics,Marketing Manager,software,250,0329210417
Phan Xuân Phúc,phan.xuan.phuc.12973@gmail.com,Base.vn,Product Manager,retail,50,0328595915
Hồ Ngọc Mai,ho.ngoc.mai.12974@gmail.com,Hoà Phát,Operations Manager,retail,25,0355881830
Hoàng Văn Bình,hoang.van.binh.12975@topcv.vn,TopCV,Marketing Manager,software,50,0967463339
Phạm Ngọc Lan,pham.ngoc.lan.12976@gmail.com,Vinmec,CFO,software,10,0700046923
Hồ Thanh Lan,ho.thanh.lan.12977@thecoffeehou.vn,The Coffee House,CFO,healthcare,50,0703973688
Hồ Thị Phúc,ho.thi.phuc.12978@gmail.com,Tiki,Kế toán trưởng,manufacturing,25,0901261070
Lê Thanh Oanh,le.thanh.oanh.12979@gmail.com,Tiki,Marketing Manager,software,250,0910125857
Phạm Hữu Giang,pham.huu.giang.12980@gmail.com,Tiki,Operations Manager,education,10,0973019732
Vũ Ngọc Dũng,vu.ngoc.dung.12981@shopeevietna.vn,Shopee Vietnam,Kế toán trưởng,logistics,50,0932937466
Võ Đức Bình,vo.duc.binh.12982@gmail.com,FPT Software,Marketing Manager,manufacturing,50,0323624430
Phan Xuân Lan,phan.xuan.lan.12983@pharmacity.vn,Pharmacity,CEO,logistics,120,0970124458
Lê Đức Tuấn,le.duc.tuan.12984@duytanplasti.vn,Duy Tan Plastics,Operations Manager,fintech,25,0328631248
Lý Xuân Hà,ly.xuan.ha.12985@kiotviet.vn,KiotViet,Sales Director,retail,25,0973014677
Trần Thị An,tran.thi.an.12986@momo.vn,MoMo,Marketing Manager,logistics,250,0973732914
Lê Thị Trang,le.thi.trang.12987@gmail.com,VNG Corporation,CTO,ecommerce,1500,0970925413
Trần Minh Nam,tran.minh.nam.12988@pnj.vn,PNJ,Product Manager,fintech,50,0869734970
Võ Minh Dũng,vo.minh.dung.12989@hoaphat.vn,Hoà Phát,Head of Finance,ecommerce,50,0862189985
Phan Hữu Sơn,phan.huu.son.12990@gemadeptlogi.vn,Gemadept Logistics,Head of Finance,manufacturing,50,0706927105
Phan Hồng Sơn,phan.hong.son.12991@gmail.com,MoMo,Marketing Manager,healthcare,1500,0865455226
Hồ Minh Linh,ho.minh.linh.12992@pharmacity.vn,Pharmacity,Product Manager,software,500,0321789674
Lý Hồng Giang,ly.hong.giang.12993@basevn.vn,Base.vn,Kế toán trưởng,ecommerce,50,0702868944
Bùi Ngọc Châu,bui.ngoc.chau.12994@gmail.com,Shopee Vietnam,CFO,education,50,0934247188
Dương Đức Dũng,duong.duc.dung.12995@hoaphat.vn,Hoà Phát,Marketing Manager,logistics,10,0931464454
Lê Xuân Châu,le.xuan.chau.12996@vinamilk.vn,Vinamilk,CFO,manufacturing,25,0936909311
Phan Văn Dũng,phan.van.dung.12997@thacoindustr.vn,Thaco Industries,CTO,software,500,0869311636
Hoàng Xuân Oanh,hoang.xuan.oanh.12998@gmail.com,Vinamilk,CTO,fintech,50,0912243534
Nguyễn Hữu Châu,nguyen.huu.chau.12999@hoaphat.vn,Hoà Phát,Kế toán trưởng,software,250,0906827187
Trần Đức Bình,tran.duc.binh.13000@shopeevietna.vn,Shopee Vietnam,CFO,software,250,0350837423
Đặng Hữu Oanh,dang.huu.oanh.13001@gmail.com,PNJ,Kế toán trưởng,software,500,0321499471
Phan Ngọc Hà,phan.ngoc.ha.13002@hoaphat.vn,Hoà Phát,CTO,healthcare,10,0861025334
Đặng Thanh Giang,dang.thanh.giang.13003@thecoffeehou.vn,The Coffee House,Kế toán trưởng,manufacturing,120,0931921231
Phan Xuân Linh,phan.xuan.linh.13004@viettiengarm.vn,Viet Tien Garment,Product Manager,manufacturing,10,0905810678
Võ Minh Châu,vo.minh.chau.13005@haravan.vn,Haravan,CTO,education,50,0907708016
Phạm Hữu Lan,pham.huu.lan.13006@duytanplasti.vn,Duy Tan Plastics,Kế toán trưởng,ecommerce,120,0864286482
Nguyễn Xuân Hà,nguyen.xuan.ha.13007@fptsoftware.vn,FPT Software,Operations Manager,education,10,0912958633
Trần Xuân Phúc,tran.xuan.phuc.13008@thecoffeehou.vn,The Coffee House,CEO,ecommerce,50,0939459071
Phan Đức Trang,phan.duc.trang.13009@cenland.vn,CenLand,Head of Finance,healthcare,120,0357413249
Vũ Hữu Quân,vu.huu.quan.13010@topcv.vn,TopCV,CTO,fintech,10,0905627803
Hoàng Thị Trang,hoang.thi.trang.13011@gmail.com,Hoà Phát,Product Manager,fintech,250,0913728418
Dương Ngọc Phúc,duong.ngoc.phuc.13012@gmail.com,PNJ,CFO,software,50,0867355737
Vũ Hồng Phúc,vu.hong.phuc.13013@gemadeptlogi.vn,Gemadept Logistics,Sales Director,logistics,500,0935438507
Bùi Xuân Trang,bui.xuan.trang.13014@pharmacity.vn,Pharmacity,CTO,software,25,0938199583
Nguyễn Ngọc Linh,nguyen.ngoc.linh.13015@gemadeptlogi.vn,Gemadept Logistics,CEO,fintech,250,0964697413
Bùi Minh An,bui.minh.an.13016@gmail.com,Gemadept Logistics,Head of Finance,healthcare,25,0863769371
Hồ Thị Dũng,ho.thi.dung.13017@gmail.com,Duy Tan Plastics,Marketing Manager,retail,50,0961230170
Bùi Thị Tâm,bui.thi.tam.13018@gmail.com,Shopee Vietnam,Product Manager,fintech,250,0355118091
Dương Minh Nam,duong.minh.nam.13019@momo.vn,MoMo,Sales Director,healthcare,500,0708194688
Trần Đức Quân,tran.duc.quan.13020@cenland.vn,CenLand,Marketing Manager,retail,25,0911096534
Võ Thanh An,vo.thanh.an.13021@topcv.vn,TopCV,Product Manager,fintech,120,0973562474
Hoàng Thanh Dũng,hoang.thanh.dung.13022@gmail.com,Vinamilk,Kế toán trưởng,software,25,0356102960
Lý Văn Oanh,ly.van.oanh.13023@tiki.vn,Tiki,Procurement Manager,education,50,0904969792
Bùi Ngọc Khánh,bui.ngoc.khanh.13024@thecoffeehou.vn,The Coffee House,Kế toán trưởng,manufacturing,120,0320238975
Bùi Quang Dũng,bui.quang.dung.13025@vngcorporati.vn,VNG Corporation,Product Manager,fintech,250,0969156671
Phạm Hồng Linh,pham.hong.linh.13026@duytanplasti.vn,Duy Tan Plastics,Operations Manager,logistics,10,0907840738
Võ Văn Hùng,vo.van.hung.13027@hoaphat.vn,Hoà Phát,Sales Director,ecommerce,50,0903786369
Hồ Quang Sơn,ho.quang.son.13028@fptsoftware.vn,FPT Software,Operations Manager,retail,120,0860405545
Phạm Thanh Mai,pham.thanh.mai.13029@tiki.vn,Tiki,Procurement Manager,fintech,50,0359989091
Võ Ngọc An,vo.ngoc.an.13030@vinmec.vn,Vinmec,Procurement Manager,education,250,0902502856
Phạm Đức Phúc,pham.duc.phuc.13031@vinmec.vn,Vinmec,CEO,ecommerce,50,0705469780
Hoàng Xuân Hà,hoang.xuan.ha.13032@duytanplasti.vn,Duy Tan Plastics,Product Manager,education,120,0322989752
Đặng Thị Giang,dang.thi.giang.13033@gmail.com,FPT Software,Sales Director,ecommerce,50,0935040877
Lý Hồng Hùng,ly.hong.hung.13034@momo.vn,MoMo,Procurement Manager,logistics,120,0910832579
Dương Văn Châu,duong.van.chau.13035@vngcorporati.vn,VNG Corporation,CFO,software,500,0359648742
Đỗ Hữu Nam,do.huu.nam.13036@shopeevietna.vn,Shopee Vietnam,CEO,logistics,50,0973286590
Lê Quang Oanh,le.quang.oanh.13037@basevn.vn,Base.vn,Product Manager,logistics,50,0933841551
Vũ Xuân Hùng,vu.xuan.hung.13038@vinmec.vn,Vinmec,Head of Finance,manufacturing,10,0968972611
Trần Thị Dũng,tran.thi.dung.13039@basevn.vn,Base.vn,Procurement Manager,manufacturing,10,0323101719
Nguyễn Thị Sơn,nguyen.thi.son.13040@gmail.com,Haravan,Marketing Manager,education,250,0912127268
Lý Quang Tâm,ly.quang.tam.13041@tiki.vn,Tiki,Operations Manager,manufacturing,250,0910007208
Võ Thị Nam,vo.thi.nam.13042@fptsoftware.vn,FPT Software,Product Manager,retail,500,0357789447
Ngô Minh Bình,ngo.minh.binh.13043@gmail.com,PNJ,Operations Manager,healthcare,500,0703428837
Đỗ Xuân Linh,do.xuan.linh.13044@shopeevietna.vn,Shopee Vietnam,Sales Director,education,25,0962203201
Đỗ Văn Phúc,do.van.phuc.13045@vinamilk.vn,Vinamilk,CEO,fintech,500,0705694714
Hồ Ngọc Trang,ho.ngoc.trang.13046@gmail.com,PNJ,CEO,software,120,0324008521
Trần Minh An,tran.minh.an.13047@gmail.com,MoMo,Procurement Manager,software,10,0913489246
Hoàng Văn Giang,hoang.van.giang.13048@gmail.com,FPT Software,Product Manager,education,120,0861799133
Võ Minh Giang,vo.minh.giang.13049@viettiengarm.vn,Viet Tien Garment,Sales Director,education,250,0971557646
Đỗ Minh Bình,do.minh.binh.13050@basevn.vn,Base.vn,Product Manager,manufacturing,10,0916687734
Dương Minh Việt,duong.minh.viet.13051@gmail.com,VNG Corporation,CEO,ecommerce,500,0934802112
Bùi Xuân An,bui.xuan.an.13052@gmail.com,CenLand,Procurement Manager,software,1500,0913981605
Trần Hữu Quân,tran.huu.quan.13053@pharmacity.vn,Pharmacity,Operations Manager,logistics,50,0932332648
Phan Xuân Mai,phan.xuan.mai.13054@gemadeptlogi.vn,Gemadept Logistics,Marketing Manager,fintech,25,0914005593
Bùi Hồng Trang,bui.hong.trang.13055@gmail.com,Gemadept Logistics,Marketing Manager,healthcare,1500,0327644339
Lê Hồng Hà,le.hong.ha.13056@tiki.vn,Tiki,Product Manager,retail,25,0931885134
Lý Thanh Dũng,ly.thanh.dung.13057@gemadeptlogi.vn,Gemadept Logistics,Kế toán trưởng,manufacturing,10,0865361415
Phan Minh Hà,phan.minh.ha.13058@gemadeptlogi.vn,Gemadept Logistics,CEO,fintech,10,0705141500
Nguyễn Thị Sơn,nguyen.thi.son.13059@cenland.vn,CenLand,Marketing Manager,healthcare,500,0708709309
Lê Quang Châu,le.quang.chau.13060@gmail.com,Pharmacity,Marketing Manager,ecommerce,1500,0321676382
Lý Hồng Phúc,ly.hong.phuc.13061@thecoffeehou.vn,The Coffee House,CTO,manufacturing,1500,0939381061
Trần Ngọc Dũng,tran.ngoc.dung.13062@topcv.vn,TopCV,Head of Finance,software,50,0329548196
Vũ Hữu Linh,vu.huu.linh.13063@gmail.com,Haravan,Procurement Manager,software,50,0708163227
Trần Quang Khánh,tran.quang.khanh.13064@hoaphat.vn,Hoà Phát,Product Manager,education,50,0935476926
Võ Minh Linh,vo.minh.linh.13065@gmail.com,Viet Tien Garment,Kế toán trưởng,education,1500,0975397982
Phan Ngọc Tuấn,phan.ngoc.tuan.13066@gmail.com,Vinamilk,CTO,education,500,0938806720
Phạm Văn Việt,pham.van.viet.13067@thacoindustr.vn,Thaco Industries,Sales Director,logistics,50,0327761592
Vũ Quang Quân,vu.quang.quan.13068@gmail.com,MoMo,Marketing Manager,manufacturing,120,0973996176
Lê Quang Lan,le.quang.lan.13069@pnj.vn,PNJ,Sales Director,logistics,500,0865643777
Lê Thị Nam,le.thi.nam.13070@gmail.com,The Coffee House,CEO,education,500,0704657680
Dương Minh Oanh,duong.minh.oanh.13071@duytanplasti.vn,Duy Tan Plastics,CTO,retail,250,0904863063
Lê Thanh Dũng,le.thanh.dung.13072@viettiengarm.vn,Viet Tien Garment,Kế toán trưởng,manufacturing,10,0972292829
Nguyễn Thanh Trang,nguyen.thanh.trang.13073@kiotviet.vn,KiotViet,Sales Director,retail,120,0350797192
Võ Quang Sơn,vo.quang.son.13074@basevn.vn,Base.vn,Head of Finance,fintech,10,0962052822
Phạm Minh Giang,pham.minh.giang.13075@kiotviet.vn,KiotViet,Marketing Manager,education,120,0978986660
Đỗ Hồng Bình,do.hong.binh.13076@gmail.com,Vinamilk,Procurement Manager,retail,120,0353367372
Dương Văn Giang,duong.van.giang.13077@gmail.com,Vinmec,Procurement Manager,retail,250,0324414148
Trần Ngọc Phúc,tran.ngoc.phuc.13078@shopeevietna.vn,Shopee Vietnam,CTO,software,10,0861837535
Lê Ngọc Hà,le.ngoc.ha.13079@viettiengarm.vn,Viet Tien Garment,CFO,fintech,25,0909343132
Đặng Đức Mai,dang.duc.mai.13080@hoaphat.vn,Hoà Phát,CEO,logistics,50,0356160429
Hoàng Thanh Tâm,hoang.thanh.tam.13081@vngcorporati.vn,VNG Corporation,CTO,logistics,25,0350193399
Dương Hữu Giang,duong.huu.giang.13082@vngcorporati.vn,VNG Corporation,Sales Director,ecommerce,1500,0866281582
Phạm Hồng Khánh,pham.hong.khanh.13083@shopeevietna.vn,Shopee Vietnam,Head of Finance,manufacturing,25,0960778267
Ngô Thị Giang,ngo.thi.giang.13084@momo.vn,MoMo,Procurement Manager,retail,1500,0907444626
Hồ Minh Bình,ho.minh.binh.13085@gmail.com,Base.vn,CEO,education,500,0903385492
Võ Hữu Bình,vo.huu.binh.13086@thecoffeehou.vn,The Coffee House,Operations Manager,ecommerce,120,0867644763
Bùi Thanh Mai,bui.thanh.mai.13087@pharmacity.vn,Pharmacity,Head of Finance,education,250,0970928384
Vũ Thanh Việt,vu.thanh.viet.13088@tiki.vn,Tiki,Marketing Manager,software,25,0908288451
Trần Minh Châu,tran.minh.chau.13089@thecoffeehou.vn,The Coffee House,Head of Finance,healthcare,10,0907723090
Phan Minh Hà,phan.minh.ha.13090@thacoindustr.vn,Thaco Industries,Operations Manager,logistics,500,0977729314
Trần Hữu Dũng,tran.huu.dung.13091@momo.vn,MoMo,Marketing Manager,retail,250,0910963156
Hoàng Ngọc Bình,hoang.ngoc.binh.13092@thacoindustr.vn,Thaco Industries,Operations Manager,ecommerce,120,0938530084
Dương Thanh Mai,duong.thanh.mai.13093@gmail.com,Vinmec,Marketing Manager,ecommerce,250,0903121802
Dương Văn Trang,duong.van.trang.13094@hoaphat.vn,Hoà Phát,Operations Manager,fintech,1500,0936731767
Bùi Minh Bình,bui.minh.binh.13095@pharmacity.vn,Pharmacity,Kế toán trưởng,education,250,0863083917
Nguyễn Ngọc Linh,nguyen.ngoc.linh.13096@gmail.com,Duy Tan Plastics,Procurement Manager,retail,50,0323684595
Đặng Xuân Dũng,dang.xuan.dung.13097@vinamilk.vn,Vinamilk,CEO,ecommerce,50,0909509354
Phạm Văn Dũng,pham.van.dung.13098@gmail.com,Duy Tan Plastics,Sales Director,software,50,0900979435
Dương Quang Việt,duong.quang.viet.13099@hoaphat.vn,Hoà Phát,CTO,manufacturing,500,0906836233
Lê Hữu Lan,le.huu.lan.13100@gmail.com,Shopee Vietnam,CTO,education,500,0709092196
Dương Hồng Châu,duong.hong.chau.13101@vinamilk.vn,Vinamilk,CEO,manufacturing,1500,0709411085
Đỗ Thanh Phúc,do.thanh.phuc.13102@vngcorporati.vn,VNG Corporation,Sales Director,fintech,250,0978553194
Lý Hữu Khánh,ly.huu.khanh.13103@basevn.vn,Base.vn,CTO,education,25,0962860606
Lê Xuân Phúc,le.xuan.phuc.13104@tiki.vn,Tiki,CFO,software,25,0866900648
Hồ Ngọc Linh,ho.ngoc.linh.13105@viettiengarm.vn,Viet Tien Garment,Head of Finance,manufacturing,25,0320892046
Võ Quang Giang,vo.quang.giang.13106@thecoffeehou.vn,The Coffee House,Procurement Manager,retail,500,0350337780
Bùi Hồng Tâm,bui.hong.tam.13107@shopeevietna.vn,Shopee Vietnam,Kế toán trưởng,education,1500,0700298354
Vũ Thị Giang,vu.thi.giang.13108@gmail.com,Viet Tien Garment,Sales Director,retail,250,0357301557
Hoàng Đức Việt,hoang.duc.viet.13109@gmail.com,Haravan,Operations Manager,education,120,0965730042
Đặng Văn Bình,dang.van.binh.13110@shopeevietna.vn,Shopee Vietnam,Kế toán trưởng,logistics,120,0324939586
Phạm Quang Trang,pham.quang.trang.13111@momo.vn,MoMo,Head of Finance,fintech,50,0868356864
Lý Văn Hùng,ly.van.hung.13112@vinamilk.vn,Vinamilk,Sales Director,logistics,250,0933602394
Lê Hồng Dũng,le.hong.dung.13113@vngcorporati.vn,VNG Corporation,CTO,manufacturing,500,0932346337
Phạm Hồng Linh,pham.hong.linh.13114@vinmec.vn,Vinmec,Operations Manager,logistics,1500,0975445715
Phan Văn Oanh,phan.van.oanh.13115@gmail.com,Pharmacity,CEO,ecommerce,250,0353233133
Võ Thanh Nam,vo.thanh.nam.13116@haravan.vn,Haravan,Kế toán trưởng,software,1500,0976170758
Đặng Thị Hùng,dang.thi.hung.13117@vngcorporati.vn,VNG Corporation,Kế toán trưởng,manufacturing,25,0938429457
Lê Quang Châu,le.quang.chau.13118@vinamilk.vn,Vinamilk,CEO,fintech,50,0934264671
Phạm Đức Tuấn,pham.duc.tuan.13119@viettiengarm.vn,Viet Tien Garment,Product Manager,ecommerce,120,0962417060
Dương Hữu Oanh,duong.huu.oanh.13120@pnj.vn,PNJ,Marketing Manager,ecommerce,25,0357614711
Lý Xuân Phúc,ly.xuan.phuc.13121@pnj.vn,PNJ,Kế toán trưởng,ecommerce,25,0972999850
Võ Hồng Tuấn,vo.hong.tuan.13122@viettiengarm.vn,Viet Tien Garment,Product Manager,logistics,120,0352724157
Hoàng Xuân Châu,hoang.xuan.chau.13123@momo.vn,MoMo,CEO,software,500,0866453271
Võ Minh Hùng,vo.minh.hung.13124@kiotviet.vn,KiotViet,Kế toán trưởng,manufacturing,25,0932356508
Phan Quang Hùng,phan.quang.hung.13125@gmail.com,Vinamilk,CEO,education,25,0705685280
Lý Ngọc Khánh,ly.ngoc.khanh.13126@gmail.com,FPT Software,Marketing Manager,logistics,500,0708435827
Hoàng Thị Tâm,hoang.thi.tam.13127@duytanplasti.vn,Duy Tan Plastics,CTO,retail,250,0320963001
Lê Hữu Tuấn,le.huu.tuan.13128@vinmec.vn,Vinmec,Head of Finance,fintech,500,0918868554
Hoàng Thị Sơn,hoang.thi.son.13129@gmail.com,Haravan,Operations Manager,healthcare,250,0933475656
Phan Minh Nam,phan.minh.nam.13130@cenland.vn,CenLand,CEO,ecommerce,250,0358916529
Dương Xuân Trang,duong.xuan.trang.13131@vngcorporati.vn,VNG Corporation,CFO,logistics,1500,0705907313
Võ Đức Tuấn,vo.duc.tuan.13132@hoaphat.vn,Hoà Phát,Head of Finance,retail,250,0704467935
Đặng Đức Quân,dang.duc.quan.13133@gmail.com,Base.vn,Head of Finance,ecommerce,1500,0863420228
Bùi Quang Sơn,bui.quang.son.13134@gmail.com,FPT Software,Kế toán trưởng,retail,500,0351318195
Võ Thị Quân,vo.thi.quan.13135@gmail.com,Thaco Industries,Procurement Manager,retail,50,0354585084
Phan Hữu Quân,phan.huu.quan.13136@viettiengarm.vn,Viet Tien Garment,Marketing Manager,ecommerce,25,0907409879
Dương Đức Nam,duong.duc.nam.13137@gemadeptlogi.vn,Gemadept Logistics,CFO,manufacturing,1500,0862262459
Hồ Thị Mai,ho.thi.mai.13138@cenland.vn,CenLand,CFO,logistics,50,0867512654
Hoàng Thanh Hùng,hoang.thanh.hung.13139@kiotviet.vn,KiotViet,Kế toán trưởng,fintech,120,0911559138
Bùi Xuân Trang,bui.xuan.trang.13140@haravan.vn,Haravan,Procurement Manager,software,1500,0930205072
Lý Minh Hà,ly.minh.ha.13141@hoaphat.vn,Hoà Phát,Marketing Manager,education,1500,0917392648
Lê Hồng Sơn,le.hong.son.13142@vinmec.vn,Vinmec,Marketing Manager,education,50,0908504949
Lý Đức An,ly.duc.an.13143@pharmacity.vn,Pharmacity,Kế toán trưởng,fintech,50,0938100374
Phan Xuân An,phan.xuan.an.13144@cenland.vn,CenLand,CEO,fintech,10,0900087897
Hồ Hồng Châu,ho.hong.chau.13145@haravan.vn,Haravan,Kế toán trưởng,software,120,0963433138
Hồ Hồng Dũng,ho.hong.dung.13146@tiki.vn,Tiki,CFO,fintech,120,0701750375
Đỗ Thanh Hùng,do.thanh.hung.13147@gmail.com,Thaco Industries,Kế toán trưởng,fintech,10,0964689173
Ngô Hồng Tuấn,ngo.hong.tuan.13148@gmail.com,Viet Tien Garment,Sales Director,education,500,0938883534
Phan Văn Giang,phan.van.giang.13149@vinmec.vn,Vinmec,Operations Manager,healthcare,25,0351390512
Phạm Quang Hùng,pham.quang.hung.13150@fptsoftware.vn,FPT Software,Procurement Manager,retail,1500,0321626737
Hoàng Minh Mai,hoang.minh.mai.13151@hoaphat.vn,Hoà Phát,CEO,education,500,0324990544
Đặng Ngọc Sơn,dang.ngoc.son.13152@haravan.vn,Haravan,CFO,ecommerce,250,0901738262
Trần Đức Linh,tran.duc.linh.13153@hoaphat.vn,Hoà Phát,Head of Finance,retail,10,0934605178
Trần Thanh Việt,tran.thanh.viet.13154@fptsoftware.vn,FPT Software,CTO,education,120,0978159938
Ngô Hồng Tâm,ngo.hong.tam.13155@tiki.vn,Tiki,Product Manager,retail,250,0707378503
Ngô Hữu Phúc,ngo.huu.phuc.13156@gmail.com,MoMo,Marketing Manager,ecommerce,50,0906246125
Nguyễn Quang Trang,nguyen.quang.trang.13157@duytanplasti.vn,Duy Tan Plastics,Product Manager,education,1500,0916263459
Dương Thanh Tuấn,duong.thanh.tuan.13158@momo.vn,MoMo,Marketing Manager,manufacturing,120,0912407063
Trần Minh Dũng,tran.minh.dung.13159@shopeevietna.vn,Shopee Vietnam,Procurement Manager,manufacturing,25,0357792040
Đặng Thị Tuấn,dang.thi.tuan.13160@thacoindustr.vn,Thaco Industries,Marketing Manager,fintech,120,0903408279
Phan Xuân Tâm,phan.xuan.tam.13161@fptsoftware.vn,FPT Software,Sales Director,fintech,1500,0969040134
Võ Văn Hùng,vo.van.hung.13162@hoaphat.vn,Hoà Phát,CEO,education,10,0916806224
Lê Văn Nam,le.van.nam.13163@vngcorporati.vn,VNG Corporation,Marketing Manager,ecommerce,1500,0323480660
Dương Thị Quân,duong.thi.quan.13164@topcv.vn,TopCV,CEO,ecommerce,10,0971228014
Hồ Xuân Tuấn,ho.xuan.tuan.13165@shopeevietna.vn,Shopee Vietnam,Head of Finance,software,1500,0976121074
Dương Hồng Hà,duong.hong.ha.13166@gmail.com,CenLand,Procurement Manager,retail,120,0326732826
Đặng Ngọc Bình,dang.ngoc.binh.13167@gmail.com,KiotViet,Marketing Manager,retail,10,0353165412
Trần Hữu Dũng,tran.huu.dung.13168@shopeevietna.vn,Shopee Vietnam,CEO,education,120,0964981370
Nguyễn Minh Hùng,nguyen.minh.hung.13169@gmail.com,Hoà Phát,CFO,ecommerce,1500,0908406729
Phạm Quang Hùng,pham.quang.hung.13170@gmail.com,CenLand,CEO,software,25,0355997393
Bùi Hữu Oanh,bui.huu.oanh.13171@gmail.com,Duy Tan Plastics,Sales Director,software,25,0912785148
Nguyễn Đức Dũng,nguyen.duc.dung.13172@gmail.com,Haravan,CFO,education,10,0708275246
Đặng Ngọc Bình,dang.ngoc.binh.13173@gmail.com,Duy Tan Plastics,Kế toán trưởng,logistics,25,0903818815
Lý Hồng Phúc,ly.hong.phuc.13174@pharmacity.vn,Pharmacity,Product Manager,ecommerce,250,0351429965
Võ Minh Nam,vo.minh.nam.13175@gmail.com,Tiki,Product Manager,education,120,0930253762
Lê Thanh Châu,le.thanh.chau.13176@gmail.com,Vinamilk,Head of Finance,fintech,500,0963216194
Dương Văn Mai,duong.van.mai.13177@gmail.com,PNJ,Marketing Manager,fintech,500,0974773561
Phan Thanh Phúc,phan.thanh.phuc.13178@gmail.com,FPT Software,Marketing Manager,software,25,0907482302
Hoàng Minh Giang,hoang.minh.giang.13179@thacoindustr.vn,Thaco Industries,Procurement Manager,education,1500,0964245843
Hoàng Văn Hà,hoang.van.ha.13180@gmail.com,PNJ,Procurement Manager,software,500,0911013768
Nguyễn Xuân Bình,nguyen.xuan.binh.13181@kiotviet.vn,KiotViet,Marketing Manager,manufacturing,10,0976362832
Vũ Hồng Bình,vu.hong.binh.13182@thacoindustr.vn,Thaco Industries,Sales Director,healthcare,120,0709787480
Dương Văn Dũng,duong.van.dung.13183@momo.vn,MoMo,Head of Finance,education,10,0908232934
Lý Xuân An,ly.xuan.an.13184@topcv.vn,TopCV,Head of Finance,software,500,0914199845
Lê Văn Giang,le.van.giang.13185@gmail.com,Haravan,Product Manager,retail,120,0964944193
Phan Hồng Khánh,phan.hong.khanh.13186@thacoindustr.vn,Thaco Industries,Marketing Manager,ecommerce,1500,0936890301
Bùi Quang Nam,bui.quang.nam.13187@vinamilk.vn,Vinamilk,CTO,education,25,0969885916
Đỗ Minh An,do.minh.an.13188@basevn.vn,Base.vn,CFO,software,10,0861007535
Lê Văn Bình,le.van.binh.13189@cenland.vn,CenLand,CTO,manufacturing,10,0935785972
Vũ Văn Châu,vu.van.chau.13190@fptsoftware.vn,FPT Software,CEO,software,500,0978945072
Phan Thanh Trang,phan.thanh.trang.13191@kiotviet.vn,KiotViet,Head of Finance,healthcare,25,0932702615
Ngô Minh Trang,ngo.minh.trang.13192@fptsoftware.vn,FPT Software,Head of Finance,retail,25,0866556340
Đặng Thị Châu,dang.thi.chau.13193@vinmec.vn,Vinmec,Product Manager,fintech,50,0862388101
Hồ Minh Linh,ho.minh.linh.13194@vngcorporati.vn,VNG Corporation,Marketing Manager,ecommerce,50,0962849975
Lý Minh Tuấn,ly.minh.tuan.13195@gmail.com,MoMo,Sales Director,retail,25,0937319495
Đỗ Hữu Châu,do.huu.chau.13196@thecoffeehou.vn,The Coffee House,Product Manager,logistics,500,0907174754
Đặng Văn Nam,dang.van.nam.13197@pharmacity.vn,Pharmacity,Sales Director,ecommerce,50,0977616200
Lê Xuân Hà,le.xuan.ha.13198@gmail.com,Vinmec,Procurement Manager,manufacturing,120,0708030469
Ngô Xuân Tuấn,ngo.xuan.tuan.13199@thecoffeehou.vn,The Coffee House,CFO,healthcare,50,0938638637
Hoàng Hữu Oanh,hoang.huu.oanh.13200@gmail.com,TopCV,Procurement Manager,logistics,120,0978358394
Đặng Thị Tâm,dang.thi.tam.13201@thacoindustr.vn,Thaco Industries,CTO,manufacturing,10,0975317441
Lê Hồng An,le.hong.an.13202@gmail.com,Base.vn,Procurement Manager,retail,25,0350060396
Ngô Văn Trang,ngo.van.trang.13203@gmail.com,TopCV,Sales Director,manufacturing,500,0358687208
Hoàng Văn Phúc,hoang.van.phuc.13204@gmail.com,Gemadept Logistics,Head of Finance,logistics,120,0700906095
Lê Văn Quân,le.van.quan.13205@gmail.com,Tiki,CTO,software,500,0865624310
Ngô Hồng Linh,ngo.hong.linh.13206@tiki.vn,Tiki,Operations Manager,manufacturing,50,0918565536
Trần Thị Sơn,tran.thi.son.13207@thecoffeehou.vn,The Coffee House,Procurement Manager,education,50,0709071153
Hoàng Hồng Châu,hoang.hong.chau.13208@vinamilk.vn,Vinamilk,CEO,education,50,0917687284
Ngô Quang Nam,ngo.quang.nam.13209@gmail.com,FPT Software,Product Manager,manufacturing,500,0869918758
Vũ Hữu Giang,vu.huu.giang.13210@gemadeptlogi.vn,Gemadept Logistics,Marketing Manager,fintech,250,0932076301
Nguyễn Xuân Khánh,nguyen.xuan.khanh.13211@vngcorporati.vn,VNG Corporation,Procurement Manager,logistics,25,0971815582
Hoàng Ngọc Tuấn,hoang.ngoc.tuan.13212@pharmacity.vn,Pharmacity,CEO,healthcare,10,0917116910
Lê Hồng Trang,le.hong.trang.13213@shopeevietna.vn,Shopee Vietnam,Procurement Manager,logistics,10,0324347282
Vũ Hữu An,vu.huu.an.13214@gmail.com,Vinamilk,CTO,manufacturing,10,0979045853
Hoàng Minh Châu,hoang.minh.chau.13215@viettiengarm.vn,Viet Tien Garment,Head of Finance,manufacturing,250,0708819934
Phạm Hữu Linh,pham.huu.linh.13216@shopeevietna.vn,Shopee Vietnam,Sales Director,manufacturing,500,0937702659
Ngô Thanh Oanh,ngo.thanh.oanh.13217@gmail.com,PNJ,CEO,software,500,0358397939
Lý Minh Trang,ly.minh.trang.13218@cenland.vn,CenLand,Operations Manager,software,120,0974542434
Võ Minh Dũng,vo.minh.dung.13219@gmail.com,Viet Tien Garment,Kế toán trưởng,logistics,120,0702468792
Phan Quang Tâm,phan.quang.tam.13220@vinamilk.vn,Vinamilk,Product Manager,fintech,500,0935804591
Đặng Văn Phúc,dang.van.phuc.13221@gmail.com,Gemadept Logistics,CFO,education,250,0350909435
Phạm Quang Sơn,pham.quang.son.13222@thecoffeehou.vn,The Coffee House,Product Manager,ecommerce,1500,0963361942
Võ Hồng Trang,vo.hong.trang.13223@tiki.vn,Tiki,CEO,software,500,0917160974
Lê Đức Mai,le.duc.mai.13224@gmail.com,Thaco Industries,Procurement Manager,manufacturing,25,0351715865
Dương Văn Linh,duong.van.linh.13225@shopeevietna.vn,Shopee Vietnam,CTO,healthcare,50,0930468041
Phan Hữu Tâm,phan.huu.tam.13226@cenland.vn,CenLand,CEO,fintech,250,0355158559
Nguyễn Đức Nam,nguyen.duc.nam.13227@gmail.com,KiotViet,Marketing Manager,manufacturing,10,0902800055
Phạm Đức Tâm,pham.duc.tam.13228@vinamilk.vn,Vinamilk,Product Manager,manufacturing,25,0863630535
Bùi Hữu Dũng,bui.huu.dung.13229@viettiengarm.vn,Viet Tien Garment,Head of Finance,software,1500,0961839744
Dương Hồng Nam,duong.hong.nam.13230@haravan.vn,Haravan,Product Manager,fintech,250,0326873832
Hồ Quang Trang,ho.quang.trang.13231@gmail.com,Tiki,Procurement Manager,logistics,120,0916935282
Hoàng Xuân Dũng,hoang.xuan.dung.13232@topcv.vn,TopCV,Procurement Manager,software,50,0971930194
Vũ Hồng Giang,vu.hong.giang.13233@vinamilk.vn,Vinamilk,CEO,ecommerce,1500,0961013203
Vũ Xuân Hà,vu.xuan.ha.13234@hoaphat.vn,Hoà Phát,CTO,logistics,250,0931265573
Vũ Hữu Sơn,vu.huu.son.13235@gemadeptlogi.vn,Gemadept Logistics,Product Manager,software,50,0936633965
Lý Quang Dũng,ly.quang.dung.13236@thecoffeehou.vn,The Coffee House,Kế toán trưởng,fintech,500,0326045790
Lê Quang Dũng,le.quang.dung.13237@hoaphat.vn,Hoà Phát,CEO,ecommerce,120,0706738106
Phan Hồng Hùng,phan.hong.hung.13238@gmail.com,Shopee Vietnam,Product Manager,software,250,0322597950
Phạm Văn An,pham.van.an.13239@thacoindustr.vn,Thaco Industries,Head of Finance,ecommerce,250,0936433034
Nguyễn Quang Dũng,nguyen.quang.dung.13240@gmail.com,Hoà Phát,CTO,manufacturing,120,0321737288
Võ Văn Dũng,vo.van.dung.13241@vinmec.vn,Vinmec,Kế toán trưởng,software,50,0916151562
Trần Ngọc Sơn,tran.ngoc.son.13242@momo.vn,MoMo,Procurement Manager,education,25,0961274447
Phan Thị Khánh,phan.thi.khanh.13243@tiki.vn,Tiki,Product Manager,retail,50,0353798185
Lý Hồng Hùng,ly.hong.hung.13244@thacoindustr.vn,Thaco Industries,Procurement Manager,education,50,0907486652
Lê Xuân Khánh,le.xuan.khanh.13245@hoaphat.vn,Hoà Phát,Head of Finance,logistics,25,0908629765
Phan Hữu Linh,phan.huu.linh.13246@pharmacity.vn,Pharmacity,Product Manager,healthcare,120,0931568935
Phan Quang Tuấn,phan.quang.tuan.13247@cenland.vn,CenLand,Sales Director,retail,1500,0860111477
Vũ Hữu Tâm,vu.huu.tam.13248@gemadeptlogi.vn,Gemadept Logistics,Procurement Manager,manufacturing,1500,0972024768
Ngô Minh Tuấn,ngo.minh.tuan.13249@gmail.com,VNG Corporation,Marketing Manager,manufacturing,1500,0973089659
Lý Ngọc Quân,ly.ngoc.quan.13250@gmail.com,Shopee Vietnam,Marketing Manager,manufacturing,10,0964507061
Lý Hồng Hà,ly.hong.ha.13251@vinamilk.vn,Vinamilk,CTO,manufacturing,50,0934070114
Trần Xuân Sơn,tran.xuan.son.13252@shopeevietna.vn,Shopee Vietnam,Product Manager,education,500,0350315888
Đỗ Quang Mai,do.quang.mai.13253@pharmacity.vn,Pharmacity,Sales Director,fintech,250,0975156093
Vũ Hữu Trang,vu.huu.trang.13254@vinamilk.vn,Vinamilk,Head of Finance,healthcare,10,0326208341
Hồ Văn Tuấn,ho.van.tuan.13255@vinmec.vn,Vinmec,Sales Director,manufacturing,10,0968909910
Lý Hữu Bình,ly.huu.binh.13256@viettiengarm.vn,Viet Tien Garment,CTO,healthcare,50,0965818393
Phan Minh Việt,phan.minh.viet.13257@gmail.com,Gemadept Logistics,Sales Director,education,1500,0919254640
Nguyễn Đức Dũng,nguyen.duc.dung.13258@gmail.com,Shopee Vietnam,Kế toán trưởng,retail,50,0864957445
Lý Thị Linh,ly.thi.linh.13259@thacoindustr.vn,Thaco Industries,Procurement Manager,software,50,0353042139
Lý Thị Trang,ly.thi.trang.13260@thecoffeehou.vn,The Coffee House,Sales Director,manufacturing,250,0862839774
Lê Thị Tuấn,le.thi.tuan.13261@gmail.com,Shopee Vietnam,CFO,software,25,0964167187
Phạm Minh Oanh,pham.minh.oanh.13262@pnj.vn,PNJ,CFO,ecommerce,500,0978230626
Ngô Thị Trang,ngo.thi.trang.13263@duytanplasti.vn,Duy Tan Plastics,Operations Manager,ecommerce,1500,0865475755
Ngô Ngọc Giang,ngo.ngoc.giang.13264@gmail.com,Gemadept Logistics,Head of Finance,software,120,0919534892
Đặng Thị An,dang.thi.an.13265@thacoindustr.vn,Thaco Industries,Operations Manager,manufacturing,250,0324464888
Ngô Hồng An,ngo.hong.an.13266@hoaphat.vn,Hoà Phát,CEO,healthcare,1500,0702452791
Đặng Ngọc An,dang.ngoc.an.13267@haravan.vn,Haravan,Kế toán trưởng,retail,1500,0327074346
Hoàng Hồng Tâm,hoang.hong.tam.13268@cenland.vn,CenLand,Sales Director,ecommerce,25,0863605716
Phan Ngọc Sơn,phan.ngoc.son.13269@gmail.com,KiotViet,Product Manager,healthcare,1500,0323601800
Ngô Minh Bình,ngo.minh.binh.13270@gmail.com,The Coffee House,CEO,ecommerce,25,0971293473
Phan Xuân Mai,phan.xuan.mai.13271@basevn.vn,Base.vn,Kế toán trưởng,software,25,0906953100
Phan Hồng Mai,phan.hong.mai.13272@topcv.vn,TopCV,Sales Director,software,25,0933853204
Vũ Ngọc Châu,vu.ngoc.chau.13273@topcv.vn,TopCV,Operations Manager,ecommerce,120,0321971882
Nguyễn Văn Linh,nguyen.van.linh.13274@gmail.com,Thaco Industries,Kế toán trưởng,manufacturing,25,0864882224
Võ Hữu Oanh,vo.huu.oanh.13275@cenland.vn,CenLand,CEO,ecommerce,500,0704554387
Phan Hồng Giang,phan.hong.giang.13276@gmail.com,The Coffee House,Head of Finance,fintech,1500,0969329526
Bùi Hồng Oanh,bui.hong.oanh.13277@gmail.com,CenLand,Procurement Manager,logistics,1500,0911943946
Lý Đức Mai,ly.duc.mai.13278@viettiengarm.vn,Viet Tien Garment,Sales Director,education,10,0702064575
Bùi Ngọc Việt,bui.ngoc.viet.13279@pnj.vn,PNJ,CTO,retail,50,0352658293
Trần Thanh Nam,tran.thanh.nam.13280@vinamilk.vn,Vinamilk,Product Manager,fintech,25,0869415576
Hồ Quang Tuấn,ho.quang.tuan.13281@vngcorporati.vn,VNG Corporation,Marketing Manager,software,500,0969003415
Hoàng Đức Hùng,hoang.duc.hung.13282@gmail.com,The Coffee House,Kế toán trưởng,software,250,0963433466
Hoàng Văn Trang,hoang.van.trang.13283@pharmacity.vn,Pharmacity,Head of Finance,ecommerce,25,0910214914
Võ Văn Tâm,vo.van.tam.13284@gmail.com,Shopee Vietnam,Head of Finance,ecommerce,120,0901993320
Nguyễn Hồng Dũng,nguyen.hong.dung.13285@vngcorporati.vn,VNG Corporation,CFO,healthcare,25,0326435670
Phạm Hữu Linh,pham.huu.linh.13286@pnj.vn,PNJ,Sales Director,ecommerce,10,0914780853
Nguyễn Xuân Linh,nguyen.xuan.linh.13287@gemadeptlogi.vn,Gemadept Logistics,Product Manager,fintech,250,0357222277
Đỗ Hữu Tâm,do.huu.tam.13288@shopeevietna.vn,Shopee Vietnam,Product Manager,ecommerce,120,0966621576
Hồ Thị Quân,ho.thi.quan.13289@viettiengarm.vn,Viet Tien Garment,CEO,ecommerce,120,0962586709
Vũ Quang Việt,vu.quang.viet.13290@basevn.vn,Base.vn,CTO,retail,120,0919111445
Dương Đức Châu,duong.duc.chau.13291@hoaphat.vn,Hoà Phát,Procurement Manager,education,120,0971123079
Lý Thanh Tâm,ly.thanh.tam.13292@basevn.vn,Base.vn,CFO,ecommerce,250,0867194424
Trần Thanh Châu,tran.thanh.chau.13293@gemadeptlogi.vn,Gemadept Logistics,Marketing Manager,fintech,50,0907301816
Võ Hữu Lan,vo.huu.lan.13294@tiki.vn,Tiki,Head of Finance,software,10,0320746944
Đặng Thị Bình,dang.thi.binh.13295@thecoffeehou.vn,The Coffee House,Head of Finance,fintech,120,0962878983
Vũ Đức Hùng,vu.duc.hung.13296@basevn.vn,Base.vn,CTO,education,120,0909973356
Đặng Đức Bình,dang.duc.binh.13297@kiotviet.vn,KiotViet,Product Manager,healthcare,10,0916555621
Ngô Hồng Dũng,ngo.hong.dung.13298@vinamilk.vn,Vinamilk,CTO,education,10,0930988709
Bùi Văn Dũng,bui.van.dung.13299@gmail.com,Pharmacity,Kế toán trưởng,logistics,1500,0917391173
Dương Hữu Phúc,duong.huu.phuc.13300@kiotviet.vn,KiotViet,Procurement Manager,logistics,1500,0939946674
Ngô Hữu Oanh,ngo.huu.oanh.13301@duytanplasti.vn,Duy Tan Plastics,Procurement Manager,ecommerce,10,0961872505
Ngô Thanh Oanh,ngo.thanh.oanh.13302@momo.vn,MoMo,Operations Manager,ecommerce,10,0966824643
Đặng Đức Lan,dang.duc.lan.13303@vngcorporati.vn,VNG Corporation,Kế toán trưởng,manufacturing,250,0978910254
Hoàng Ngọc Hà,hoang.ngoc.ha.13304@basevn.vn,Base.vn,CEO,logistics,500,0915618611
Hoàng Thanh Mai,hoang.thanh.mai.13305@thecoffeehou.vn,The Coffee House,Marketing Manager,education,1500,0906802641
Phan Quang Tâm,phan.quang.tam.13306@basevn.vn,Base.vn,Marketing Manager,retail,250,0904715564
Võ Hồng Sơn,vo.hong.son.13307@thecoffeehou.vn,The Coffee House,Marketing Manager,logistics,1500,0861825926
Võ Thanh Giang,vo.thanh.giang.13308@gmail.com,Pharmacity,CFO,healthcare,50,0908589894
Phạm Thanh Hùng,pham.thanh.hung.13309@gmail.com,Tiki,CTO,ecommerce,500,0970586350
Bùi Hữu Nam,bui.huu.nam.13310@fptsoftware.vn,FPT Software,CFO,software,120,0969342483
Lý Ngọc Trang,ly.ngoc.trang.13311@topcv.vn,TopCV,CFO,software,500,0939461189
Phan Thanh Khánh,phan.thanh.khanh.13312@pharmacity.vn,Pharmacity,CFO,fintech,50,0325263340
Võ Đức Dũng,vo.duc.dung.13313@viettiengarm.vn,Viet Tien Garment,Operations Manager,retail,1500,0969804259
Lê Thị Linh,le.thi.linh.13314@pharmacity.vn,Pharmacity,Procurement Manager,ecommerce,1500,0704288021
Lý Thanh Khánh,ly.thanh.khanh.13315@thacoindustr.vn,Thaco Industries,Operations Manager,software,25,0936098152
Bùi Ngọc Châu,bui.ngoc.chau.13316@cenland.vn,CenLand,CEO,healthcare,120,0325922625
Hồ Quang An,ho.quang.an.13317@gmail.com,Vinmec,CTO,manufacturing,1500,0902494052
Hoàng Văn Châu,hoang.van.chau.13318@hoaphat.vn,Hoà Phát,Sales Director,education,500,0977953053
Đỗ Thị Tâm,do.thi.tam.13319@shopeevietna.vn,Shopee Vietnam,Product Manager,fintech,25,0960215889
Lý Hồng Hà,ly.hong.ha.13320@kiotviet.vn,KiotViet,Sales Director,fintech,120,0902314458
Phan Thanh Lan,phan.thanh.lan.13321@topcv.vn,TopCV,CTO,fintech,500,0967849334
Ngô Đức Giang,ngo.duc.giang.13322@tiki.vn,Tiki,CEO,healthcare,1500,0860076493
Nguyễn Hồng Hùng,nguyen.hong.hung.13323@gmail.com,VNG Corporation,Kế toán trưởng,retail,250,0351108439
Đỗ Đức Hùng,do.duc.hung.13324@vngcorporati.vn,VNG Corporation,Procurement Manager,retail,25,0960989395
Dương Hồng Sơn,duong.hong.son.13325@thacoindustr.vn,Thaco Industries,Head of Finance,retail,120,0359724085
Ngô Thanh Tâm,ngo.thanh.tam.13326@momo.vn,MoMo,CTO,logistics,500,0965847727
Dương Thị Việt,duong.thi.viet.13327@hoaphat.vn,Hoà Phát,Kế toán trưởng,education,50,0935788004
Nguyễn Quang Khánh,nguyen.quang.khanh.13328@gmail.com,KiotViet,CFO,fintech,1500,0962406616
Trần Thanh Linh,tran.thanh.linh.13329@gmail.com,KiotViet,Sales Director,software,500,0912306933
Dương Thanh Bình,duong.thanh.binh.13330@vinmec.vn,Vinmec,Procurement Manager,education,25,0902846941
Bùi Thị Tuấn,bui.thi.tuan.13331@gmail.com,VNG Corporation,Kế toán trưởng,retail,50,0868856413
Vũ Hữu Châu,vu.huu.chau.13332@vinamilk.vn,Vinamilk,Head of Finance,ecommerce,250,0932041217
Bùi Minh Phúc,bui.minh.phuc.13333@hoaphat.vn,Hoà Phát,Head of Finance,ecommerce,10,0354734550
Trần Minh Hà,tran.minh.ha.13334@hoaphat.vn,Hoà Phát,Kế toán trưởng,fintech,50,0960889270
Vũ Quang Quân,vu.quang.quan.13335@shopeevietna.vn,Shopee Vietnam,Kế toán trưởng,fintech,50,0354620951
Võ Văn Hà,vo.van.ha.13336@kiotviet.vn,KiotViet,Product Manager,healthcare,1500,0960140722
Ngô Quang Tâm,ngo.quang.tam.13337@gmail.com,KiotViet,Sales Director,fintech,50,0354643959
Bùi Văn Việt,bui.van.viet.13338@gemadeptlogi.vn,Gemadept Logistics,Sales Director,retail,120,0901400506
Võ Hữu Khánh,vo.huu.khanh.13339@hoaphat.vn,Hoà Phát,CTO,ecommerce,10,0917965776
Lê Ngọc Hà,le.ngoc.ha.13340@gemadeptlogi.vn,Gemadept Logistics,Sales Director,fintech,25,0326905992
Phạm Văn Tuấn,pham.van.tuan.13341@gmail.com,Vinamilk,Head of Finance,fintech,120,0869395032
Phạm Quang Quân,pham.quang.quan.13342@basevn.vn,Base.vn,CTO,manufacturing,1500,0327245959
Bùi Minh Sơn,bui.minh.son.13343@vinmec.vn,Vinmec,Product Manager,software,1500,0321023720
Phạm Minh Hà,pham.minh.ha.13344@vinamilk.vn,Vinamilk,CFO,manufacturing,10,0933174315
Lý Hữu Trang,ly.huu.trang.13345@basevn.vn,Base.vn,Operations Manager,ecommerce,500,0914733353
Dương Đức Phúc,duong.duc.phuc.13346@gmail.com,Vinamilk,Product Manager,logistics,120,0963665723
Hồ Xuân Oanh,ho.xuan.oanh.13347@gmail.com,Gemadept Logistics,Sales Director,software,10,0905439638
Hồ Thanh Phúc,ho.thanh.phuc.13348@vngcorporati.vn,VNG Corporation,Kế toán trưởng,fintech,120,0930083708
Lý Thanh Sơn,ly.thanh.son.13349@hoaphat.vn,Hoà Phát,Procurement Manager,manufacturing,120,0907103900
Đặng Thị Tuấn,dang.thi.tuan.13350@kiotviet.vn,KiotViet,Marketing Manager,software,120,0321170844
Hồ Thị Linh,ho.thi.linh.13351@gmail.com,Vinmec,Head of Finance,healthcare,1500,0917064801
Bùi Đức Quân,bui.duc.quan.13352@gmail.com,Tiki,Kế toán trưởng,retail,120,0860024846
Phan Xuân Châu,phan.xuan.chau.13353@duytanplasti.vn,Duy Tan Plastics,CEO,healthcare,50,0703510542
Ngô Hồng Linh,ngo.hong.linh.13354@vinmec.vn,Vinmec,Operations Manager,retail,25,0707248371
Võ Xuân Khánh,vo.xuan.khanh.13355@tiki.vn,Tiki,CTO,retail,250,0862442968
Phan Ngọc Sơn,phan.ngoc.son.13356@viettiengarm.vn,Viet Tien Garment,Marketing Manager,software,250,0939956418
Đỗ Đức Dũng,do.duc.dung.13357@thacoindustr.vn,Thaco Industries,Product Manager,logistics,10,0701705518
Nguyễn Hữu Sơn,nguyen.huu.son.13358@viettiengarm.vn,Viet Tien Garment,Sales Director,logistics,50,0964074855
Dương Xuân Phúc,duong.xuan.phuc.13359@shopeevietna.vn,Shopee Vietnam,Operations Manager,fintech,1500,0960305787
Phạm Ngọc Hùng,pham.ngoc.hung.13360@fptsoftware.vn,FPT Software,Marketing Manager,ecommerce,500,0324807480
Đỗ Văn Linh,do.van.linh.13361@momo.vn,MoMo,CFO,education,120,0324504749
Hồ Hữu Bình,ho.huu.binh.13362@topcv.vn,TopCV,CTO,healthcare,25,0323567672
Hồ Ngọc Sơn,ho.ngoc.son.13363@vinamilk.vn,Vinamilk,Procurement Manager,manufacturing,25,0352618014
Trần Hồng Hùng,tran.hong.hung.13364@pnj.vn,PNJ,Operations Manager,ecommerce,10,0914393196
Dương Thị Mai,duong.thi.mai.13365@viettiengarm.vn,Viet Tien Garment,Head of Finance,healthcare,120,0704405488
Ngô Thị Nam,ngo.thi.nam.13366@momo.vn,MoMo,CTO,manufacturing,50,0702273661
Hồ Thị Nam,ho.thi.nam.13367@haravan.vn,Haravan,Sales Director,software,10,0973475913
Trần Minh Nam,tran.minh.nam.13368@vinmec.vn,Vinmec,Operations Manager,fintech,50,0867122308
Võ Hữu Dũng,vo.huu.dung.13369@gemadeptlogi.vn,Gemadept Logistics,Marketing Manager,logistics,10,0908102589
Đỗ Minh Oanh,do.minh.oanh.13370@gmail.com,Base.vn,Procurement Manager,manufacturing,250,0908532651
Lê Hữu Linh,le.huu.linh.13371@pharmacity.vn,Pharmacity,CTO,ecommerce,250,0321160632
Hồ Hồng Hùng,ho.hong.hung.13372@thecoffeehou.vn,The Coffee House,Kế toán trưởng,software,250,0978683184
Ngô Thanh Mai,ngo.thanh.mai.13373@tiki.vn,Tiki,CFO,logistics,25,0355032904
Hồ Đức Hùng,ho.duc.hung.13374@vinmec.vn,Vinmec,Sales Director,ecommerce,1500,0933771549
Nguyễn Quang Tuấn,nguyen.quang.tuan.13375@gmail.com,KiotViet,Kế toán trưởng,healthcare,10,0322981997
Vũ Hữu Châu,vu.huu.chau.13376@fptsoftware.vn,FPT Software,Product Manager,software,50,0934051968
Lê Hữu Tâm,le.huu.tam.13377@gmail.com,Duy Tan Plastics,Kế toán trưởng,healthcare,25,0976120698
Lê Hữu Oanh,le.huu.oanh.13378@thecoffeehou.vn,The Coffee House,Marketing Manager,ecommerce,1500,0967052588
Đỗ Minh Khánh,do.minh.khanh.13379@gemadeptlogi.vn,Gemadept Logistics,CTO,software,250,0970554488
Dương Quang Nam,duong.quang.nam.13380@thecoffeehou.vn,The Coffee House,Sales Director,fintech,500,0355831153
Đặng Thị Oanh,dang.thi.oanh.13381@gemadeptlogi.vn,Gemadept Logistics,CTO,manufacturing,120,0327874973
Phan Xuân Trang,phan.xuan.trang.13382@basevn.vn,Base.vn,Head of Finance,logistics,250,0326848715
Đỗ Minh Trang,do.minh.trang.13383@vinmec.vn,Vinmec,Marketing Manager,fintech,1500,0355743981
Hoàng Văn Trang,hoang.van.trang.13384@basevn.vn,Base.vn,Procurement Manager,logistics,250,0703382320
Hoàng Hồng Tuấn,hoang.hong.tuan.13385@cenland.vn,CenLand,Marketing Manager,logistics,50,0320555805
Vũ Xuân Oanh,vu.xuan.oanh.13386@duytanplasti.vn,Duy Tan Plastics,Procurement Manager,manufacturing,120,0913146120
Hồ Thanh Châu,ho.thanh.chau.13387@gemadeptlogi.vn,Gemadept Logistics,CEO,logistics,50,0327152708
Bùi Minh Bình,bui.minh.binh.13388@haravan.vn,Haravan,Procurement Manager,retail,25,0936373239
Lê Minh Dũng,le.minh.dung.13389@gmail.com,The Coffee House,Operations Manager,software,1500,0329402334
Trần Văn Linh,tran.van.linh.13390@gmail.com,PNJ,Head of Finance,education,250,0323404943
Trần Minh Tuấn,tran.minh.tuan.13391@viettiengarm.vn,Viet Tien Garment,Marketing Manager,ecommerce,1500,0322397521
Phạm Minh Oanh,pham.minh.oanh.13392@topcv.vn,TopCV,CTO,logistics,10,0353628190
Vũ Thị An,vu.thi.an.13393@fptsoftware.vn,FPT Software,Procurement Manager,fintech,120,0706314381
Hoàng Hữu Bình,hoang.huu.binh.13394@basevn.vn,Base.vn,Procurement Manager,logistics,250,0939174115
Ngô Văn Lan,ngo.van.lan.13395@vinmec.vn,Vinmec,Head of Finance,fintech,500,0974838967
Dương Minh Hà,duong.minh.ha.13396@vinamilk.vn,Vinamilk,Marketing Manager,healthcare,10,0969491164
Dương Xuân Khánh,duong.xuan.khanh.13397@gemadeptlogi.vn,Gemadept Logistics,Marketing Manager,fintech,1500,0900711034
Hoàng Hồng Dũng,hoang.hong.dung.13398@gmail.com,Haravan,CTO,education,25,0868370645
Phan Quang Phúc,phan.quang.phuc.13399@cenland.vn,CenLand,CTO,retail,10,0704911838
Đặng Ngọc Phúc,dang.ngoc.phuc.13400@vinmec.vn,Vinmec,Marketing Manager,software,120,0963574579
Dương Ngọc Khánh,duong.ngoc.khanh.13401@gemadeptlogi.vn,Gemadept Logistics,CTO,retail,1500,0913809474
Dương Quang Trang,duong.quang.trang.13402@pnj.vn,PNJ,Product Manager,software,50,0967491500
Đỗ Thị Hà,do.thi.ha.13403@haravan.vn,Haravan,Head of Finance,manufacturing,500,0963342566
Đặng Đức Hùng,dang.duc.hung.13404@basevn.vn,Base.vn,Marketing Manager,retail,120,0862928864
Trần Hồng Dũng,tran.hong.dung.13405@gmail.com,The Coffee House,Sales Director,education,120,0906205383
Đặng Đức Bình,dang.duc.binh.13406@gmail.com,Base.vn,Operations Manager,ecommerce,1500,0931739045
Hồ Hữu Linh,ho.huu.linh.13407@vinamilk.vn,Vinamilk,Sales Director,retail,50,0938194192
Hồ Quang Khánh,ho.quang.khanh.13408@thacoindustr.vn,Thaco Industries,Procurement Manager,retail,10,0963726869
Đỗ Xuân Hùng,do.xuan.hung.13409@gmail.com,Viet Tien Garment,Sales Director,fintech,250,0703963278
Đặng Ngọc Châu,dang.ngoc.chau.13410@vinmec.vn,Vinmec,Procurement Manager,manufacturing,120,0354970575
Lý Đức Việt,ly.duc.viet.13411@kiotviet.vn,KiotViet,Kế toán trưởng,manufacturing,10,0971718394
Đặng Hồng Nam,dang.hong.nam.13412@gmail.com,TopCV,Marketing Manager,ecommerce,10,0864819866
Ngô Minh Bình,ngo.minh.binh.13413@shopeevietna.vn,Shopee Vietnam,Operations Manager,logistics,120,0863721051
Trần Minh Mai,tran.minh.mai.13414@gmail.com,The Coffee House,Operations Manager,ecommerce,25,0960502838
Nguyễn Hồng Oanh,nguyen.hong.oanh.13415@shopeevietna.vn,Shopee Vietnam,Procurement Manager,software,10,0320913301
Phan Xuân Nam,phan.xuan.nam.13416@kiotviet.vn,KiotViet,CFO,software,1500,0970741995
Nguyễn Hồng Việt,nguyen.hong.viet.13417@gmail.com,MoMo,Sales Director,ecommerce,50,0969317638
Phạm Hồng Tâm,pham.hong.tam.13418@vinamilk.vn,Vinamilk,CFO,education,500,0966746025
Đặng Ngọc Dũng,dang.ngoc.dung.13419@gmail.com,Viet Tien Garment,CTO,ecommerce,1500,0356226106
Phạm Văn Châu,pham.van.chau.13420@viettiengarm.vn,Viet Tien Garment,CFO,retail,50,0705809577
Phan Hữu Sơn,phan.huu.son.13421@topcv.vn,TopCV,CTO,fintech,25,0979649480
Phan Hữu Quân,phan.huu.quan.13422@gmail.com,Duy Tan Plastics,Sales Director,software,1500,0919603620
Vũ Thị Hùng,vu.thi.hung.13423@gmail.com,Gemadept Logistics,CEO,retail,25,0907818171
Phan Minh Việt,phan.minh.viet.13424@gmail.com,Base.vn,Procurement Manager,retail,250,0910533303
Nguyễn Đức Bình,nguyen.duc.binh.13425@fptsoftware.vn,FPT Software,Procurement Manager,software,10,0930124602
Ngô Xuân Việt,ngo.xuan.viet.13426@thecoffeehou.vn,The Coffee House,Kế toán trưởng,retail,50,0350057181
Hoàng Hữu Sơn,hoang.huu.son.13427@topcv.vn,TopCV,CFO,retail,25,0977886782
Đỗ Minh Hùng,do.minh.hung.13428@gmail.com,Vinmec,CEO,retail,25,0961856474
Bùi Hồng Quân,bui.hong.quan.13429@fptsoftware.vn,FPT Software,CFO,education,1500,0975562166
Bùi Hữu Quân,bui.huu.quan.13430@gemadeptlogi.vn,Gemadept Logistics,Kế toán trưởng,ecommerce,1500,0327773114
Bùi Xuân Lan,bui.xuan.lan.13431@gmail.com,The Coffee House,CFO,retail,1500,0903822509
Hoàng Hữu Sơn,hoang.huu.son.13432@gmail.com,Base.vn,CFO,ecommerce,50,0964371306
Võ Thanh Nam,vo.thanh.nam.13433@gmail.com,PNJ,Product Manager,logistics,120,0916555188
Hoàng Đức Giang,hoang.duc.giang.13434@momo.vn,MoMo,Procurement Manager,ecommerce,25,0938739790
Hồ Xuân Trang,ho.xuan.trang.13435@duytanplasti.vn,Duy Tan Plastics,CTO,fintech,25,0708057828
Đặng Xuân Lan,dang.xuan.lan.13436@viettiengarm.vn,Viet Tien Garment,Head of Finance,retail,50,0867961332
Bùi Xuân Nam,bui.xuan.nam.13437@gmail.com,Vinmec,CEO,ecommerce,1500,0934162009
Dương Đức Phúc,duong.duc.phuc.13438@gmail.com,FPT Software,Procurement Manager,ecommerce,25,0327055285
Phạm Thị Dũng,pham.thi.dung.13439@tiki.vn,Tiki,Sales Director,software,25,0911853259
Nguyễn Đức Lan,nguyen.duc.lan.13440@gmail.com,The Coffee House,Kế toán trưởng,manufacturing,120,0968150370
Võ Hồng Giang,vo.hong.giang.13441@gmail.com,The Coffee House,Product Manager,manufacturing,250,0915808850
Phan Ngọc Quân,phan.ngoc.quan.13442@kiotviet.vn,KiotViet,CTO,education,120,0864029862
Đỗ Xuân Giang,do.xuan.giang.13443@momo.vn,MoMo,CTO,logistics,250,0965748450
Lý Hữu Sơn,ly.huu.son.13444@shopeevietna.vn,Shopee Vietnam,Marketing Manager,logistics,250,0963988434
Lê Thị Trang,le.thi.trang.13445@thecoffeehou.vn,The Coffee House,Sales Director,ecommerce,500,0972569570
Đặng Đức Trang,dang.duc.trang.13446@pnj.vn,PNJ,CFO,ecommerce,25,0964694168
Lê Hồng Giang,le.hong.giang.13447@topcv.vn,TopCV,CTO,logistics,120,0709570005
Phạm Thị Oanh,pham.thi.oanh.13448@gmail.com,FPT Software,Product Manager,manufacturing,1500,0327265032
Đặng Quang Châu,dang.quang.chau.13449@cenland.vn,CenLand,CFO,ecommerce,120,0978172179
Đỗ Minh Linh,do.minh.linh.13450@gemadeptlogi.vn,Gemadept Logistics,Procurement Manager,software,10,0704465030
Dương Văn Phúc,duong.van.phuc.13451@gmail.com,Base.vn,CFO,education,25,0919344236
Lý Ngọc Sơn,ly.ngoc.son.13452@momo.vn,MoMo,CTO,retail,250,0324491795
Hoàng Quang Giang,hoang.quang.giang.13453@gmail.com,Vinmec,CFO,education,500,0935772105
Lý Hồng Hà,ly.hong.ha.13454@gmail.com,Haravan,Sales Director,healthcare,50,0327519443
Đỗ Xuân Mai,do.xuan.mai.13455@viettiengarm.vn,Viet Tien Garment,Product Manager,logistics,250,0905146672
Đặng Xuân Châu,dang.xuan.chau.13456@gmail.com,FPT Software,Operations Manager,healthcare,500,0708665824
Phan Ngọc Mai,phan.ngoc.mai.13457@kiotviet.vn,KiotViet,CEO,fintech,10,0930410203
Hoàng Xuân Nam,hoang.xuan.nam.13458@basevn.vn,Base.vn,Product Manager,software,250,0908648972
Đặng Xuân Hà,dang.xuan.ha.13459@vinamilk.vn,Vinamilk,Marketing Manager,manufacturing,50,0911821661
Ngô Thị Tuấn,ngo.thi.tuan.13460@haravan.vn,Haravan,Product Manager,manufacturing,1500,0324019967
Vũ Hồng Tuấn,vu.hong.tuan.13461@gmail.com,Base.vn,Head of Finance,fintech,120,0708890273
Đặng Văn Mai,dang.van.mai.13462@gmail.com,CenLand,Operations Manager,healthcare,50,0968183781
Lê Thanh An,le.thanh.an.13463@haravan.vn,Haravan,Sales Director,healthcare,10,0905033585
Hồ Thanh Lan,ho.thanh.lan.13464@gmail.com,VNG Corporation,CFO,software,250,0902705983
Võ Xuân An,vo.xuan.an.13465@gmail.com,Vinamilk,Operations Manager,manufacturing,120,0329599773
Võ Hữu Dũng,vo.huu.dung.13466@thecoffeehou.vn,The Coffee House,CFO,software,120,0328283725
Hoàng Thanh Khánh,hoang.thanh.khanh.13467@gmail.com,Vinmec,CEO,ecommerce,250,0320631775
Phạm Hồng Quân,pham.hong.quan.13468@pnj.vn,PNJ,CTO,manufacturing,10,0917843979
Nguyễn Quang Tâm,nguyen.quang.tam.13469@pnj.vn,PNJ,Kế toán trưởng,fintech,250,0900183879
Lê Thị Châu,le.thi.chau.13470@viettiengarm.vn,Viet Tien Garment,CTO,logistics,25,0917927188
Lý Hữu Sơn,ly.huu.son.13471@vngcorporati.vn,VNG Corporation,CFO,manufacturing,500,0933280455
Bùi Minh Oanh,bui.minh.oanh.13472@tiki.vn,Tiki,CFO,fintech,50,0700740588
Vũ Ngọc Giang,vu.ngoc.giang.13473@gmail.com,The Coffee House,Marketing Manager,healthcare,25,0905682874
Đỗ Đức Lan,do.duc.lan.13474@topcv.vn,TopCV,Head of Finance,logistics,500,0905410994
Ngô Văn Hà,ngo.van.ha.13475@hoaphat.vn,Hoà Phát,Sales Director,ecommerce,10,0327974943
Phạm Hữu Dũng,pham.huu.dung.13476@gmail.com,Gemadept Logistics,Head of Finance,logistics,25,0902183049
Đỗ Xuân Hùng,do.xuan.hung.13477@pharmacity.vn,Pharmacity,Operations Manager,fintech,250,0860767635
Vũ Hữu Lan,vu.huu.lan.13478@thecoffeehou.vn,The Coffee House,CTO,logistics,10,0977869988
Đặng Văn Sơn,dang.van.son.13479@momo.vn,MoMo,Kế toán trưởng,education,10,0916538919
Hồ Thanh Trang,ho.thanh.trang.13480@hoaphat.vn,Hoà Phát,Sales Director,education,120,0961203521
Hồ Xuân Dũng,ho.xuan.dung.13481@gmail.com,Hoà Phát,Kế toán trưởng,manufacturing,250,0967135315
Võ Hữu Sơn,vo.huu.son.13482@tiki.vn,Tiki,Sales Director,logistics,25,0907208213
Phan Đức Phúc,phan.duc.phuc.13483@gmail.com,Pharmacity,CFO,logistics,120,0968534929
Bùi Ngọc Linh,bui.ngoc.linh.13484@duytanplasti.vn,Duy Tan Plastics,Head of Finance,logistics,500,0868701253
Dương Hồng Trang,duong.hong.trang.13485@gemadeptlogi.vn,Gemadept Logistics,Product Manager,manufacturing,25,0973180751
Ngô Quang Hà,ngo.quang.ha.13486@gmail.com,Base.vn,CFO,software,500,0903288245
Bùi Xuân Oanh,bui.xuan.oanh.13487@hoaphat.vn,Hoà Phát,Marketing Manager,manufacturing,250,0703566155
Trần Ngọc Tuấn,tran.ngoc.tuan.13488@tiki.vn,Tiki,Product Manager,software,1500,0909127056
Ngô Đức Lan,ngo.duc.lan.13489@cenland.vn,CenLand,CFO,logistics,1500,0961166960
Đỗ Xuân Bình,do.xuan.binh.13490@tiki.vn,Tiki,Marketing Manager,retail,250,0911662424
Vũ Đức Hà,vu.duc.ha.13491@gmail.com,Haravan,Product Manager,ecommerce,120,0704601471
Đỗ Hồng Hà,do.hong.ha.13492@gmail.com,Gemadept Logistics,Head of Finance,education,25,0935338083
Dương Văn Tuấn,duong.van.tuan.13493@shopeevietna.vn,Shopee Vietnam,Head of Finance,logistics,500,0907364071
Hoàng Ngọc Oanh,hoang.ngoc.oanh.13494@gmail.com,CenLand,Product Manager,education,25,0705781758
Trần Quang Hùng,tran.quang.hung.13495@gemadeptlogi.vn,Gemadept Logistics,CEO,fintech,1500,0323900386
Lý Thanh Nam,ly.thanh.nam.13496@gmail.com,Viet Tien Garment,Operations Manager,healthcare,500,0975206258
Đặng Đức Hà,dang.duc.ha.13497@tiki.vn,Tiki,Sales Director,ecommerce,500,0869913706
Vũ Quang Lan,vu.quang.lan.13498@pnj.vn,PNJ,CFO,healthcare,50,0328565387
Trần Xuân Lan,tran.xuan.lan.13499@vngcorporati.vn,VNG Corporation,Procurement Manager,healthcare,120,0917696686
Lê Minh Dũng,le.minh.dung.13500@gmail.com,Duy Tan Plastics,Sales Director,education,10,0970888876
Dương Ngọc Lan,duong.ngoc.lan.13501@hoaphat.vn,Hoà Phát,Operations Manager,ecommerce,500,0976560361
Đặng Hữu Nam,dang.huu.nam.13502@duytanplasti.vn,Duy Tan Plastics,CTO,logistics,120,0904140871
Nguyễn Đức Mai,nguyen.duc.mai.13503@haravan.vn,Haravan,Product Manager,fintech,120,0358764315
Đặng Xuân Hùng,dang.xuan.hung.13504@gmail.com,Thaco Industries,Sales Director,retail,10,0359388972
Dương Hồng Linh,duong.hong.linh.13505@gmail.com,Base.vn,CFO,fintech,1500,0326344906
Bùi Hồng Mai,bui.hong.mai.13506@vngcorporati.vn,VNG Corporation,CFO,fintech,1500,0964399381
Đỗ Quang Châu,do.quang.chau.13507@cenland.vn,CenLand,Operations Manager,software,500,0358098434
Phạm Xuân Mai,pham.xuan.mai.13508@pnj.vn,PNJ,Marketing Manager,healthcare,500,0861831355
Bùi Xuân Phúc,bui.xuan.phuc.13509@pnj.vn,PNJ,CTO,retail,250,0975907878
Đỗ Đức Linh,do.duc.linh.13510@gmail.com,Hoà Phát,Procurement Manager,fintech,25,0938966811
Phan Minh Hùng,phan.minh.hung.13511@vinamilk.vn,Vinamilk,Sales Director,software,1500,0704533966
Đặng Hồng Sơn,dang.hong.son.13512@haravan.vn,Haravan,Sales Director,software,500,0704017238
Võ Minh Nam,vo.minh.nam.13513@gmail.com,KiotViet,Operations Manager,fintech,50,0916153700
Hồ Ngọc Phúc,ho.ngoc.phuc.13514@cenland.vn,CenLand,Operations Manager,fintech,120,0868043366
Bùi Ngọc An,bui.ngoc.an.13515@gmail.com,FPT Software,CTO,retail,1500,0326485559
Trần Minh Oanh,tran.minh.oanh.13516@gemadeptlogi.vn,Gemadept Logistics,CTO,healthcare,120,0971185611
Trần Minh Bình,tran.minh.binh.13517@hoaphat.vn,Hoà Phát,Kế toán trưởng,retail,1500,0931461148
Trần Xuân Giang,tran.xuan.giang.13518@thecoffeehou.vn,The Coffee House,Marketing Manager,fintech,500,0359740831
Trần Thanh Hà,tran.thanh.ha.13519@gmail.com,Base.vn,CFO,manufacturing,120,0916601291
Dương Thị Tâm,duong.thi.tam.13520@pharmacity.vn,Pharmacity,Procurement Manager,fintech,500,0326997364
Lê Hồng Linh,le.hong.linh.13521@hoaphat.vn,Hoà Phát,Sales Director,retail,50,0861883972
Hồ Minh Tuấn,ho.minh.tuan.13522@cenland.vn,CenLand,Marketing Manager,healthcare,250,0869774098
Hồ Hữu Trang,ho.huu.trang.13523@gmail.com,The Coffee House,CEO,logistics,10,0708881163
Phan Hồng Việt,phan.hong.viet.13524@vngcorporati.vn,VNG Corporation,Procurement Manager,fintech,50,0702884318
Hoàng Thị Trang,hoang.thi.trang.13525@gemadeptlogi.vn,Gemadept Logistics,CTO,education,250,0965643287
Nguyễn Hồng Khánh,nguyen.hong.khanh.13526@pharmacity.vn,Pharmacity,CFO,software,25,0908249510
Nguyễn Hữu Hà,nguyen.huu.ha.13527@gmail.com,Viet Tien Garment,Head of Finance,fintech,10,0866195910
Bùi Văn Hà,bui.van.ha.13528@cenland.vn,CenLand,Sales Director,education,10,0868046918
Lý Thị Giang,ly.thi.giang.13529@vinamilk.vn,Vinamilk,Sales Director,manufacturing,1500,0913280372
Nguyễn Minh Giang,nguyen.minh.giang.13530@gmail.com,CenLand,Product Manager,manufacturing,1500,0323624763
Đặng Hữu Tâm,dang.huu.tam.13531@gemadeptlogi.vn,Gemadept Logistics,CTO,logistics,120,0700188194
Võ Ngọc Quân,vo.ngoc.quan.13532@vinamilk.vn,Vinamilk,Procurement Manager,manufacturing,120,0321987101
Trần Văn Nam,tran.van.nam.13533@gmail.com,Viet Tien Garment,Operations Manager,manufacturing,10,0979518761
Dương Thị Sơn,duong.thi.son.13534@gmail.com,Haravan,CFO,retail,250,0961078525
Phạm Xuân Dũng,pham.xuan.dung.13535@gmail.com,Hoà Phát,CEO,software,1500,0354091858
Trần Văn Việt,tran.van.viet.13536@topcv.vn,TopCV,Marketing Manager,healthcare,500,0901582239
Nguyễn Đức Trang,nguyen.duc.trang.13537@fptsoftware.vn,FPT Software,Procurement Manager,logistics,120,0701252177
Bùi Đức Lan,bui.duc.lan.13538@vinmec.vn,Vinmec,CFO,logistics,1500,0914812002
Vũ Hồng Tuấn,vu.hong.tuan.13539@gmail.com,Shopee Vietnam,Kế toán trưởng,retail,25,0975130885
Hoàng Hữu Lan,hoang.huu.lan.13540@fptsoftware.vn,FPT Software,Marketing Manager,software,500,0900285399
Đặng Hồng Phúc,dang.hong.phuc.13541@gmail.com,KiotViet,Marketing Manager,fintech,500,0356315181
Trần Văn Lan,tran.van.lan.13542@gmail.com,Vinmec,Operations Manager,software,50,0703667899
Nguyễn Thanh Nam,nguyen.thanh.nam.13543@vinamilk.vn,Vinamilk,Sales Director,ecommerce,1500,0324943730
Võ Văn Bình,vo.van.binh.13544@vngcorporati.vn,VNG Corporation,CEO,retail,500,0905590872
Trần Xuân Giang,tran.xuan.giang.13545@gmail.com,Tiki,Sales Director,retail,1500,0938272908
Lý Hồng Bình,ly.hong.binh.13546@shopeevietna.vn,Shopee Vietnam,CEO,healthcare,50,0935844967
Nguyễn Quang Dũng,nguyen.quang.dung.13547@vinamilk.vn,Vinamilk,Head of Finance,software,1500,0936804095
Đỗ Đức Hà,do.duc.ha.13548@gmail.com,Shopee Vietnam,Sales Director,healthcare,50,0326891874
Lê Văn Trang,le.van.trang.13549@haravan.vn,Haravan,CTO,logistics,120,0917520534
Lê Thị Việt,le.thi.viet.13550@basevn.vn,Base.vn,Product Manager,manufacturing,50,0917058224
Ngô Quang Khánh,ngo.quang.khanh.13551@basevn.vn,Base.vn,Product Manager,software,25,0915311579
Hoàng Hữu Việt,hoang.huu.viet.13552@thecoffeehou.vn,The Coffee House,Kế toán trưởng,fintech,500,0709830539
Phạm Quang Oanh,pham.quang.oanh.13553@pharmacity.vn,Pharmacity,Sales Director,software,500,0901254783
Lê Đức Linh,le.duc.linh.13554@cenland.vn,CenLand,Procurement Manager,manufacturing,120,0350696566
Lê Minh Mai,le.minh.mai.13555@cenland.vn,CenLand,CTO,ecommerce,500,0970647151
Ngô Ngọc Trang,ngo.ngoc.trang.13556@vngcorporati.vn,VNG Corporation,CFO,healthcare,1500,0869019654
Bùi Thị Sơn,bui.thi.son.13557@duytanplasti.vn,Duy Tan Plastics,Product Manager,ecommerce,10,0965227929
Hồ Thanh Dũng,ho.thanh.dung.13558@momo.vn,MoMo,CEO,software,500,0913139930
Dương Hữu An,duong.huu.an.13559@cenland.vn,CenLand,Head of Finance,logistics,25,0963357145
Hoàng Minh Giang,hoang.minh.giang.13560@gmail.com,CenLand,Operations Manager,ecommerce,120,0704680284
Đặng Thị Bình,dang.thi.binh.13561@shopeevietna.vn,Shopee Vietnam,Marketing Manager,retail,500,0355257534
Đặng Văn Phúc,dang.van.phuc.13562@kiotviet.vn,KiotViet,Product Manager,software,1500,0867880720
Phạm Đức Khánh,pham.duc.khanh.13563@kiotviet.vn,KiotViet,CFO,retail,25,0321360380
Hồ Thị Dũng,ho.thi.dung.13564@gemadeptlogi.vn,Gemadept Logistics,Procurement Manager,software,1500,0358798595
Hoàng Xuân Dũng,hoang.xuan.dung.13565@kiotviet.vn,KiotViet,Product Manager,manufacturing,1500,0865794559
Hồ Xuân Châu,ho.xuan.chau.13566@thacoindustr.vn,Thaco Industries,Head of Finance,manufacturing,10,0901396211
Lý Văn Lan,ly.van.lan.13567@hoaphat.vn,Hoà Phát,Product Manager,healthcare,120,0972446693
Võ Thị Hà,vo.thi.ha.13568@cenland.vn,CenLand,CFO,retail,50,0328757415
Võ Quang Dũng,vo.quang.dung.13569@shopeevietna.vn,Shopee Vietnam,Sales Director,manufacturing,250,0968706843
Phan Minh Hùng,phan.minh.hung.13570@gmail.com,Pharmacity,Marketing Manager,fintech,250,0702691933
Vũ Thanh Mai,vu.thanh.mai.13571@gmail.com,Vinmec,CTO,education,25,0358100466
Hoàng Thanh Bình,hoang.thanh.binh.13572@momo.vn,MoMo,Marketing Manager,retail,500,0705581374
Hồ Hồng An,ho.hong.an.13573@shopeevietna.vn,Shopee Vietnam,Marketing Manager,fintech,250,0862652435
Đỗ Xuân Bình,do.xuan.binh.13574@pharmacity.vn,Pharmacity,CTO,software,120,0961264943
Bùi Ngọc Tuấn,bui.ngoc.tuan.13575@topcv.vn,TopCV,CTO,ecommerce,120,0357078677
Phan Thanh Châu,phan.thanh.chau.13576@gmail.com,Base.vn,CEO,healthcare,120,0359786189
Dương Hữu Việt,duong.huu.viet.13577@vinmec.vn,Vinmec,Procurement Manager,software,50,0974410276
Trần Quang An,tran.quang.an.13578@thacoindustr.vn,Thaco Industries,Kế toán trưởng,software,50,0705882737
Ngô Quang Châu,ngo.quang.chau.13579@gmail.com,Gemadept Logistics,Sales Director,ecommerce,25,0325802502
Lê Văn Linh,le.van.linh.13580@duytanplasti.vn,Duy Tan Plastics,CEO,education,10,0708413714
Nguyễn Minh Tuấn,nguyen.minh.tuan.13581@thecoffeehou.vn,The Coffee House,Product Manager,fintech,250,0351121157
Phan Thị Nam,phan.thi.nam.13582@gmail.com,Tiki,Marketing Manager,fintech,120,0905197356
Võ Thị Quân,vo.thi.quan.13583@gmail.com,PNJ,CEO,ecommerce,1500,0919351816
Ngô Hồng Việt,ngo.hong.viet.13584@fptsoftware.vn,FPT Software,Procurement Manager,manufacturing,1500,0357055699
Vũ Ngọc Lan,vu.ngoc.lan.13585@gmail.com,KiotViet,Product Manager,education,250,0912668625
Vũ Hồng Giang,vu.hong.giang.13586@fptsoftware.vn,FPT Software,Sales Director,ecommerce,500,0972226042
Ngô Hữu Quân,ngo.huu.quan.13587@shopeevietna.vn,Shopee Vietnam,Head of Finance,logistics,50,0917020506
Đỗ Hồng Hà,do.hong.ha.13588@thacoindustr.vn,Thaco Industries,Head of Finance,software,25,0938021037
Dương Minh Dũng,duong.minh.dung.13589@tiki.vn,Tiki,Procurement Manager,software,250,0912123540
Vũ Đức Lan,vu.duc.lan.13590@gmail.com,Vinamilk,CEO,education,50,0323323905
Đặng Hữu Quân,dang.huu.quan.13591@gmail.com,Gemadept Logistics,Operations Manager,software,250,0323100563
Hoàng Xuân Khánh,hoang.xuan.khanh.13592@thacoindustr.vn,Thaco Industries,Sales Director,software,25,0702889316
Trần Minh Linh,tran.minh.linh.13593@gmail.com,Thaco Industries,Product Manager,healthcare,50,0970531319
Bùi Minh Tuấn,bui.minh.tuan.13594@kiotviet.vn,KiotViet,Marketing Manager,fintech,250,0915289127
Bùi Hồng Nam,bui.hong.nam.13595@fptsoftware.vn,FPT Software,CTO,logistics,120,0702664856
Lê Hữu Quân,le.huu.quan.13596@duytanplasti.vn,Duy Tan Plastics,Product Manager,education,500,0709559719
Ngô Thanh Oanh,ngo.thanh.oanh.13597@cenland.vn,CenLand,Sales Director,healthcare,25,0860170918
Nguyễn Hồng Hà,nguyen.hong.ha.13598@thecoffeehou.vn,The Coffee House,Product Manager,healthcare,250,0966863586
Võ Hồng Lan,vo.hong.lan.13599@topcv.vn,TopCV,CFO,ecommerce,120,0937814770
Phạm Xuân An,pham.xuan.an.13600@gmail.com,Vinmec,CTO,manufacturing,120,0937128026
Hoàng Đức Sơn,hoang.duc.son.13601@tiki.vn,Tiki,Procurement Manager,ecommerce,10,0906816464
Nguyễn Xuân Linh,nguyen.xuan.linh.13602@vinamilk.vn,Vinamilk,Marketing Manager,logistics,120,0973096884
Võ Văn Việt,vo.van.viet.13603@gmail.com,Shopee Vietnam,Procurement Manager,retail,25,0707393447
Đỗ Minh Sơn,do.minh.son.13604@shopeevietna.vn,Shopee Vietnam,Kế toán trưởng,education,500,0357500598
Phan Đức Trang,phan.duc.trang.13605@thecoffeehou.vn,The Coffee House,CTO,manufacturing,25,0323445422
Lý Thanh Dũng,ly.thanh.dung.13606@gmail.com,Hoà Phát,Product Manager,healthcare,50,0912941402
Đỗ Đức Dũng,do.duc.dung.13607@gmail.com,Vinmec,Product Manager,software,1500,0863935694
Võ Ngọc Quân,vo.ngoc.quan.13608@gmail.com,Gemadept Logistics,CTO,manufacturing,120,0869098753
Đỗ Xuân Việt,do.xuan.viet.13609@thecoffeehou.vn,The Coffee House,CEO,software,500,0324428896
Lý Thanh Nam,ly.thanh.nam.13610@haravan.vn,Haravan,Head of Finance,ecommerce,10,0931757649
Nguyễn Hữu Quân,nguyen.huu.quan.13611@vinamilk.vn,Vinamilk,CEO,manufacturing,50,0972085583
Phan Quang Linh,phan.quang.linh.13612@vinamilk.vn,Vinamilk,Procurement Manager,retail,120,0906119778
Đặng Thị Dũng,dang.thi.dung.13613@viettiengarm.vn,Viet Tien Garment,Marketing Manager,manufacturing,120,0975125428
Võ Xuân An,vo.xuan.an.13614@vinmec.vn,Vinmec,Product Manager,ecommerce,250,0705188100
Phạm Thị Sơn,pham.thi.son.13615@hoaphat.vn,Hoà Phát,CFO,ecommerce,50,0905292322
Trần Đức Oanh,tran.duc.oanh.13616@pharmacity.vn,Pharmacity,Marketing Manager,manufacturing,10,0936629925
Võ Đức Dũng,vo.duc.dung.13617@haravan.vn,Haravan,Kế toán trưởng,software,1500,0323920294
Hoàng Quang Việt,hoang.quang.viet.13618@haravan.vn,Haravan,Sales Director,fintech,500,0911301916
Trần Ngọc Linh,tran.ngoc.linh.13619@gmail.com,TopCV,CFO,healthcare,120,0864016561
Vũ Văn Sơn,vu.van.son.13620@momo.vn,MoMo,Head of Finance,education,250,0937155752
Võ Xuân Hùng,vo.xuan.hung.13621@gmail.com,Viet Tien Garment,CTO,logistics,10,0915639931
Đặng Thanh Trang,dang.thanh.trang.13622@tiki.vn,Tiki,Marketing Manager,education,250,0960306769
Lý Quang Sơn,ly.quang.son.13623@vinamilk.vn,Vinamilk,Kế toán trưởng,ecommerce,1500,0350988899
Hoàng Văn Lan,hoang.van.lan.13624@momo.vn,MoMo,Marketing Manager,software,10,0327634563
Vũ Minh Khánh,vu.minh.khanh.13625@gmail.com,Tiki,CTO,logistics,500,0969220725
Vũ Văn Mai,vu.van.mai.13626@basevn.vn,Base.vn,Procurement Manager,healthcare,1500,0321496860
Bùi Minh Tuấn,bui.minh.tuan.13627@topcv.vn,TopCV,Product Manager,manufacturing,25,0325449166
Lý Văn Quân,ly.van.quan.13628@thecoffeehou.vn,The Coffee House,CTO,retail,120,0906042936
Ngô Minh Mai,ngo.minh.mai.13629@viettiengarm.vn,Viet Tien Garment,CEO,healthcare,1500,0974989021
Hồ Thị Hà,ho.thi.ha.13630@thacoindustr.vn,Thaco Industries,CTO,retail,1500,0354363172
Đỗ Minh Dũng,do.minh.dung.13631@gmail.com,MoMo,CEO,fintech,50,0861784402
Đặng Minh Lan,dang.minh.lan.13632@pharmacity.vn,Pharmacity,CFO,logistics,25,0970626985
Phạm Văn Nam,pham.van.nam.13633@basevn.vn,Base.vn,CEO,healthcare,50,0863613824
Bùi Quang Mai,bui.quang.mai.13634@gemadeptlogi.vn,Gemadept Logistics,Sales Director,logistics,1500,0902677858
Phan Hữu Châu,phan.huu.chau.13635@vngcorporati.vn,VNG Corporation,Product Manager,fintech,25,0326364167
Nguyễn Quang Khánh,nguyen.quang.khanh.13636@vinmec.vn,Vinmec,CTO,education,10,0906968244
Bùi Quang Hà,bui.quang.ha.13637@gmail.com,KiotViet,Procurement Manager,ecommerce,50,0326427692
Dương Hồng Dũng,duong.hong.dung.13638@gmail.com,KiotViet,Marketing Manager,logistics,1500,0916505219
Đỗ Thanh Sơn,do.thanh.son.13639@thecoffeehou.vn,The Coffee House,Operations Manager,manufacturing,10,0905435234
Đỗ Hữu Lan,do.huu.lan.13640@gmail.com,The Coffee House,CFO,retail,50,0936308059
Lý Thị Dũng,ly.thi.dung.13641@momo.vn,MoMo,Procurement Manager,manufacturing,10,0966410152
Vũ Hồng Linh,vu.hong.linh.13642@gmail.com,The Coffee House,CTO,logistics,250,0914707576
Nguyễn Ngọc Châu,nguyen.ngoc.chau.13643@thecoffeehou.vn,The Coffee House,Operations Manager,retail,25,0864309233
Lý Minh Sơn,ly.minh.son.13644@gmail.com,Duy Tan Plastics,Sales Director,logistics,25,0702324728
Lý Minh Khánh,ly.minh.khanh.13645@gmail.com,KiotViet,CEO,manufacturing,1500,0936103112
Bùi Thị Tuấn,bui.thi.tuan.13646@kiotviet.vn,KiotViet,Kế toán trưởng,education,120,0911524652
Dương Hữu Giang,duong.huu.giang.13647@thacoindustr.vn,Thaco Industries,CFO,logistics,10,0908600635
Đỗ Quang Giang,do.quang.giang.13648@kiotviet.vn,KiotViet,Sales Director,software,1500,0867895717
Đặng Quang Dũng,dang.quang.dung.13649@haravan.vn,Haravan,Operations Manager,software,25,0979204455
Trần Quang Châu,tran.quang.chau.13650@gemadeptlogi.vn,Gemadept Logistics,CTO,software,50,0326386233
Võ Đức Quân,vo.duc.quan.13651@tiki.vn,Tiki,Marketing Manager,healthcare,25,0908137446
Hồ Văn Trang,ho.van.trang.13652@topcv.vn,TopCV,Procurement Manager,healthcare,120,0965163592
Hồ Quang Khánh,ho.quang.khanh.13653@cenland.vn,CenLand,Product Manager,education,120,0938838388
Hồ Minh Tâm,ho.minh.tam.13654@cenland.vn,CenLand,Kế toán trưởng,retail,120,0932225453
Hồ Thị Nam,ho.thi.nam.13655@gmail.com,Thaco Industries,Sales Director,software,120,0359001471
Hoàng Xuân Oanh,hoang.xuan.oanh.13656@gmail.com,TopCV,CTO,software,1500,0972984579
Hoàng Đức Phúc,hoang.duc.phuc.13657@topcv.vn,TopCV,Procurement Manager,logistics,10,0860589991
Võ Ngọc Khánh,vo.ngoc.khanh.13658@hoaphat.vn,Hoà Phát,CFO,education,25,0938448628
Hồ Thị Oanh,ho.thi.oanh.13659@pnj.vn,PNJ,Marketing Manager,software,120,0703783990
Vũ Xuân Trang,vu.xuan.trang.13660@viettiengarm.vn,Viet Tien Garment,Procurement Manager,ecommerce,10,0901399140
Đặng Hồng An,dang.hong.an.13661@gmail.com,Shopee Vietnam,Operations Manager,logistics,500,0960579047
Đỗ Quang Quân,do.quang.quan.13662@vinmec.vn,Vinmec,Operations Manager,retail,250,0701140240
Đỗ Quang Tuấn,do.quang.tuan.13663@gmail.com,Gemadept Logistics,CTO,logistics,10,0911644013
Phạm Minh Nam,pham.minh.nam.13664@basevn.vn,Base.vn,CEO,manufacturing,50,0933466687
Lê Xuân Tuấn,le.xuan.tuan.13665@tiki.vn,Tiki,CTO,retail,10,0354606055
Lý Hồng Tâm,ly.hong.tam.13666@gmail.com,Tiki,Marketing Manager,ecommerce,120,0327626625
Bùi Thanh Oanh,bui.thanh.oanh.13667@basevn.vn,Base.vn,Kế toán trưởng,education,1500,0869099060
Phạm Hữu Sơn,pham.huu.son.13668@vinamilk.vn,Vinamilk,CTO,healthcare,120,0938147337
Bùi Văn Tuấn,bui.van.tuan.13669@shopeevietna.vn,Shopee Vietnam,CTO,retail,500,0325572964
Dương Quang Giang,duong.quang.giang.13670@gmail.com,The Coffee House,Head of Finance,software,25,0867349180
Ngô Quang Hùng,ngo.quang.hung.13671@vinamilk.vn,Vinamilk,Kế toán trưởng,fintech,120,0357080329
Dương Đức Oanh,duong.duc.oanh.13672@vinmec.vn,Vinmec,Kế toán trưởng,healthcare,120,0320991601
Lý Văn Dũng,ly.van.dung.13673@viettiengarm.vn,Viet Tien Garment,CFO,software,1500,0325317191
Phan Hữu Tuấn,phan.huu.tuan.13674@topcv.vn,TopCV,CEO,manufacturing,1500,0900966509
Dương Thanh Dũng,duong.thanh.dung.13675@haravan.vn,Haravan,CTO,manufacturing,25,0325646211
Đỗ Ngọc Nam,do.ngoc.nam.13676@gmail.com,The Coffee House,Sales Director,retail,500,0969007353
Lý Quang Tâm,ly.quang.tam.13677@duytanplasti.vn,Duy Tan Plastics,CEO,healthcare,1500,0917864408
Hồ Thanh Việt,ho.thanh.viet.13678@vinamilk.vn,Vinamilk,CFO,manufacturing,500,0865346385
Đặng Văn Hà,dang.van.ha.13679@haravan.vn,Haravan,Kế toán trưởng,retail,25,0320666812
Bùi Hồng Khánh,bui.hong.khanh.13680@gemadeptlogi.vn,Gemadept Logistics,Marketing Manager,logistics,120,0905366371
Võ Văn Linh,vo.van.linh.13681@hoaphat.vn,Hoà Phát,Kế toán trưởng,healthcare,50,0969292926
Hồ Hữu Mai,ho.huu.mai.13682@gmail.com,Hoà Phát,Marketing Manager,logistics,10,0323214667
Đỗ Quang Khánh,do.quang.khanh.13683@thecoffeehou.vn,The Coffee House,Operations Manager,fintech,50,0900859421
Ngô Minh Hà,ngo.minh.ha.13684@fptsoftware.vn,FPT Software,Head of Finance,retail,10,0931378608
Trần Minh Phúc,tran.minh.phuc.13685@gmail.com,Duy Tan Plastics,Operations Manager,education,1500,0700650673
Vũ Xuân Dũng,vu.xuan.dung.13686@gmail.com,Pharmacity,Marketing Manager,education,500,0860059714
Võ Đức Bình,vo.duc.binh.13687@pharmacity.vn,Pharmacity,CFO,logistics,120,0962292164
Đặng Thị Giang,dang.thi.giang.13688@kiotviet.vn,KiotViet,Procurement Manager,fintech,120,0328117895
Đặng Hữu Hùng,dang.huu.hung.13689@pharmacity.vn,Pharmacity,CEO,retail,10,0964295359
Trần Quang Nam,tran.quang.nam.13690@viettiengarm.vn,Viet Tien Garment,Head of Finance,retail,50,0977324198
Nguyễn Thị Linh,nguyen.thi.linh.13691@vinmec.vn,Vinmec,CTO,logistics,120,0961560494
Hoàng Ngọc Châu,hoang.ngoc.chau.13692@gemadeptlogi.vn,Gemadept Logistics,CTO,manufacturing,10,0937180676
Phan Thanh Hùng,phan.thanh.hung.13693@duytanplasti.vn,Duy Tan Plastics,Head of Finance,manufacturing,25,0934809960
Võ Minh Khánh,vo.minh.khanh.13694@gmail.com,Shopee Vietnam,Product Manager,education,250,0357485740
Nguyễn Văn Tâm,nguyen.van.tam.13695@thacoindustr.vn,Thaco Industries,Kế toán trưởng,manufacturing,250,0324652623
Nguyễn Văn Việt,nguyen.van.viet.13696@haravan.vn,Haravan,CEO,manufacturing,25,0975543272
Đặng Quang Oanh,dang.quang.oanh.13697@cenland.vn,CenLand,Product Manager,ecommerce,1500,0327816604
Đỗ Hồng Oanh,do.hong.oanh.13698@duytanplasti.vn,Duy Tan Plastics,Kế toán trưởng,fintech,50,0912712371
Nguyễn Quang Oanh,nguyen.quang.oanh.13699@pharmacity.vn,Pharmacity,Procurement Manager,retail,10,0937818193
Phan Hồng Tuấn,phan.hong.tuan.13700@gmail.com,TopCV,Head of Finance,ecommerce,500,0321740372
Hồ Minh Tâm,ho.minh.tam.13701@thecoffeehou.vn,The Coffee House,Sales Director,manufacturing,500,0977973620
Phạm Hồng Quân,pham.hong.quan.13702@vngcorporati.vn,VNG Corporation,Operations Manager,logistics,250,0932817532
Phan Thị Khánh,phan.thi.khanh.13703@kiotviet.vn,KiotViet,Marketing Manager,education,250,0709535732
Phan Minh Quân,phan.minh.quan.13704@gmail.com,Duy Tan Plastics,Product Manager,fintech,50,0935865152
Dương Quang Hùng,duong.quang.hung.13705@cenland.vn,CenLand,Sales Director,healthcare,10,0863085996
Võ Thị Dũng,vo.thi.dung.13706@fptsoftware.vn,FPT Software,Product Manager,ecommerce,1500,0910954021
Bùi Hữu Việt,bui.huu.viet.13707@vinmec.vn,Vinmec,Sales Director,healthcare,10,0918561404
Ngô Hữu Mai,ngo.huu.mai.13708@gmail.com,Vinmec,Kế toán trưởng,fintech,500,0960146680
Trần Hồng Dũng,tran.hong.dung.13709@thacoindustr.vn,Thaco Industries,Marketing Manager,manufacturing,500,0867446253
Phan Thanh Việt,phan.thanh.viet.13710@pharmacity.vn,Pharmacity,Kế toán trưởng,retail,1500,0705346951
Phan Hữu Châu,phan.huu.chau.13711@vinamilk.vn,Vinamilk,Marketing Manager,logistics,500,0868024799
Hoàng Xuân Nam,hoang.xuan.nam.13712@gmail.com,Vinmec,Product Manager,software,120,0912345682
Dương Quang Châu,duong.quang.chau.13713@shopeevietna.vn,Shopee Vietnam,Kế toán trưởng,software,25,0976546539
Võ Đức Hà,vo.duc.ha.13714@shopeevietna.vn,Shopee Vietnam,Sales Director,fintech,500,0936644745
Phan Đức Linh,phan.duc.linh.13715@shopeevietna.vn,Shopee Vietnam,Head of Finance,logistics,25,0963270230
Bùi Xuân Tuấn,bui.xuan.tuan.13716@thacoindustr.vn,Thaco Industries,CTO,education,500,0351642000
Hồ Quang Phúc,ho.quang.phuc.13717@vngcorporati.vn,VNG Corporation,Procurement Manager,education,120,0354210231
Lê Thanh Khánh,le.thanh.khanh.13718@gmail.com,FPT Software,Operations Manager,logistics,120,0357130851
Dương Xuân Nam,duong.xuan.nam.13719@cenland.vn,CenLand,Marketing Manager,healthcare,25,0321958166
Đỗ Thanh Giang,do.thanh.giang.13720@gmail.com,Gemadept Logistics,Product Manager,healthcare,25,0323598634
Trần Ngọc Sơn,tran.ngoc.son.13721@tiki.vn,Tiki,Product Manager,logistics,500,0977855861
Vũ Minh Linh,vu.minh.linh.13722@topcv.vn,TopCV,CTO,healthcare,25,0900243749
Phạm Quang Oanh,pham.quang.oanh.13723@gmail.com,MoMo,Kế toán trưởng,manufacturing,10,0703351905
Hồ Xuân Phúc,ho.xuan.phuc.13724@thacoindustr.vn,Thaco Industries,Product Manager,fintech,120,0907630294
Võ Thanh Nam,vo.thanh.nam.13725@cenland.vn,CenLand,Sales Director,education,25,0932158719
Đỗ Hữu Lan,do.huu.lan.13726@gmail.com,Shopee Vietnam,Procurement Manager,healthcare,50,0329736459
Trần Minh Quân,tran.minh.quan.13727@pnj.vn,PNJ,Marketing Manager,ecommerce,250,0705302345
Dương Ngọc Quân,duong.ngoc.quan.13728@haravan.vn,Haravan,Kế toán trưởng,fintech,500,0901156135
Phan Ngọc Lan,phan.ngoc.lan.13729@gmail.com,Hoà Phát,CEO,software,120,0903701983
Đặng Đức Tuấn,dang.duc.tuan.13730@haravan.vn,Haravan,Procurement Manager,logistics,1500,0708929210
Hoàng Thị Lan,hoang.thi.lan.13731@tiki.vn,Tiki,CEO,education,250,0320738825
Trần Minh Hà,tran.minh.ha.13732@duytanplasti.vn,Duy Tan Plastics,CFO,education,120,0900813385
Lý Văn Sơn,ly.van.son.13733@kiotviet.vn,KiotViet,CFO,manufacturing,250,0905364125
Vũ Văn Phúc,vu.van.phuc.13734@gmail.com,Thaco Industries,Kế toán trưởng,ecommerce,120,0916250926
Đỗ Thị Hùng,do.thi.hung.13735@hoaphat.vn,Hoà Phát,CFO,education,120,0907088643
Võ Hữu Lan,vo.huu.lan.13736@fptsoftware.vn,FPT Software,Operations Manager,logistics,10,0326159958
Đỗ Văn Sơn,do.van.son.13737@vngcorporati.vn,VNG Corporation,Sales Director,fintech,25,0963021302
Võ Văn An,vo.van.an.13738@cenland.vn,CenLand,CEO,ecommerce,1500,0909329786
Phan Thị Hà,phan.thi.ha.13739@thecoffeehou.vn,The Coffee House,Head of Finance,healthcare,250,0931736847
Vũ Hồng Linh,vu.hong.linh.13740@haravan.vn,Haravan,Sales Director,healthcare,25,0917372419
Vũ Đức Sơn,vu.duc.son.13741@momo.vn,MoMo,Procurement Manager,retail,10,0978314124
Ngô Hồng Phúc,ngo.hong.phuc.13742@gmail.com,Shopee Vietnam,Head of Finance,ecommerce,1500,0866725072
Hoàng Quang Tuấn,hoang.quang.tuan.13743@thecoffeehou.vn,The Coffee House,CFO,logistics,50,0320116004
Lý Xuân Tâm,ly.xuan.tam.13744@gmail.com,CenLand,Head of Finance,retail,10,0937961056
Đặng Hữu Phúc,dang.huu.phuc.13745@hoaphat.vn,Hoà Phát,Kế toán trưởng,ecommerce,120,0910337171
Đỗ Hồng Khánh,do.hong.khanh.13746@momo.vn,MoMo,Head of Finance,ecommerce,250,0320486650
Lý Quang Dũng,ly.quang.dung.13747@hoaphat.vn,Hoà Phát,Marketing Manager,fintech,120,0866034969
Phan Minh Linh,phan.minh.linh.13748@haravan.vn,Haravan,CFO,manufacturing,1500,0962020620
Bùi Thanh Quân,bui.thanh.quan.13749@gemadeptlogi.vn,Gemadept Logistics,CFO,ecommerce,25,0322115702
Nguyễn Thị Bình,nguyen.thi.binh.13750@thecoffeehou.vn,The Coffee House,CEO,education,120,0908022241
Trần Xuân Dũng,tran.xuan.dung.13751@shopeevietna.vn,Shopee Vietnam,CFO,manufacturing,25,0975031711
Nguyễn Quang Oanh,nguyen.quang.oanh.13752@vinmec.vn,Vinmec,Product Manager,ecommerce,500,0908740540
Đỗ Đức Hùng,do.duc.hung.13753@hoaphat.vn,Hoà Phát,Operations Manager,fintech,120,0323330395
Ngô Quang Linh,ngo.quang.linh.13754@topcv.vn,TopCV,Marketing Manager,logistics,500,0979416698
Đỗ Thanh Lan,do.thanh.lan.13755@thecoffeehou.vn,The Coffee House,CTO,retail,10,0939790989
Hồ Đức Mai,ho.duc.mai.13756@gmail.com,Tiki,Kế toán trưởng,education,10,0324666843
Lý Đức Dũng,ly.duc.dung.13757@vngcorporati.vn,VNG Corporation,CFO,logistics,120,0971036448
Bùi Ngọc Nam,bui.ngoc.nam.13758@cenland.vn,CenLand,Product Manager,fintech,1500,0861293108
Phan Ngọc Oanh,phan.ngoc.oanh.13759@gmail.com,TopCV,CEO,manufacturing,25,0966269602
Lê Đức Hà,le.duc.ha.13760@gmail.com,KiotViet,Kế toán trưởng,ecommerce,250,0904432117
Nguyễn Thanh Hà,nguyen.thanh.ha.13761@gmail.com,Base.vn,Product Manager,ecommerce,50,0909194869
Trần Hữu Linh,tran.huu.linh.13762@pharmacity.vn,Pharmacity,Product Manager,retail,50,0901395803
Bùi Thị Tuấn,bui.thi.tuan.13763@tiki.vn,Tiki,CEO,fintech,25,0918977124
Nguyễn Đức Sơn,nguyen.duc.son.13764@tiki.vn,Tiki,Operations Manager,fintech,1500,0903647905
Hoàng Thanh Lan,hoang.thanh.lan.13765@gmail.com,TopCV,CEO,ecommerce,120,0700984904
Đặng Đức An,dang.duc.an.13766@momo.vn,MoMo,Product Manager,logistics,50,0327912465
Đỗ Văn Nam,do.van.nam.13767@hoaphat.vn,Hoà Phát,Product Manager,ecommerce,1500,0900808698
Hoàng Văn Hà,hoang.van.ha.13768@duytanplasti.vn,Duy Tan Plastics,CFO,logistics,500,0916306851
Phan Minh Oanh,phan.minh.oanh.13769@gmail.com,PNJ,CFO,retail,10,0358833026
Ngô Thanh Trang,ngo.thanh.trang.13770@shopeevietna.vn,Shopee Vietnam,CTO,ecommerce,50,0864176954
Dương Minh Tuấn,duong.minh.tuan.13771@gemadeptlogi.vn,Gemadept Logistics,CEO,logistics,25,0961445530
Trần Ngọc Châu,tran.ngoc.chau.13772@basevn.vn,Base.vn,Procurement Manager,ecommerce,25,0905850117
Ngô Thanh Giang,ngo.thanh.giang.13773@gmail.com,FPT Software,Marketing Manager,software,120,0912268481
Phạm Hữu Oanh,pham.huu.oanh.13774@hoaphat.vn,Hoà Phát,Head of Finance,retail,250,0868455665
Bùi Hữu Tâm,bui.huu.tam.13775@gmail.com,Shopee Vietnam,Product Manager,healthcare,1500,0353879744
Phan Đức Quân,phan.duc.quan.13776@thacoindustr.vn,Thaco Industries,Product Manager,fintech,1500,0915864710
Hồ Quang Việt,ho.quang.viet.13777@fptsoftware.vn,FPT Software,Marketing Manager,retail,250,0903640077
Trần Hữu Việt,tran.huu.viet.13778@vngcorporati.vn,VNG Corporation,Product Manager,retail,500,0964079943
Ngô Hữu Nam,ngo.huu.nam.13779@cenland.vn,CenLand,Product Manager,retail,250,0327557507
Ngô Đức Hà,ngo.duc.ha.13780@kiotviet.vn,KiotViet,Kế toán trưởng,fintech,25,0933752260
Phan Thanh Tâm,phan.thanh.tam.13781@gmail.com,Base.vn,CEO,fintech,10,0911391427
Đặng Đức An,dang.duc.an.13782@kiotviet.vn,KiotViet,CTO,education,250,0971431301
Bùi Quang Tuấn,bui.quang.tuan.13783@kiotviet.vn,KiotViet,Operations Manager,education,10,0903554306
Võ Hồng Bình,vo.hong.binh.13784@viettiengarm.vn,Viet Tien Garment,CEO,ecommerce,250,0915526945
Hoàng Quang Châu,hoang.quang.chau.13785@thecoffeehou.vn,The Coffee House,Procurement Manager,ecommerce,120,0931933027
Đặng Ngọc Quân,dang.ngoc.quan.13786@hoaphat.vn,Hoà Phát,Procurement Manager,retail,120,0324768999
Ngô Xuân Nam,ngo.xuan.nam.13787@gmail.com,CenLand,CEO,healthcare,500,0323488110
Lê Đức Khánh,le.duc.khanh.13788@topcv.vn,TopCV,CTO,education,120,0918116118
Ngô Ngọc Linh,ngo.ngoc.linh.13789@kiotviet.vn,KiotViet,CEO,software,25,0707593441
Vũ Minh Linh,vu.minh.linh.13790@shopeevietna.vn,Shopee Vietnam,CEO,ecommerce,250,0918103219
Ngô Thanh Trang,ngo.thanh.trang.13791@pnj.vn,PNJ,Procurement Manager,fintech,10,0914373292
Vũ Quang Hùng,vu.quang.hung.13792@pharmacity.vn,Pharmacity,Kế toán trưởng,education,10,0706531416
Lê Ngọc Phúc,le.ngoc.phuc.13793@gemadeptlogi.vn,Gemadept Logistics,Procurement Manager,retail,25,0961004150
Trần Hữu An,tran.huu.an.13794@gmail.com,Shopee Vietnam,Head of Finance,manufacturing,500,0352334669
Võ Minh Sơn,vo.minh.son.13795@topcv.vn,TopCV,Procurement Manager,ecommerce,1500,0355899969
Lý Hữu Trang,ly.huu.trang.13796@pnj.vn,PNJ,Head of Finance,retail,250,0355577288
Ngô Minh Linh,ngo.minh.linh.13797@gmail.com,The Coffee House,CFO,retail,120,0936514499
Lê Văn Châu,le.van.chau.13798@thecoffeehou.vn,The Coffee House,CFO,software,25,0935110272
Bùi Thanh Linh,bui.thanh.linh.13799@gmail.com,CenLand,Sales Director,healthcare,500,0904065740
Phan Xuân Hùng,phan.xuan.hung.13800@gmail.com,The Coffee House,Operations Manager,ecommerce,250,0323246039
Nguyễn Hồng Trang,nguyen.hong.trang.13801@fptsoftware.vn,FPT Software,Product Manager,ecommerce,1500,0977353466
Lý Văn Việt,ly.van.viet.13802@gmail.com,PNJ,Kế toán trưởng,manufacturing,1500,0914032262
Đặng Hồng Sơn,dang.hong.son.13803@thecoffeehou.vn,The Coffee House,Product Manager,fintech,500,0328520571
Nguyễn Đức Châu,nguyen.duc.chau.13804@gmail.com,Tiki,Product Manager,retail,50,0322622140
Hoàng Hồng Dũng,hoang.hong.dung.13805@haravan.vn,Haravan,CTO,education,50,0971085704
Vũ Văn Phúc,vu.van.phuc.13806@fptsoftware.vn,FPT Software,Procurement Manager,manufacturing,500,0907431319
Phan Quang Hà,phan.quang.ha.13807@basevn.vn,Base.vn,Product Manager,healthcare,50,0860511118
Đỗ Hữu Sơn,do.huu.son.13808@thacoindustr.vn,Thaco Industries,Marketing Manager,software,250,0919889682
Lê Văn Mai,le.van.mai.13809@gmail.com,The Coffee House,CFO,education,500,0960383954
Phạm Đức Linh,pham.duc.linh.13810@gmail.com,Vinamilk,Head of Finance,software,50,0356322614
Nguyễn Quang Phúc,nguyen.quang.phuc.13811@duytanplasti.vn,Duy Tan Plastics,Marketing Manager,fintech,120,0935735297
Đỗ Thị Tâm,do.thi.tam.13812@gmail.com,Pharmacity,CFO,logistics,120,0707465731
Đặng Ngọc Nam,dang.ngoc.nam.13813@vngcorporati.vn,VNG Corporation,CTO,education,50,0973759117
Trần Văn Giang,tran.van.giang.13814@thacoindustr.vn,Thaco Industries,Marketing Manager,fintech,25,0709685976
Đỗ Minh Trang,do.minh.trang.13815@thecoffeehou.vn,The Coffee House,Marketing Manager,manufacturing,500,0909366370
Phan Hồng Sơn,phan.hong.son.13816@vngcorporati.vn,VNG Corporation,CEO,education,500,0703955043
Ngô Xuân Lan,ngo.xuan.lan.13817@topcv.vn,TopCV,Head of Finance,fintech,25,0329210818
Hồ Thị Tuấn,ho.thi.tuan.13818@gmail.com,CenLand,CEO,ecommerce,120,0868154848
Phạm Đức Giang,pham.duc.giang.13819@gmail.com,PNJ,Kế toán trưởng,healthcare,25,0328674917
Lê Thanh Phúc,le.thanh.phuc.13820@gmail.com,Shopee Vietnam,Operations Manager,retail,1500,0964476132
Phan Thị Trang,phan.thi.trang.13821@thacoindustr.vn,Thaco Industries,Kế toán trưởng,education,250,0900716145
Võ Đức Hùng,vo.duc.hung.13822@gemadeptlogi.vn,Gemadept Logistics,Procurement Manager,ecommerce,50,0972139222
Ngô Hữu Khánh,ngo.huu.khanh.13823@gmail.com,Pharmacity,Sales Director,logistics,50,0701944861
Hoàng Hữu Dũng,hoang.huu.dung.13824@shopeevietna.vn,Shopee Vietnam,Marketing Manager,ecommerce,250,0864134881
Lý Thị Hà,ly.thi.ha.13825@pharmacity.vn,Pharmacity,Procurement Manager,logistics,25,0328922647
Lê Hồng Phúc,le.hong.phuc.13826@gmail.com,FPT Software,CEO,logistics,1500,0910349497
Đặng Quang Dũng,dang.quang.dung.13827@vngcorporati.vn,VNG Corporation,Head of Finance,software,120,0939380597
Dương Xuân Giang,duong.xuan.giang.13828@fptsoftware.vn,FPT Software,Sales Director,software,1500,0902236673
Vũ Hồng Sơn,vu.hong.son.13829@gmail.com,Vinmec,Procurement Manager,education,25,0963591711
Vũ Văn An,vu.van.an.13830@gmail.com,FPT Software,Product Manager,logistics,500,0705869723
Phan Văn Hùng,phan.van.hung.13831@basevn.vn,Base.vn,Kế toán trưởng,retail,500,0978047329
Đỗ Ngọc Oanh,do.ngoc.oanh.13832@duytanplasti.vn,Duy Tan Plastics,Procurement Manager,fintech,120,0702988438
Bùi Minh Bình,bui.minh.binh.13833@gemadeptlogi.vn,Gemadept Logistics,Procurement Manager,healthcare,500,0320189111
Nguyễn Xuân Mai,nguyen.xuan.mai.13834@gmail.com,Viet Tien Garment,Sales Director,software,50,0931056913
Bùi Hồng Tuấn,bui.hong.tuan.13835@shopeevietna.vn,Shopee Vietnam,CTO,manufacturing,500,0903705974
Hồ Thị Mai,ho.thi.mai.13836@duytanplasti.vn,Duy Tan Plastics,Procurement Manager,fintech,500,0974844789
Đỗ Quang Phúc,do.quang.phuc.13837@gemadeptlogi.vn,Gemadept Logistics,Marketing Manager,healthcare,10,0963660071
Lý Văn Oanh,ly.van.oanh.13838@gmail.com,Pharmacity,Kế toán trưởng,software,1500,0708022897
Lý Hữu Giang,ly.huu.giang.13839@gmail.com,Vinmec,Product Manager,retail,1500,0963638180
Trần Thị Trang,tran.thi.trang.13840@gmail.com,TopCV,CTO,retail,120,0357278245
Lê Văn Dũng,le.van.dung.13841@gmail.com,Pharmacity,Procurement Manager,education,1500,0868926463
Đặng Đức Tâm,dang.duc.tam.13842@momo.vn,MoMo,Operations Manager,education,1500,0352778548
Phan Đức Phúc,phan.duc.phuc.13843@thacoindustr.vn,Thaco Industries,Procurement Manager,manufacturing,250,0936974285
Lê Văn Khánh,le.van.khanh.13844@gmail.com,PNJ,Product Manager,retail,1500,0917006068
Ngô Văn Dũng,ngo.van.dung.13845@basevn.vn,Base.vn,CFO,healthcare,250,0863075271
Nguyễn Hồng Hà,nguyen.hong.ha.13846@gmail.com,Tiki,CFO,education,250,0964737252
Nguyễn Minh Tâm,nguyen.minh.tam.13847@pharmacity.vn,Pharmacity,Marketing Manager,logistics,500,0860180066
Nguyễn Minh Tâm,nguyen.minh.tam.13848@thacoindustr.vn,Thaco Industries,CEO,ecommerce,50,0974999173
Vũ Quang Dũng,vu.quang.dung.13849@shopeevietna.vn,Shopee Vietnam,Sales Director,education,50,0935982354
Hồ Ngọc Khánh,ho.ngoc.khanh.13850@basevn.vn,Base.vn,Marketing Manager,software,250,0973910428
Lý Ngọc Oanh,ly.ngoc.oanh.13851@basevn.vn,Base.vn,Procurement Manager,ecommerce,120,0904248488
Trần Đức Bình,tran.duc.binh.13852@gmail.com,VNG Corporation,Sales Director,fintech,25,0930024739
Bùi Hữu Dũng,bui.huu.dung.13853@vngcorporati.vn,VNG Corporation,Procurement Manager,retail,1500,0917536304
Đặng Thị An,dang.thi.an.13854@duytanplasti.vn,Duy Tan Plastics,Marketing Manager,fintech,1500,0706057110
Bùi Hồng Trang,bui.hong.trang.13855@shopeevietna.vn,Shopee Vietnam,Sales Director,software,25,0966575700
Lê Đức Dũng,le.duc.dung.13856@gmail.com,VNG Corporation,Sales Director,logistics,1500,0320645151
Vũ Minh An,vu.minh.an.13857@vinamilk.vn,Vinamilk,Procurement Manager,education,250,0910896630
Trần Hồng Linh,tran.hong.linh.13858@thacoindustr.vn,Thaco Industries,Sales Director,logistics,50,0867961426
Hồ Hồng Việt,ho.hong.viet.13859@thecoffeehou.vn,The Coffee House,CEO,healthcare,50,0326338704
Ngô Thanh Khánh,ngo.thanh.khanh.13860@pharmacity.vn,Pharmacity,CTO,retail,25,0970707703
Bùi Quang Hà,bui.quang.ha.13861@hoaphat.vn,Hoà Phát,CTO,logistics,25,0916084689
Đỗ Minh Giang,do.minh.giang.13862@duytanplasti.vn,Duy Tan Plastics,CEO,ecommerce,25,0937877976
Phạm Thanh Sơn,pham.thanh.son.13863@vinmec.vn,Vinmec,CEO,education,10,0978298249
Phan Quang Việt,phan.quang.viet.13864@gmail.com,Tiki,CFO,logistics,120,0932330550
Đỗ Thanh Việt,do.thanh.viet.13865@shopeevietna.vn,Shopee Vietnam,Procurement Manager,manufacturing,500,0973201342
Trần Thanh Sơn,tran.thanh.son.13866@hoaphat.vn,Hoà Phát,Marketing Manager,healthcare,1500,0972219859
Bùi Xuân Nam,bui.xuan.nam.13867@gmail.com,Tiki,Kế toán trưởng,healthcare,250,0961571092
Đặng Văn Sơn,dang.van.son.13868@gmail.com,Vinamilk,Kế toán trưởng,retail,250,0860982760
Vũ Ngọc Châu,vu.ngoc.chau.13869@basevn.vn,Base.vn,CTO,healthcare,1500,0868003288
Vũ Ngọc Châu,vu.ngoc.chau.13870@duytanplasti.vn,Duy Tan Plastics,Procurement Manager,logistics,1500,0862761289
Nguyễn Minh Lan,nguyen.minh.lan.13871@vinmec.vn,Vinmec,Product Manager,ecommerce,25,0931913370
Bùi Ngọc Việt,bui.ngoc.viet.13872@kiotviet.vn,KiotViet,CTO,education,120,0911593545
Đỗ Văn Tuấn,do.van.tuan.13873@haravan.vn,Haravan,Product Manager,logistics,10,0969166343
Bùi Minh Dũng,bui.minh.dung.13874@vngcorporati.vn,VNG Corporation,Head of Finance,software,50,0969200505
Nguyễn Thanh Nam,nguyen.thanh.nam.13875@gmail.com,PNJ,Operations Manager,healthcare,1500,0704940260
Vũ Minh Giang,vu.minh.giang.13876@gmail.com,PNJ,Sales Director,logistics,25,0907899646
Đỗ Hữu An,do.huu.an.13877@tiki.vn,Tiki,Head of Finance,ecommerce,25,0709102630
Vũ Quang Khánh,vu.quang.khanh.13878@pharmacity.vn,Pharmacity,Procurement Manager,fintech,500,0962289474
Nguyễn Quang Khánh,nguyen.quang.khanh.13879@basevn.vn,Base.vn,Head of Finance,logistics,10,0914291252
Hồ Thị Giang,ho.thi.giang.13880@hoaphat.vn,Hoà Phát,Kế toán trưởng,manufacturing,120,0324167887
Phạm Thị Nam,pham.thi.nam.13881@gmail.com,PNJ,Procurement Manager,healthcare,10,0969910808
Phạm Ngọc Sơn,pham.ngoc.son.13882@duytanplasti.vn,Duy Tan Plastics,CEO,fintech,1500,0329343993
Phan Minh An,phan.minh.an.13883@gmail.com,Hoà Phát,CFO,manufacturing,1500,0960389427
Nguyễn Hồng Hà,nguyen.hong.ha.13884@gmail.com,Vinmec,CTO,healthcare,1500,0701286670
Đặng Hữu Hùng,dang.huu.hung.13885@topcv.vn,TopCV,Head of Finance,software,25,0930401234
Phạm Đức Tâm,pham.duc.tam.13886@topcv.vn,TopCV,Product Manager,healthcare,10,0931992432
Vũ Quang Khánh,vu.quang.khanh.13887@gmail.com,The Coffee House,CEO,ecommerce,120,0351025542
Phan Hồng Việt,phan.hong.viet.13888@fptsoftware.vn,FPT Software,Procurement Manager,manufacturing,120,0975802761
Bùi Văn Mai,bui.van.mai.13889@gemadeptlogi.vn,Gemadept Logistics,CTO,education,120,0930534253
Dương Hữu Linh,duong.huu.linh.13890@shopeevietna.vn,Shopee Vietnam,Operations Manager,logistics,10,0969393320
Võ Đức Oanh,vo.duc.oanh.13891@fptsoftware.vn,FPT Software,CFO,education,500,0328243841
Lê Ngọc An,le.ngoc.an.13892@gmail.com,VNG Corporation,Sales Director,software,250,0960024271
Hồ Ngọc Mai,ho.ngoc.mai.13893@gmail.com,TopCV,Procurement Manager,retail,500,0961416599
Phạm Xuân Sơn,pham.xuan.son.13894@gmail.com,Tiki,CFO,software,50,0701223545
Hồ Xuân An,ho.xuan.an.13895@gemadeptlogi.vn,Gemadept Logistics,Kế toán trưởng,logistics,50,0867664692
Lý Thị Oanh,ly.thi.oanh.13896@cenland.vn,CenLand,Operations Manager,logistics,25,0916460677
Lý Hữu Nam,ly.huu.nam.13897@pnj.vn,PNJ,CTO,healthcare,10,0902985615
Dương Hồng Khánh,duong.hong.khanh.13898@gmail.com,FPT Software,CEO,healthcare,10,0966320200
Phạm Xuân Tuấn,pham.xuan.tuan.13899@tiki.vn,Tiki,Marketing Manager,retail,250,0930822051
Bùi Hữu Tuấn,bui.huu.tuan.13900@viettiengarm.vn,Viet Tien Garment,Product Manager,education,25,0970440063
Hoàng Thị Nam,hoang.thi.nam.13901@fptsoftware.vn,FPT Software,Kế toán trưởng,manufacturing,25,0971536817
Nguyễn Xuân Châu,nguyen.xuan.chau.13902@gmail.com,Haravan,Head of Finance,manufacturing,50,0918881681
Dương Hồng Sơn,duong.hong.son.13903@pharmacity.vn,Pharmacity,Operations Manager,manufacturing,10,0968488076
Trần Quang Oanh,tran.quang.oanh.13904@pharmacity.vn,Pharmacity,CTO,software,250,0702858862
Lý Ngọc Quân,ly.ngoc.quan.13905@pharmacity.vn,Pharmacity,Product Manager,manufacturing,50,0974347427
Ngô Xuân Mai,ngo.xuan.mai.13906@thacoindustr.vn,Thaco Industries,Head of Finance,logistics,1500,0917023988
Võ Văn Giang,vo.van.giang.13907@gmail.com,Viet Tien Garment,CEO,software,250,0863418299
Nguyễn Thanh Trang,nguyen.thanh.trang.13908@duytanplasti.vn,Duy Tan Plastics,CTO,software,1500,0901890952
Lê Hồng Khánh,le.hong.khanh.13909@vngcorporati.vn,VNG Corporation,CFO,education,25,0969929053
Lý Văn Hùng,ly.van.hung.13910@viettiengarm.vn,Viet Tien Garment,Head of Finance,manufacturing,120,0900200741
Lý Xuân Châu,ly.xuan.chau.13911@tiki.vn,Tiki,CEO,retail,25,0963763709
Hồ Thanh Phúc,ho.thanh.phuc.13912@gmail.com,Vinmec,Product Manager,fintech,120,0933599357
Lê Thanh Lan,le.thanh.lan.13913@momo.vn,MoMo,Head of Finance,software,10,0963204473
Lê Văn Việt,le.van.viet.13914@gemadeptlogi.vn,Gemadept Logistics,CEO,logistics,250,0910579738
Hồ Đức Tâm,ho.duc.tam.13915@gmail.com,MoMo,CTO,ecommerce,500,0913211677
Võ Minh Phúc,vo.minh.phuc.13916@viettiengarm.vn,Viet Tien Garment,Sales Director,retail,10,0977351207
Phạm Hữu Phúc,pham.huu.phuc.13917@basevn.vn,Base.vn,Procurement Manager,manufacturing,10,0909401855
Bùi Thanh Giang,bui.thanh.giang.13918@gmail.com,Shopee Vietnam,Marketing Manager,logistics,25,0862051477
Phan Thanh Linh,phan.thanh.linh.13919@duytanplasti.vn,Duy Tan Plastics,Head of Finance,retail,10,0901282647
Ngô Minh Tâm,ngo.minh.tam.13920@momo.vn,MoMo,CFO,software,500,0700371831
Dương Hữu Phúc,duong.huu.phuc.13921@gemadeptlogi.vn,Gemadept Logistics,Operations Manager,ecommerce,10,0869447149
Phan Xuân Quân,phan.xuan.quan.13922@thacoindustr.vn,Thaco Industries,Kế toán trưởng,manufacturing,500,0915700920
Phạm Đức Trang,pham.duc.trang.13923@gemadeptlogi.vn,Gemadept Logistics,CTO,manufacturing,1500,0931685220
Trần Đức Châu,tran.duc.chau.13924@gmail.com,Haravan,Product Manager,software,1500,0931397779
Vũ Hữu Dũng,vu.huu.dung.13925@gmail.com,Gemadept Logistics,Sales Director,fintech,250,0862637396
Dương Minh Hà,duong.minh.ha.13926@gmail.com,KiotViet,Procurement Manager,education,500,0352932321
Vũ Đức Oanh,vu.duc.oanh.13927@gmail.com,VNG Corporation,CTO,healthcare,10,0866756186
Trần Đức Dũng,tran.duc.dung.13928@fptsoftware.vn,FPT Software,CTO,fintech,120,0909486208
Đặng Hữu Giang,dang.huu.giang.13929@gmail.com,Duy Tan Plastics,Sales Director,retail,250,0937317043
Phạm Thị Bình,pham.thi.binh.13930@gmail.com,FPT Software,CFO,retail,250,0918154594
Dương Văn Oanh,duong.van.oanh.13931@gemadeptlogi.vn,Gemadept Logistics,CFO,manufacturing,120,0934955148
Hoàng Hữu Sơn,hoang.huu.son.13932@gmail.com,VNG Corporation,CEO,software,25,0900111925
Nguyễn Hữu Hà,nguyen.huu.ha.13933@thecoffeehou.vn,The Coffee House,CTO,ecommerce,10,0359192450
Dương Đức Tâm,duong.duc.tam.13934@thecoffeehou.vn,The Coffee House,Sales Director,ecommerce,250,0934458140
Bùi Thanh Oanh,bui.thanh.oanh.13935@hoaphat.vn,Hoà Phát,Product Manager,healthcare,10,0909082838
Hồ Hữu Phúc,ho.huu.phuc.13936@gmail.com,MoMo,CEO,education,120,0327196726
Đặng Hữu Giang,dang.huu.giang.13937@vngcorporati.vn,VNG Corporation,Procurement Manager,fintech,50,0869574815
Ngô Minh Quân,ngo.minh.quan.13938@thecoffeehou.vn,The Coffee House,CTO,ecommerce,120,0703866306
Đặng Xuân An,dang.xuan.an.13939@gemadeptlogi.vn,Gemadept Logistics,CFO,retail,10,0354539205
Nguyễn Minh Bình,nguyen.minh.binh.13940@gmail.com,Pharmacity,Marketing Manager,retail,10,0706224768
Lý Ngọc Tuấn,ly.ngoc.tuan.13941@gmail.com,Thaco Industries,Sales Director,education,250,0353808703
Vũ Hồng Khánh,vu.hong.khanh.13942@kiotviet.vn,KiotViet,Head of Finance,retail,500,0354433464
Ngô Quang Việt,ngo.quang.viet.13943@tiki.vn,Tiki,CEO,education,10,0869618613
Võ Văn Tuấn,vo.van.tuan.13944@gmail.com,Duy Tan Plastics,CFO,healthcare,50,0930855572
Võ Ngọc Mai,vo.ngoc.mai.13945@topcv.vn,TopCV,Operations Manager,manufacturing,500,0904017416
Lý Minh Trang,ly.minh.trang.13946@cenland.vn,CenLand,CTO,education,1500,0967085384
Phan Đức Việt,phan.duc.viet.13947@gmail.com,Vinmec,Procurement Manager,education,10,0978209061
Nguyễn Hồng An,nguyen.hong.an.13948@gmail.com,Tiki,Procurement Manager,fintech,10,0967079281
Lê Thanh Bình,le.thanh.binh.13949@fptsoftware.vn,FPT Software,Marketing Manager,ecommerce,10,0967357458
Võ Hồng Việt,vo.hong.viet.13950@basevn.vn,Base.vn,Procurement Manager,ecommerce,1500,0863307869
Hồ Đức Bình,ho.duc.binh.13951@gmail.com,Gemadept Logistics,Operations Manager,healthcare,25,0904038434
Bùi Ngọc Việt,bui.ngoc.viet.13952@viettiengarm.vn,Viet Tien Garment,CFO,logistics,50,0938222711
Võ Minh Sơn,vo.minh.son.13953@gmail.com,Viet Tien Garment,CFO,manufacturing,250,0915849709
Bùi Thị Tuấn,bui.thi.tuan.13954@haravan.vn,Haravan,Marketing Manager,healthcare,50,0863080932
Trần Hồng Trang,tran.hong.trang.13955@hoaphat.vn,Hoà Phát,Head of Finance,manufacturing,25,0969349194
Đỗ Thanh Nam,do.thanh.nam.13956@gmail.com,Haravan,Head of Finance,retail,250,0864588354
Hồ Minh Khánh,ho.minh.khanh.13957@topcv.vn,TopCV,Procurement Manager,fintech,500,0705478824
Hoàng Hồng Bình,hoang.hong.binh.13958@vngcorporati.vn,VNG Corporation,Sales Director,ecommerce,1500,0933802565
Võ Hồng Tâm,vo.hong.tam.13959@tiki.vn,Tiki,CTO,retail,25,0352370103
Dương Thanh Lan,duong.thanh.lan.13960@fptsoftware.vn,FPT Software,Kế toán trưởng,software,50,0352027790
Võ Văn Khánh,vo.van.khanh.13961@pharmacity.vn,Pharmacity,CTO,ecommerce,50,0914898017
Phạm Hồng Giang,pham.hong.giang.13962@tiki.vn,Tiki,CFO,fintech,250,0962626859
Phan Hữu Phúc,phan.huu.phuc.13963@cenland.vn,CenLand,Procurement Manager,education,10,0963695342
Đỗ Hồng Giang,do.hong.giang.13964@gmail.com,CenLand,CEO,logistics,50,0322744731
Võ Xuân Giang,vo.xuan.giang.13965@shopeevietna.vn,Shopee Vietnam,CTO,logistics,50,0960539069
Lê Ngọc Quân,le.ngoc.quan.13966@vinmec.vn,Vinmec,Procurement Manager,manufacturing,1500,0978036345
Lý Đức Bình,ly.duc.binh.13967@gemadeptlogi.vn,Gemadept Logistics,CEO,logistics,500,0901910002
Nguyễn Hồng Mai,nguyen.hong.mai.13968@tiki.vn,Tiki,Procurement Manager,ecommerce,500,0977404792
Dương Thanh Lan,duong.thanh.lan.13969@gmail.com,FPT Software,CEO,software,1500,0912251419
Phan Đức Châu,phan.duc.chau.13970@gmail.com,Tiki,Operations Manager,ecommerce,120,0914872716
Đặng Thị Lan,dang.thi.lan.13971@haravan.vn,Haravan,Kế toán trưởng,software,120,0359201619
Hoàng Hồng Lan,hoang.hong.lan.13972@gmail.com,Viet Tien Garment,Operations Manager,education,25,0975922481
Đỗ Quang An,do.quang.an.13973@kiotviet.vn,KiotViet,Product Manager,retail,25,0911896670
Đỗ Xuân Giang,do.xuan.giang.13974@hoaphat.vn,Hoà Phát,CEO,software,1500,0930666128
Hồ Hồng Lan,ho.hong.lan.13975@gmail.com,The Coffee House,Marketing Manager,retail,25,0979895188
Hoàng Hữu Lan,hoang.huu.lan.13976@vngcorporati.vn,VNG Corporation,Marketing Manager,software,25,0976210468
Lê Minh Mai,le.minh.mai.13977@momo.vn,MoMo,Sales Director,manufacturing,120,0973831913
Hoàng Minh Linh,hoang.minh.linh.13978@gmail.com,Haravan,Marketing Manager,retail,1500,0706320150
Lê Đức Mai,le.duc.mai.13979@vinmec.vn,Vinmec,Procurement Manager,fintech,50,0905793234
Nguyễn Hữu Tuấn,nguyen.huu.tuan.13980@gmail.com,Haravan,Product Manager,manufacturing,25,0866520925
Nguyễn Văn Khánh,nguyen.van.khanh.13981@thecoffeehou.vn,The Coffee House,Procurement Manager,manufacturing,50,0976341754
Phạm Ngọc An,pham.ngoc.an.13982@gmail.com,FPT Software,Head of Finance,fintech,250,0327137392
Lý Xuân Tuấn,ly.xuan.tuan.13983@cenland.vn,CenLand,Head of Finance,logistics,25,0966952355
Ngô Hữu Mai,ngo.huu.mai.13984@duytanplasti.vn,Duy Tan Plastics,Marketing Manager,education,1500,0356526213
Phạm Ngọc Việt,pham.ngoc.viet.13985@duytanplasti.vn,Duy Tan Plastics,CEO,logistics,500,0911516324
Đỗ Quang Quân,do.quang.quan.13986@gmail.com,CenLand,Sales Director,software,1500,0914045513
Đặng Xuân Phúc,dang.xuan.phuc.13987@gmail.com,Hoà Phát,Operations Manager,education,25,0902274652
Võ Quang Linh,vo.quang.linh.13988@cenland.vn,CenLand,CFO,logistics,1500,0354168068
Hồ Quang Giang,ho.quang.giang.13989@gmail.com,Duy Tan Plastics,CEO,healthcare,50,0328773835
Lê Minh Dũng,le.minh.dung.13990@kiotviet.vn,KiotViet,Head of Finance,manufacturing,10,0938827084
Lý Ngọc Quân,ly.ngoc.quan.13991@vinamilk.vn,Vinamilk,CEO,fintech,50,0702956032
Phan Minh Bình,phan.minh.binh.13992@pharmacity.vn,Pharmacity,Operations Manager,fintech,50,0709979265
Bùi Đức Phúc,bui.duc.phuc.13993@kiotviet.vn,KiotViet,CEO,ecommerce,1500,0906858942
Nguyễn Hữu Hà,nguyen.huu.ha.13994@fptsoftware.vn,FPT Software,Kế toán trưởng,retail,500,0968965124
Dương Xuân An,duong.xuan.an.13995@fptsoftware.vn,FPT Software,CFO,logistics,50,0865542131
Phạm Xuân Trang,pham.xuan.trang.13996@gmail.com,Pharmacity,CTO,fintech,1500,0909437662
Hoàng Hồng Hà,hoang.hong.ha.13997@cenland.vn,CenLand,CFO,ecommerce,500,0930672081
Hoàng Ngọc Sơn,hoang.ngoc.son.13998@pnj.vn,PNJ,CFO,ecommerce,120,0931282354
Ngô Hồng Nam,ngo.hong.nam.13999@vinmec.vn,Vinmec,Head of Finance,logistics,500,0963925913
Trần Ngọc Tuấn,tran.ngoc.tuan.14000@topcv.vn,TopCV,CTO,fintech,1500,0914649255
Vũ Hữu Mai,vu.huu.mai.14001@topcv.vn,TopCV,Head of Finance,retail,50,0860923288
Lý Hữu Sơn,ly.huu.son.14002@vinmec.vn,Vinmec,Operations Manager,ecommerce,250,0975772741
Vũ Ngọc Tâm,vu.ngoc.tam.14003@cenland.vn,CenLand,CFO,software,25,0912773238
Bùi Thanh Sơn,bui.thanh.son.14004@vngcorporati.vn,VNG Corporation,CFO,software,250,0936195859
Phạm Ngọc Mai,pham.ngoc.mai.14005@thecoffeehou.vn,The Coffee House,Marketing Manager,logistics,10,0963822449
Võ Ngọc Sơn,vo.ngoc.son.14006@vngcorporati.vn,VNG Corporation,Procurement Manager,healthcare,50,0703912740
Lê Quang Linh,le.quang.linh.14007@vinmec.vn,Vinmec,Product Manager,fintech,250,0906241958
Bùi Văn Khánh,bui.van.khanh.14008@vinmec.vn,Vinmec,Kế toán trưởng,manufacturing,120,0978734012
Lê Hữu Bình,le.huu.binh.14009@pharmacity.vn,Pharmacity,Marketing Manager,retail,50,0979201775
Ngô Đức Khánh,ngo.duc.khanh.14010@gmail.com,Vinamilk,Marketing Manager,retail,50,0917361014
Nguyễn Ngọc An,nguyen.ngoc.an.14011@pharmacity.vn,Pharmacity,CTO,retail,500,0864783286
Dương Minh Hùng,duong.minh.hung.14012@gmail.com,TopCV,CEO,ecommerce,120,0912115349
Hồ Hồng Tuấn,ho.hong.tuan.14013@vngcorporati.vn,VNG Corporation,CFO,retail,50,0701451387
Dương Xuân Sơn,duong.xuan.son.14014@pnj.vn,PNJ,Procurement Manager,software,25,0357985661
Bùi Xuân Quân,bui.xuan.quan.14015@haravan.vn,Haravan,Kế toán trưởng,retail,1500,0862244506
Dương Đức Dũng,duong.duc.dung.14016@gmail.com,Thaco Industries,Operations Manager,software,500,0709691103
Trần Thị Oanh,tran.thi.oanh.14017@pharmacity.vn,Pharmacity,Sales Director,education,1500,0869579131
Dương Quang Giang,duong.quang.giang.14018@kiotviet.vn,KiotViet,Operations Manager,retail,250,0976792096
Lý Quang Hà,ly.quang.ha.14019@vinamilk.vn,Vinamilk,Operations Manager,healthcare,500,0321896541
Nguyễn Hữu Châu,nguyen.huu.chau.14020@viettiengarm.vn,Viet Tien Garment,Marketing Manager,software,25,0979217970
Hồ Thanh Việt,ho.thanh.viet.14021@shopeevietna.vn,Shopee Vietnam,CFO,fintech,1500,0907562714
Võ Thị Hà,vo.thi.ha.14022@gmail.com,Shopee Vietnam,Kế toán trưởng,retail,500,0932070762
Bùi Đức Nam,bui.duc.nam.14023@gmail.com,Thaco Industries,Product Manager,logistics,250,0961917869
Nguyễn Đức Châu,nguyen.duc.chau.14024@hoaphat.vn,Hoà Phát,Product Manager,software,25,0910777323
Phạm Đức Châu,pham.duc.chau.14025@gmail.com,FPT Software,Procurement Manager,retail,500,0326957397
Trần Minh An,tran.minh.an.14026@haravan.vn,Haravan,Head of Finance,education,500,0862645973
Vũ Hồng Việt,vu.hong.viet.14027@gmail.com,KiotViet,CTO,retail,500,0935508732
Phạm Minh Tuấn,pham.minh.tuan.14028@shopeevietna.vn,Shopee Vietnam,Product Manager,logistics,500,0901404168
Dương Minh Hà,duong.minh.ha.14029@kiotviet.vn,KiotViet,Kế toán trưởng,manufacturing,500,0975162479
Vũ Hữu Nam,vu.huu.nam.14030@cenland.vn,CenLand,Marketing Manager,education,50,0707082633
Dương Thị Hùng,duong.thi.hung.14031@vinmec.vn,Vinmec,Marketing Manager,education,120,0703894375
Dương Xuân Nam,duong.xuan.nam.14032@gmail.com,Vinamilk,Product Manager,logistics,50,0702519475
Phạm Minh Phúc,pham.minh.phuc.14033@vinmec.vn,Vinmec,Marketing Manager,retail,25,0706148159
Đỗ Thị Quân,do.thi.quan.14034@thacoindustr.vn,Thaco Industries,Sales Director,manufacturing,10,0936638046
Nguyễn Quang Tuấn,nguyen.quang.tuan.14035@topcv.vn,TopCV,Marketing Manager,manufacturing,1500,0931308960
Vũ Hồng Tuấn,vu.hong.tuan.14036@cenland.vn,CenLand,Kế toán trưởng,healthcare,500,0321322017
Vũ Văn An,vu.van.an.14037@shopeevietna.vn,Shopee Vietnam,Kế toán trưởng,ecommerce,500,0320161834
Nguyễn Ngọc Tuấn,nguyen.ngoc.tuan.14038@gmail.com,TopCV,Procurement Manager,healthcare,250,0863039557
Phạm Minh Châu,pham.minh.chau.14039@gmail.com,MoMo,Sales Director,healthcare,25,0357643189
Đặng Hữu Hùng,dang.huu.hung.14040@fptsoftware.vn,FPT Software,CFO,manufacturing,120,0326300207
Võ Hồng Khánh,vo.hong.khanh.14041@pnj.vn,PNJ,Sales Director,software,250,0355755356
Phan Hữu Sơn,phan.huu.son.14042@fptsoftware.vn,FPT Software,Product Manager,manufacturing,1500,0867551872
Võ Hồng An,vo.hong.an.14043@thecoffeehou.vn,The Coffee House,Procurement Manager,manufacturing,10,0325211869
Dương Thị An,duong.thi.an.14044@basevn.vn,Base.vn,Procurement Manager,manufacturing,500,0932453933
Phan Hồng Trang,phan.hong.trang.14045@gmail.com,MoMo,Sales Director,healthcare,1500,0904514457
Phạm Minh Linh,pham.minh.linh.14046@vngcorporati.vn,VNG Corporation,CTO,software,50,0862508759
Đỗ Thị Tuấn,do.thi.tuan.14047@fptsoftware.vn,FPT Software,Sales Director,ecommerce,250,0963173135
Lý Xuân Bình,ly.xuan.binh.14048@vinamilk.vn,Vinamilk,CTO,ecommerce,1500,0861487530
Lý Hữu Bình,ly.huu.binh.14049@haravan.vn,Haravan,CTO,ecommerce,50,0327247850
Ngô Quang Mai,ngo.quang.mai.14050@pnj.vn,PNJ,Kế toán trưởng,logistics,500,0939555664
Phạm Quang Tuấn,pham.quang.tuan.14051@shopeevietna.vn,Shopee Vietnam,Kế toán trưởng,education,120,0973028581
Dương Thanh Dũng,duong.thanh.dung.14052@gmail.com,Shopee Vietnam,CFO,education,500,0866892985
Trần Đức Khánh,tran.duc.khanh.14053@vinmec.vn,Vinmec,Head of Finance,ecommerce,250,0321555170
Lê Văn Lan,le.van.lan.14054@duytanplasti.vn,Duy Tan Plastics,Procurement Manager,retail,10,0970542413
Bùi Thị Hùng,bui.thi.hung.14055@haravan.vn,Haravan,Head of Finance,software,1500,0703807768
Phan Ngọc Mai,phan.ngoc.mai.14056@gmail.com,KiotViet,Sales Director,logistics,1500,0708484066
Phạm Hồng Bình,pham.hong.binh.14057@gmail.com,PNJ,Operations Manager,fintech,500,0323885728
Dương Hữu Phúc,duong.huu.phuc.14058@gmail.com,The Coffee House,CFO,retail,1500,0325681225
Nguyễn Hồng Khánh,nguyen.hong.khanh.14059@tiki.vn,Tiki,CEO,software,250,0702433363
Lê Xuân Tuấn,le.xuan.tuan.14060@vinmec.vn,Vinmec,Head of Finance,education,50,0966043623
Lê Đức Nam,le.duc.nam.14061@thecoffeehou.vn,The Coffee House,Procurement Manager,retail,1500,0860331348
Lý Xuân Lan,ly.xuan.lan.14062@gmail.com,VNG Corporation,CEO,manufacturing,250,0910848798
Phạm Hồng Tâm,pham.hong.tam.14063@gmail.com,TopCV,CEO,logistics,50,0861862603
Phạm Hữu Nam,pham.huu.nam.14064@gmail.com,TopCV,Product Manager,ecommerce,50,0320184010
Vũ Xuân Nam,vu.xuan.nam.14065@kiotviet.vn,KiotViet,Operations Manager,healthcare,50,0919599311
Ngô Hồng Bình,ngo.hong.binh.14066@kiotviet.vn,KiotViet,Marketing Manager,software,25,0865480447
Đỗ Minh Linh,do.minh.linh.14067@kiotviet.vn,KiotViet,Kế toán trưởng,education,25,0869951194
Ngô Quang Mai,ngo.quang.mai.14068@haravan.vn,Haravan,CTO,ecommerce,10,0931423986
Hoàng Văn Nam,hoang.van.nam.14069@gmail.com,KiotViet,Head of Finance,fintech,25,0701714824
Dương Minh Khánh,duong.minh.khanh.14070@fptsoftware.vn,FPT Software,Marketing Manager,retail,50,0913691017
Đặng Đức Trang,dang.duc.trang.14071@pharmacity.vn,Pharmacity,CFO,fintech,500,0353028474
Võ Hữu Trang,vo.huu.trang.14072@pnj.vn,PNJ,Kế toán trưởng,software,1500,0934116099
Hoàng Minh Oanh,hoang.minh.oanh.14073@gmail.com,KiotViet,CTO,logistics,500,0971329384
Hoàng Hồng Nam,hoang.hong.nam.14074@basevn.vn,Base.vn,CEO,software,10,0358694104
Ngô Thanh Quân,ngo.thanh.quan.14075@basevn.vn,Base.vn,Head of Finance,ecommerce,50,0968105426
Ngô Thị Việt,ngo.thi.viet.14076@vinamilk.vn,Vinamilk,Operations Manager,healthcare,25,0904067310
Lê Hữu Oanh,le.huu.oanh.14077@duytanplasti.vn,Duy Tan Plastics,Procurement Manager,software,25,0965228517
Phan Hữu Lan,phan.huu.lan.14078@momo.vn,MoMo,Head of Finance,logistics,120,0915354333
Vũ Thị Sơn,vu.thi.son.14079@gmail.com,Thaco Industries,Operations Manager,healthcare,50,0939018260
Dương Thị Dũng,duong.thi.dung.14080@topcv.vn,TopCV,Marketing Manager,manufacturing,250,0905968276
Vũ Hồng Quân,vu.hong.quan.14081@gmail.com,Tiki,Sales Director,logistics,250,0914720285
Ngô Ngọc Phúc,ngo.ngoc.phuc.14082@haravan.vn,Haravan,Head of Finance,healthcare,25,0908038292
Lý Hồng Dũng,ly.hong.dung.14083@haravan.vn,Haravan,Kế toán trưởng,software,10,0353955756
Lý Minh Mai,ly.minh.mai.14084@thecoffeehou.vn,The Coffee House,Marketing Manager,manufacturing,1500,0325515987
Đỗ Ngọc Mai,do.ngoc.mai.14085@duytanplasti.vn,Duy Tan Plastics,Procurement Manager,ecommerce,25,0702935530
Đặng Quang Việt,dang.quang.viet.14086@vngcorporati.vn,VNG Corporation,Procurement Manager,manufacturing,500,0869245128
Lý Thị Tuấn,ly.thi.tuan.14087@gmail.com,Shopee Vietnam,Kế toán trưởng,education,10,0963960924
Ngô Thanh Mai,ngo.thanh.mai.14088@hoaphat.vn,Hoà Phát,CFO,ecommerce,500,0867225652
Ngô Minh Dũng,ngo.minh.dung.14089@topcv.vn,TopCV,Marketing Manager,logistics,120,0705957997
Phạm Minh Châu,pham.minh.chau.14090@gmail.com,Tiki,Marketing Manager,logistics,10,0702396203
Vũ Thị Trang,vu.thi.trang.14091@pharmacity.vn,Pharmacity,Procurement Manager,ecommerce,250,0974040567
Lý Xuân Hà,ly.xuan.ha.14092@basevn.vn,Base.vn,Product Manager,fintech,120,0972774513
Lê Hữu Châu,le.huu.chau.14093@gemadeptlogi.vn,Gemadept Logistics,Sales Director,healthcare,250,0976662937
Nguyễn Xuân Dũng,nguyen.xuan.dung.14094@topcv.vn,TopCV,Sales Director,logistics,10,0323849399
Trần Thanh Khánh,tran.thanh.khanh.14095@topcv.vn,TopCV,CFO,retail,50,0708522413
Trần Quang Oanh,tran.quang.oanh.14096@vngcorporati.vn,VNG Corporation,Sales Director,software,25,0869295102
Dương Thị Sơn,duong.thi.son.14097@gmail.com,Vinmec,Head of Finance,education,1500,0701061676
Trần Thanh Hùng,tran.thanh.hung.14098@fptsoftware.vn,FPT Software,Operations Manager,retail,1500,0939992639
Đỗ Xuân Tâm,do.xuan.tam.14099@basevn.vn,Base.vn,CEO,logistics,500,0352682500
Lý Thanh Mai,ly.thanh.mai.14100@fptsoftware.vn,FPT Software,CEO,healthcare,500,0352807489
Đỗ Thanh Linh,do.thanh.linh.14101@vngcorporati.vn,VNG Corporation,CTO,fintech,50,0704759331
Dương Thị Giang,duong.thi.giang.14102@gmail.com,KiotViet,Kế toán trưởng,manufacturing,250,0351856291
Phạm Xuân Dũng,pham.xuan.dung.14103@thecoffeehou.vn,The Coffee House,Kế toán trưởng,retail,500,0902679732
Nguyễn Minh Quân,nguyen.minh.quan.14104@gmail.com,VNG Corporation,Kế toán trưởng,retail,1500,0329799213
Đỗ Hữu Quân,do.huu.quan.14105@vngcorporati.vn,VNG Corporation,Marketing Manager,ecommerce,10,0933221791
Trần Đức Giang,tran.duc.giang.14106@pnj.vn,PNJ,Sales Director,education,500,0915800943
Lê Hữu Mai,le.huu.mai.14107@shopeevietna.vn,Shopee Vietnam,Head of Finance,logistics,250,0707079654
Phạm Hồng Hà,pham.hong.ha.14108@pharmacity.vn,Pharmacity,Head of Finance,fintech,500,0909019638
Hoàng Văn Hùng,hoang.van.hung.14109@pharmacity.vn,Pharmacity,Head of Finance,education,250,0919165344
Đặng Văn Hà,dang.van.ha.14110@gmail.com,Gemadept Logistics,CFO,education,250,0322046390
Hồ Văn Oanh,ho.van.oanh.14111@vinamilk.vn,Vinamilk,Kế toán trưởng,manufacturing,10,0903469362
Bùi Văn Việt,bui.van.viet.14112@gmail.com,KiotViet,CEO,fintech,10,0934978230
Lê Văn Dũng,le.van.dung.14113@pnj.vn,PNJ,Marketing Manager,healthcare,1500,0862124426
Võ Thanh Dũng,vo.thanh.dung.14114@pharmacity.vn,Pharmacity,Sales Director,software,1500,0701031216
Hồ Văn Dũng,ho.van.dung.14115@thecoffeehou.vn,The Coffee House,CEO,ecommerce,500,0969150891
Nguyễn Văn Khánh,nguyen.van.khanh.14116@gmail.com,Pharmacity,Marketing Manager,retail,1500,0352895524
Hồ Hồng Oanh,ho.hong.oanh.14117@gmail.com,VNG Corporation,Sales Director,healthcare,120,0931314175
Hồ Hồng An,ho.hong.an.14118@tiki.vn,Tiki,Product Manager,retail,50,0914798696
Đặng Xuân Hùng,dang.xuan.hung.14119@pharmacity.vn,Pharmacity,CTO,ecommerce,500,0914154364
Phan Ngọc Tuấn,phan.ngoc.tuan.14120@gmail.com,CenLand,Head of Finance,software,25,0863459154
Đặng Đức Dũng,dang.duc.dung.14121@tiki.vn,Tiki,Head of Finance,fintech,25,0353340584
Ngô Xuân Việt,ngo.xuan.viet.14122@duytanplasti.vn,Duy Tan Plastics,CFO,manufacturing,25,0903971338
Ngô Ngọc Dũng,ngo.ngoc.dung.14123@pharmacity.vn,Pharmacity,Procurement Manager,fintech,250,0357122203
Đặng Quang Hà,dang.quang.ha.14124@cenland.vn,CenLand,Procurement Manager,education,500,0938192053
Dương Quang Tuấn,duong.quang.tuan.14125@momo.vn,MoMo,Operations Manager,ecommerce,25,0934133340
Hoàng Hồng Châu,hoang.hong.chau.14126@gmail.com,KiotViet,CFO,software,50,0911949680
Lý Quang An,ly.quang.an.14127@gmail.com,KiotViet,Procurement Manager,education,1500,0978809926
Hoàng Thị Nam,hoang.thi.nam.14128@gmail.com,Vinmec,Sales Director,healthcare,25,0321085532
Trần Đức Lan,tran.duc.lan.14129@viettiengarm.vn,Viet Tien Garment,CFO,healthcare,500,0328392016
Đặng Quang Trang,dang.quang.trang.14130@basevn.vn,Base.vn,Head of Finance,education,25,0961803656
Dương Thị Phúc,duong.thi.phuc.14131@shopeevietna.vn,Shopee Vietnam,Procurement Manager,ecommerce,250,0913781299
Trần Minh Lan,tran.minh.lan.14132@gmail.com,Base.vn,Product Manager,healthcare,10,0938388462
Vũ Hữu Tuấn,vu.huu.tuan.14133@duytanplasti.vn,Duy Tan Plastics,Sales Director,logistics,1500,0700862307
Lê Thị Giang,le.thi.giang.14134@vngcorporati.vn,VNG Corporation,Operations Manager,healthcare,120,0868769820
Hồ Xuân Mai,ho.xuan.mai.14135@gmail.com,Vinmec,Marketing Manager,manufacturing,120,0904294043
Lý Hữu Sơn,ly.huu.son.14136@thecoffeehou.vn,The Coffee House,CEO,logistics,10,0914749077
Trần Thanh Lan,tran.thanh.lan.14137@gmail.com,Gemadept Logistics,Operations Manager,software,10,0973644312
Hồ Quang Tâm,ho.quang.tam.14138@basevn.vn,Base.vn,Procurement Manager,healthcare,25,0863411612
Dương Văn Mai,duong.van.mai.14139@basevn.vn,Base.vn,Marketing Manager,logistics,250,0936661787
Vũ Ngọc Nam,vu.ngoc.nam.14140@tiki.vn,Tiki,CFO,software,500,0869380640
Dương Văn Khánh,duong.van.khanh.14141@haravan.vn,Haravan,Procurement Manager,healthcare,50,0936898702
Võ Thanh Oanh,vo.thanh.oanh.14142@gmail.com,VNG Corporation,Product Manager,software,500,0970465268
Ngô Quang Hùng,ngo.quang.hung.14143@hoaphat.vn,Hoà Phát,Head of Finance,education,120,0350825310
Ngô Ngọc Tâm,ngo.ngoc.tam.14144@momo.vn,MoMo,Head of Finance,education,10,0350117522
Bùi Văn Hà,bui.van.ha.14145@gmail.com,The Coffee House,Head of Finance,software,50,0971551529
Hoàng Thanh Khánh,hoang.thanh.khanh.14146@cenland.vn,CenLand,Head of Finance,logistics,25,0937003053
Hồ Hồng Linh,ho.hong.linh.14147@shopeevietna.vn,Shopee Vietnam,Head of Finance,fintech,50,0329891048
Vũ Thị Bình,vu.thi.binh.14148@viettiengarm.vn,Viet Tien Garment,Kế toán trưởng,healthcare,10,0933342941
Hồ Hữu Trang,ho.huu.trang.14149@gmail.com,CenLand,Head of Finance,logistics,25,0969168078
Phạm Văn Việt,pham.van.viet.14150@gmail.com,KiotViet,Head of Finance,fintech,250,0963180877
Bùi Hữu Tâm,bui.huu.tam.14151@pharmacity.vn,Pharmacity,CFO,education,25,0869632290
Vũ Hữu Nam,vu.huu.nam.14152@thecoffeehou.vn,The Coffee House,Product Manager,manufacturing,120,0703280817
Đỗ Thanh Nam,do.thanh.nam.14153@gmail.com,Duy Tan Plastics,Marketing Manager,retail,120,0868402872
Ngô Thị Bình,ngo.thi.binh.14154@thacoindustr.vn,Thaco Industries,CFO,retail,50,0965069531
Phan Minh Oanh,phan.minh.oanh.14155@gmail.com,Base.vn,CTO,fintech,500,0938017816
Hồ Đức Lan,ho.duc.lan.14156@viettiengarm.vn,Viet Tien Garment,CFO,software,25,0355359808
Phan Hồng Giang,phan.hong.giang.14157@gmail.com,Thaco Industries,CFO,logistics,120,0320595433
Võ Thanh Lan,vo.thanh.lan.14158@pharmacity.vn,Pharmacity,Head of Finance,retail,10,0905601080
Dương Quang Linh,duong.quang.linh.14159@shopeevietna.vn,Shopee Vietnam,Product Manager,fintech,500,0969846435
Nguyễn Thị Hà,nguyen.thi.ha.14160@momo.vn,MoMo,CEO,education,500,0863624756
Bùi Minh Dũng,bui.minh.dung.14161@pharmacity.vn,Pharmacity,Head of Finance,logistics,10,0900943420
Bùi Minh An,bui.minh.an.14162@pnj.vn,PNJ,Marketing Manager,retail,500,0860529977
Đỗ Minh Việt,do.minh.viet.14163@cenland.vn,CenLand,CTO,fintech,120,0355248169
Bùi Minh Tâm,bui.minh.tam.14164@gmail.com,MoMo,Procurement Manager,education,250,0938080202
Vũ Ngọc Bình,vu.ngoc.binh.14165@vngcorporati.vn,VNG Corporation,CTO,healthcare,25,0903828895
Nguyễn Hữu Dũng,nguyen.huu.dung.14166@thecoffeehou.vn,The Coffee House,Product Manager,healthcare,500,0973881841
Lê Văn Châu,le.van.chau.14167@gmail.com,Vinmec,Procurement Manager,healthcare,120,0938487342
Lê Ngọc Mai,le.ngoc.mai.14168@fptsoftware.vn,FPT Software,Marketing Manager,software,10,0913488962
Đặng Ngọc Linh,dang.ngoc.linh.14169@topcv.vn,TopCV,CTO,ecommerce,1500,0935071971
Hoàng Thị Sơn,hoang.thi.son.14170@momo.vn,MoMo,CTO,manufacturing,25,0976207803
Võ Xuân Linh,vo.xuan.linh.14171@gmail.com,Shopee Vietnam,Marketing Manager,healthcare,500,0979332204
Nguyễn Hồng Hà,nguyen.hong.ha.14172@basevn.vn,Base.vn,Marketing Manager,fintech,1500,0967708651
Phạm Xuân Nam,pham.xuan.nam.14173@momo.vn,MoMo,Product Manager,healthcare,250,0917460102
Lê Xuân Bình,le.xuan.binh.14174@gmail.com,MoMo,Sales Director,education,50,0973863041
Phan Quang Bình,phan.quang.binh.14175@gmail.com,Vinamilk,CTO,ecommerce,50,0904255144
Hoàng Thị Oanh,hoang.thi.oanh.14176@gmail.com,TopCV,Sales Director,fintech,25,0971813828
Đặng Quang Nam,dang.quang.nam.14177@cenland.vn,CenLand,Product Manager,education,50,0902976675
Lê Văn Phúc,le.van.phuc.14178@topcv.vn,TopCV,Kế toán trưởng,retail,1500,0912633040
Bùi Xuân Việt,bui.xuan.viet.14179@pnj.vn,PNJ,CTO,ecommerce,120,0706774412
Phan Văn Linh,phan.van.linh.14180@cenland.vn,CenLand,CEO,education,120,0910242903
Đặng Hữu An,dang.huu.an.14181@momo.vn,MoMo,Kế toán trưởng,healthcare,250,0905809023
Phạm Thị Hùng,pham.thi.hung.14182@thecoffeehou.vn,The Coffee House,Operations Manager,manufacturing,25,0935481423
Phạm Ngọc Phúc,pham.ngoc.phuc.14183@shopeevietna.vn,Shopee Vietnam,Kế toán trưởng,education,250,0970045608
Trần Thanh An,tran.thanh.an.14184@hoaphat.vn,Hoà Phát,Product Manager,software,50,0703172422
Ngô Thị Hà,ngo.thi.ha.14185@pnj.vn,PNJ,CEO,manufacturing,500,0938736932
Võ Quang Phúc,vo.quang.phuc.14186@vngcorporati.vn,VNG Corporation,Kế toán trưởng,retail,1500,0322678402
Hoàng Ngọc Việt,hoang.ngoc.viet.14187@duytanplasti.vn,Duy Tan Plastics,CEO,logistics,25,0327176289
Phan Hồng Hùng,phan.hong.hung.14188@fptsoftware.vn,FPT Software,Product Manager,education,120,0863488269
Trần Thanh Oanh,tran.thanh.oanh.14189@shopeevietna.vn,Shopee Vietnam,CEO,retail,25,0867789160
Trần Xuân Việt,tran.xuan.viet.14190@gmail.com,Vinmec,Marketing Manager,education,50,0917644389
Dương Văn Khánh,duong.van.khanh.14191@vinamilk.vn,Vinamilk,Procurement Manager,healthcare,25,0917713795
Ngô Đức Trang,ngo.duc.trang.14192@gmail.com,Hoà Phát,Product Manager,logistics,10,0966120728
Lê Văn Giang,le.van.giang.14193@pharmacity.vn,Pharmacity,Procurement Manager,healthcare,25,0351103598
Đặng Hữu Việt,dang.huu.viet.14194@pnj.vn,PNJ,CEO,healthcare,50,0358017477
Dương Đức Linh,duong.duc.linh.14195@gmail.com,The Coffee House,Marketing Manager,manufacturing,250,0709317782
Trần Minh Hà,tran.minh.ha.14196@gmail.com,Haravan,Sales Director,fintech,10,0960183472
Lý Hữu Tuấn,ly.huu.tuan.14197@gmail.com,Hoà Phát,Operations Manager,fintech,1500,0938800562
Bùi Văn Dũng,bui.van.dung.14198@gmail.com,Viet Tien Garment,Operations Manager,manufacturing,250,0353841257
Trần Hồng Linh,tran.hong.linh.14199@thecoffeehou.vn,The Coffee House,Kế toán trưởng,ecommerce,1500,0976179897
Đặng Hữu Châu,dang.huu.chau.14200@momo.vn,MoMo,CEO,retail,25,0938800258
Lê Thị Tuấn,le.thi.tuan.14201@viettiengarm.vn,Viet Tien Garment,CEO,fintech,10,0705216291
Hoàng Thị Bình,hoang.thi.binh.14202@gmail.com,FPT Software,Kế toán trưởng,logistics,120,0930146750
Dương Đức An,duong.duc.an.14203@kiotviet.vn,KiotViet,Marketing Manager,retail,120,0964367029
Dương Minh Quân,duong.minh.quan.14204@gmail.com,MoMo,Operations Manager,education,25,0351204837
Bùi Văn Hà,bui.van.ha.14205@gmail.com,Shopee Vietnam,Procurement Manager,manufacturing,50,0934155600
Vũ Quang Tuấn,vu.quang.tuan.14206@gmail.com,MoMo,Product Manager,software,10,0969550788
Nguyễn Quang Việt,nguyen.quang.viet.14207@fptsoftware.vn,FPT Software,Procurement Manager,ecommerce,120,0904932922
Hoàng Thanh Khánh,hoang.thanh.khanh.14208@gmail.com,FPT Software,Operations Manager,ecommerce,10,0709036993
Hoàng Ngọc Linh,hoang.ngoc.linh.14209@topcv.vn,TopCV,CFO,retail,250,0705870558
Trần Ngọc Khánh,tran.ngoc.khanh.14210@duytanplasti.vn,Duy Tan Plastics,CEO,retail,10,0976400076
Phan Thanh Trang,phan.thanh.trang.14211@cenland.vn,CenLand,CTO,software,500,0357647509
Phan Hữu Dũng,phan.huu.dung.14212@haravan.vn,Haravan,Product Manager,ecommerce,25,0973078780
Lê Xuân Giang,le.xuan.giang.14213@thacoindustr.vn,Thaco Industries,Sales Director,retail,50,0704536409
Lý Đức Giang,ly.duc.giang.14214@momo.vn,MoMo,Head of Finance,retail,50,0351667172
Lê Minh Oanh,le.minh.oanh.14215@pnj.vn,PNJ,Sales Director,logistics,25,0329307087
Bùi Văn Trang,bui.van.trang.14216@cenland.vn,CenLand,CTO,healthcare,1500,0975849138
Dương Thị An,duong.thi.an.14217@tiki.vn,Tiki,CEO,logistics,10,0904562569
Đỗ Văn Hùng,do.van.hung.14218@gmail.com,Shopee Vietnam,Procurement Manager,software,250,0937276383
Ngô Đức Khánh,ngo.duc.khanh.14219@vinamilk.vn,Vinamilk,Marketing Manager,fintech,1500,0969303438
Võ Quang Hà,vo.quang.ha.14220@gmail.com,Hoà Phát,CEO,logistics,1500,0860167979
Hồ Quang Mai,ho.quang.mai.14221@kiotviet.vn,KiotViet,Procurement Manager,software,120,0703632911
Đặng Quang Trang,dang.quang.trang.14222@pnj.vn,PNJ,Sales Director,retail,120,0708120256
Nguyễn Đức Tâm,nguyen.duc.tam.14223@gmail.com,VNG Corporation,Marketing Manager,healthcare,10,0904112469
Võ Hữu An,vo.huu.an.14224@basevn.vn,Base.vn,Head of Finance,logistics,500,0356338911
Bùi Hồng Linh,bui.hong.linh.14225@thacoindustr.vn,Thaco Industries,Sales Director,software,25,0961643422
Nguyễn Ngọc Tuấn,nguyen.ngoc.tuan.14226@gmail.com,FPT Software,Head of Finance,healthcare,10,0708649002
Lý Đức Giang,ly.duc.giang.14227@gmail.com,Gemadept Logistics,Procurement Manager,ecommerce,25,0919204758
Đỗ Quang Tâm,do.quang.tam.14228@thecoffeehou.vn,The Coffee House,Product Manager,manufacturing,500,0323554674
Nguyễn Đức Bình,nguyen.duc.binh.14229@vinamilk.vn,Vinamilk,CTO,software,50,0861363203
Võ Hữu Nam,vo.huu.nam.14230@gmail.com,Hoà Phát,Head of Finance,healthcare,250,0973400138
Dương Văn Quân,duong.van.quan.14231@gmail.com,Duy Tan Plastics,CEO,ecommerce,25,0860689826
Phan Xuân Sơn,phan.xuan.son.14232@gmail.com,Vinamilk,Procurement Manager,retail,1500,0702877464
Bùi Ngọc Dũng,bui.ngoc.dung.14233@vngcorporati.vn,VNG Corporation,Marketing Manager,education,1500,0907748175
Hoàng Minh Bình,hoang.minh.binh.14234@gmail.com,VNG Corporation,CTO,education,120,0904489713
Võ Ngọc Lan,vo.ngoc.lan.14235@viettiengarm.vn,Viet Tien Garment,Product Manager,healthcare,250,0962368514
Trần Quang Bình,tran.quang.binh.14236@gemadeptlogi.vn,Gemadept Logistics,CFO,retail,25,0905197094
Võ Ngọc Hùng,vo.ngoc.hung.14237@gmail.com,MoMo,CEO,education,25,0322546170
Vũ Xuân Giang,vu.xuan.giang.14238@thacoindustr.vn,Thaco Industries,Marketing Manager,manufacturing,50,0356829834
Phan Văn Dũng,phan.van.dung.14239@duytanplasti.vn,Duy Tan Plastics,Kế toán trưởng,fintech,25,0328513763
Ngô Thị Tâm,ngo.thi.tam.14240@gmail.com,PNJ,CEO,ecommerce,120,0931929925
Lý Ngọc Lan,ly.ngoc.lan.14241@viettiengarm.vn,Viet Tien Garment,Marketing Manager,logistics,120,0320996201
Hoàng Hồng Sơn,hoang.hong.son.14242@kiotviet.vn,KiotViet,Operations Manager,fintech,500,0907944869
Đỗ Hồng Việt,do.hong.viet.14243@hoaphat.vn,Hoà Phát,CEO,education,500,0867468306
Phan Xuân Linh,phan.xuan.linh.14244@momo.vn,MoMo,Operations Manager,fintech,250,0862075400
Vũ Ngọc Quân,vu.ngoc.quan.14245@gmail.com,Vinmec,Procurement Manager,logistics,25,0861313748
Lý Đức Châu,ly.duc.chau.14246@cenland.vn,CenLand,Head of Finance,logistics,25,0709618772
Bùi Thị Tuấn,bui.thi.tuan.14247@momo.vn,MoMo,Operations Manager,education,250,0960355024
Phạm Thị Nam,pham.thi.nam.14248@gmail.com,Shopee Vietnam,CEO,fintech,500,0912272891
Đỗ Hữu Quân,do.huu.quan.14249@gmail.com,PNJ,Operations Manager,logistics,500,0356164138
Lý Hữu Phúc,ly.huu.phuc.14250@momo.vn,MoMo,Operations Manager,logistics,500,0322432281
Phạm Thị Hùng,pham.thi.hung.14251@pnj.vn,PNJ,CTO,retail,10,0937691338
Phạm Minh Việt,pham.minh.viet.14252@duytanplasti.vn,Duy Tan Plastics,Marketing Manager,software,10,0902859221
Trần Xuân Oanh,tran.xuan.oanh.14253@gmail.com,PNJ,Marketing Manager,software,25,0971673038
Bùi Thị Phúc,bui.thi.phuc.14254@pnj.vn,PNJ,Sales Director,fintech,250,0973823072
Lê Hữu Mai,le.huu.mai.14255@shopeevietna.vn,Shopee Vietnam,Operations Manager,retail,10,0936818336
Phạm Hữu Hùng,pham.huu.hung.14256@gmail.com,Base.vn,CEO,manufacturing,50,0903765495
Đỗ Xuân Khánh,do.xuan.khanh.14257@thacoindustr.vn,Thaco Industries,Head of Finance,retail,1500,0936304297
Lý Hữu Dũng,ly.huu.dung.14258@haravan.vn,Haravan,Operations Manager,retail,120,0978833898
Đặng Thị Oanh,dang.thi.oanh.14259@kiotviet.vn,KiotViet,Operations Manager,fintech,250,0915031950
Lê Hồng Nam,le.hong.nam.14260@vinmec.vn,Vinmec,CFO,education,50,0352293813
Ngô Ngọc Hà,ngo.ngoc.ha.14261@vinamilk.vn,Vinamilk,Head of Finance,logistics,120,0320562940
Đỗ Thanh Việt,do.thanh.viet.14262@shopeevietna.vn,Shopee Vietnam,Procurement Manager,fintech,250,0905869556
Lý Quang Lan,ly.quang.lan.14263@thacoindustr.vn,Thaco Industries,Sales Director,fintech,500,0328606979
Lý Ngọc Linh,ly.ngoc.linh.14264@haravan.vn,Haravan,CEO,logistics,500,0939240545
Dương Minh Quân,duong.minh.quan.14265@topcv.vn,TopCV,Procurement Manager,retail,10,0320418005
Lê Thanh Châu,le.thanh.chau.14266@vinamilk.vn,Vinamilk,Operations Manager,healthcare,250,0702862757
Bùi Ngọc An,bui.ngoc.an.14267@gmail.com,Base.vn,Sales Director,healthcare,50,0937031512
Đặng Văn Dũng,dang.van.dung.14268@hoaphat.vn,Hoà Phát,Operations Manager,retail,50,0704203057
Phạm Văn Linh,pham.van.linh.14269@shopeevietna.vn,Shopee Vietnam,Product Manager,ecommerce,50,0976412166
Hoàng Xuân Trang,hoang.xuan.trang.14270@gmail.com,KiotViet,CTO,software,1500,0861641066
Đỗ Quang Oanh,do.quang.oanh.14271@vinmec.vn,Vinmec,Procurement Manager,education,1500,0974749562
Dương Xuân Giang,duong.xuan.giang.14272@gemadeptlogi.vn,Gemadept Logistics,Sales Director,manufacturing,10,0359443354
Phạm Hữu Mai,pham.huu.mai.14273@duytanplasti.vn,Duy Tan Plastics,Product Manager,education,500,0355494968
Lê Xuân Dũng,le.xuan.dung.14274@hoaphat.vn,Hoà Phát,Procurement Manager,logistics,250,0919223765
Trần Văn Hùng,tran.van.hung.14275@viettiengarm.vn,Viet Tien Garment,Kế toán trưởng,ecommerce,10,0323712086
Ngô Thanh Giang,ngo.thanh.giang.14276@gmail.com,Vinmec,Kế toán trưởng,healthcare,10,0907331835
Phan Xuân Hà,phan.xuan.ha.14277@vinmec.vn,Vinmec,Kế toán trưởng,manufacturing,250,0930580628
Dương Ngọc Linh,duong.ngoc.linh.14278@fptsoftware.vn,FPT Software,Sales Director,ecommerce,25,0975245512
Đỗ Minh Trang,do.minh.trang.14279@gmail.com,MoMo,CEO,retail,50,0971835259
Nguyễn Ngọc Sơn,nguyen.ngoc.son.14280@vinmec.vn,Vinmec,CFO,education,120,0971410342
Đặng Hồng Oanh,dang.hong.oanh.14281@duytanplasti.vn,Duy Tan Plastics,Sales Director,healthcare,25,0703659784
Võ Quang Lan,vo.quang.lan.14282@vngcorporati.vn,VNG Corporation,Marketing Manager,fintech,250,0708929124
Lê Đức Sơn,le.duc.son.14283@basevn.vn,Base.vn,Kế toán trưởng,fintech,250,0322494113
Dương Quang Oanh,duong.quang.oanh.14284@duytanplasti.vn,Duy Tan Plastics,Product Manager,healthcare,120,0932413737
Lê Văn Sơn,le.van.son.14285@thacoindustr.vn,Thaco Industries,Operations Manager,healthcare,25,0708527884
Hồ Xuân Dũng,ho.xuan.dung.14286@topcv.vn,TopCV,Operations Manager,retail,250,0906227873
Phan Thanh Hùng,phan.thanh.hung.14287@gmail.com,Duy Tan Plastics,Product Manager,software,50,0912255462
Phan Minh Khánh,phan.minh.khanh.14288@pnj.vn,PNJ,CTO,ecommerce,10,0918384542
Lý Xuân Quân,ly.xuan.quan.14289@thecoffeehou.vn,The Coffee House,Operations Manager,software,50,0910409880
Bùi Minh Việt,bui.minh.viet.14290@cenland.vn,CenLand,Procurement Manager,fintech,25,0323503966
Phạm Hồng Dũng,pham.hong.dung.14291@kiotviet.vn,KiotViet,CTO,retail,25,0962514252
Lê Ngọc Châu,le.ngoc.chau.14292@pnj.vn,PNJ,Operations Manager,fintech,10,0936861469
Dương Đức Oanh,duong.duc.oanh.14293@fptsoftware.vn,FPT Software,CFO,ecommerce,500,0701368036
Trần Thanh Dũng,tran.thanh.dung.14294@viettiengarm.vn,Viet Tien Garment,CEO,logistics,25,0930361831
Lý Hồng Tuấn,ly.hong.tuan.14295@gmail.com,VNG Corporation,Operations Manager,retail,10,0355325611
Ngô Thị Bình,ngo.thi.binh.14296@vngcorporati.vn,VNG Corporation,Head of Finance,retail,1500,0351355816
Đỗ Đức Quân,do.duc.quan.14297@vinmec.vn,Vinmec,Product Manager,fintech,120,0960176285
Võ Thanh Mai,vo.thanh.mai.14298@gemadeptlogi.vn,Gemadept Logistics,Operations Manager,healthcare,50,0905852348
Dương Minh Châu,duong.minh.chau.14299@duytanplasti.vn,Duy Tan Plastics,Sales Director,healthcare,50,0353922736
Phạm Hữu Bình,pham.huu.binh.14300@gmail.com,PNJ,Procurement Manager,software,250,0962617881
Đặng Xuân Tâm,dang.xuan.tam.14301@pharmacity.vn,Pharmacity,CFO,ecommerce,10,0709211779
Đỗ Đức Phúc,do.duc.phuc.14302@haravan.vn,Haravan,Marketing Manager,ecommerce,10,0863909984
Lý Ngọc Mai,ly.ngoc.mai.14303@fptsoftware.vn,FPT Software,Marketing Manager,education,500,0358625736
Hồ Đức Hùng,ho.duc.hung.14304@kiotviet.vn,KiotViet,Operations Manager,manufacturing,10,0938726080
Võ Đức Sơn,vo.duc.son.14305@gmail.com,TopCV,CFO,logistics,1500,0977847509
Phạm Hữu Phúc,pham.huu.phuc.14306@vinmec.vn,Vinmec,Head of Finance,logistics,1500,0961115559
Đỗ Hồng Việt,do.hong.viet.14307@kiotviet.vn,KiotViet,Head of Finance,education,500,0706644458
Trần Hữu Hùng,tran.huu.hung.14308@viettiengarm.vn,Viet Tien Garment,CTO,healthcare,1500,0916062527
Võ Minh Việt,vo.minh.viet.14309@fptsoftware.vn,FPT Software,Head of Finance,education,50,0912588654
Lý Đức Quân,ly.duc.quan.14310@viettiengarm.vn,Viet Tien Garment,Procurement Manager,healthcare,50,0359153366
Phạm Đức Sơn,pham.duc.son.14311@haravan.vn,Haravan,CFO,fintech,120,0904201459
Bùi Hữu An,bui.huu.an.14312@cenland.vn,CenLand,Operations Manager,software,120,0910225347
Hoàng Thị Oanh,hoang.thi.oanh.14313@gmail.com,TopCV,CFO,healthcare,25,0861199044
Hồ Hồng Quân,ho.hong.quan.14314@gmail.com,Base.vn,Kế toán trưởng,ecommerce,120,0966035393
Đỗ Quang Mai,do.quang.mai.14315@momo.vn,MoMo,Marketing Manager,software,120,0918289744
Vũ Văn Linh,vu.van.linh.14316@gmail.com,Viet Tien Garment,Sales Director,education,10,0868335365
Lý Ngọc Dũng,ly.ngoc.dung.14317@pnj.vn,PNJ,Product Manager,software,50,0866693845
Bùi Quang Sơn,bui.quang.son.14318@gmail.com,TopCV,Kế toán trưởng,retail,250,0913628678
Võ Đức Dũng,vo.duc.dung.14319@duytanplasti.vn,Duy Tan Plastics,Kế toán trưởng,software,250,0867814185
Phan Thanh Oanh,phan.thanh.oanh.14320@viettiengarm.vn,Viet Tien Garment,CFO,healthcare,25,0707175292
Ngô Thanh Bình,ngo.thanh.binh.14321@gmail.com,Thaco Industries,CTO,ecommerce,120,0976639237
Đặng Thị Hùng,dang.thi.hung.14322@gmail.com,Hoà Phát,CFO,education,250,0977888617
Nguyễn Quang Giang,nguyen.quang.giang.14323@vngcorporati.vn,VNG Corporation,Operations Manager,software,10,0966631431
Dương Thanh Oanh,duong.thanh.oanh.14324@kiotviet.vn,KiotViet,Marketing Manager,retail,250,0906883015
Đặng Xuân Trang,dang.xuan.trang.14325@gmail.com,CenLand,Sales Director,fintech,25,0933463788
Lê Minh Châu,le.minh.chau.14326@gemadeptlogi.vn,Gemadept Logistics,Marketing Manager,healthcare,500,0326626952
Nguyễn Thanh Dũng,nguyen.thanh.dung.14327@tiki.vn,Tiki,Sales Director,education,10,0917558169
Lê Minh Quân,le.minh.quan.14328@haravan.vn,Haravan,Marketing Manager,fintech,500,0962828492
Đỗ Ngọc Phúc,do.ngoc.phuc.14329@thecoffeehou.vn,The Coffee House,Operations Manager,fintech,10,0326732512
Vũ Ngọc Tuấn,vu.ngoc.tuan.14330@cenland.vn,CenLand,Sales Director,ecommerce,25,0704033648
Hồ Quang An,ho.quang.an.14331@kiotviet.vn,KiotViet,CTO,logistics,500,0933706661
Lý Hữu Việt,ly.huu.viet.14332@viettiengarm.vn,Viet Tien Garment,Product Manager,logistics,25,0974603932
Hồ Thị Trang,ho.thi.trang.14333@haravan.vn,Haravan,Operations Manager,fintech,500,0939163753
Trần Thị Tuấn,tran.thi.tuan.14334@pharmacity.vn,Pharmacity,CTO,healthcare,50,0700097788
Trần Thị Dũng,tran.thi.dung.14335@gmail.com,Shopee Vietnam,CEO,manufacturing,120,0931010754
Lê Đức Nam,le.duc.nam.14336@cenland.vn,CenLand,Head of Finance,ecommerce,120,0919975361
Hồ Minh Lan,ho.minh.lan.14337@vngcorporati.vn,VNG Corporation,Sales Director,logistics,120,0968014064
Đỗ Thị Sơn,do.thi.son.14338@gmail.com,PNJ,Kế toán trưởng,education,120,0935673706
Phạm Thị Lan,pham.thi.lan.14339@thacoindustr.vn,Thaco Industries,CTO,fintech,1500,0977549968
Hoàng Đức Khánh,hoang.duc.khanh.14340@gmail.com,MoMo,CFO,retail,250,0325775907
Lê Thanh Sơn,le.thanh.son.14341@basevn.vn,Base.vn,CTO,education,50,0866412752
Phạm Hồng Dũng,pham.hong.dung.14342@basevn.vn,Base.vn,Sales Director,ecommerce,10,0703526614
Ngô Ngọc Quân,ngo.ngoc.quan.14343@topcv.vn,TopCV,Sales Director,retail,1500,0860162475
Lê Thị Châu,le.thi.chau.14344@momo.vn,MoMo,Head of Finance,fintech,50,0916719555
Hoàng Minh An,hoang.minh.an.14345@thacoindustr.vn,Thaco Industries,CTO,healthcare,25,0900366113
Hồ Ngọc Khánh,ho.ngoc.khanh.14346@gmail.com,Base.vn,Kế toán trưởng,fintech,250,0971958337
Lý Thanh Lan,ly.thanh.lan.14347@gmail.com,The Coffee House,Product Manager,logistics,50,0700374750
Hoàng Thanh Tâm,hoang.thanh.tam.14348@gmail.com,Vinmec,CTO,manufacturing,50,0974989298
Lý Xuân Trang,ly.xuan.trang.14349@vinamilk.vn,Vinamilk,Procurement Manager,manufacturing,50,0325558862
Bùi Hồng Quân,bui.hong.quan.14350@gemadeptlogi.vn,Gemadept Logistics,CFO,software,50,0918332994
Lý Ngọc Nam,ly.ngoc.nam.14351@gmail.com,Haravan,CFO,software,50,0936208440
Ngô Đức Khánh,ngo.duc.khanh.14352@pharmacity.vn,Pharmacity,Product Manager,manufacturing,250,0905616444
Hồ Đức Tâm,ho.duc.tam.14353@gmail.com,MoMo,Marketing Manager,manufacturing,1500,0864907520
Hoàng Ngọc Dũng,hoang.ngoc.dung.14354@gmail.com,TopCV,Head of Finance,retail,50,0358936278
Lý Thanh Dũng,ly.thanh.dung.14355@gmail.com,CenLand,Marketing Manager,healthcare,50,0866700760
Hồ Thanh Linh,ho.thanh.linh.14356@vinmec.vn,Vinmec,CTO,fintech,50,0321600680
Hoàng Hữu Phúc,hoang.huu.phuc.14357@topcv.vn,TopCV,Head of Finance,retail,10,0863632137
Lê Thanh Việt,le.thanh.viet.14358@topcv.vn,TopCV,CFO,fintech,500,0903589896
Lý Quang Khánh,ly.quang.khanh.14359@thecoffeehou.vn,The Coffee House,Sales Director,fintech,250,0975873680
Trần Xuân Trang,tran.xuan.trang.14360@thecoffeehou.vn,The Coffee House,Product Manager,education,25,0909414130
Lê Quang Lan,le.quang.lan.14361@gmail.com,Base.vn,Head of Finance,ecommerce,10,0912391510
Bùi Thị Lan,bui.thi.lan.14362@viettiengarm.vn,Viet Tien Garment,Kế toán trưởng,software,10,0978271794
Đỗ Hữu Tâm,do.huu.tam.14363@pharmacity.vn,Pharmacity,Head of Finance,retail,500,0903600005
Lý Thị Tâm,ly.thi.tam.14364@vinmec.vn,Vinmec,Head of Finance,logistics,10,0911013311
Bùi Văn Quân,bui.van.quan.14365@gmail.com,MoMo,CEO,manufacturing,250,0937365596
Vũ Văn Hà,vu.van.ha.14366@gmail.com,Duy Tan Plastics,Head of Finance,logistics,10,0964480681
Trần Minh An,tran.minh.an.14367@gmail.com,Hoà Phát,CTO,education,10,0976426743
Đặng Minh Tâm,dang.minh.tam.14368@topcv.vn,TopCV,CTO,retail,50,0974539391
Nguyễn Ngọc Giang,nguyen.ngoc.giang.14369@gmail.com,Tiki,Operations Manager,education,10,0976722117
Đỗ Minh Dũng,do.minh.dung.14370@pnj.vn,PNJ,Sales Director,ecommerce,10,0703407059
Lý Quang An,ly.quang.an.14371@gmail.com,Tiki,CEO,software,1500,0968137191
Lê Quang Lan,le.quang.lan.14372@gemadeptlogi.vn,Gemadept Logistics,Head of Finance,logistics,500,0969740443
Bùi Hồng Hà,bui.hong.ha.14373@momo.vn,MoMo,Sales Director,ecommerce,120,0705226613
Lý Hồng Dũng,ly.hong.dung.14374@cenland.vn,CenLand,Sales Director,fintech,120,0860496197
Phạm Xuân Oanh,pham.xuan.oanh.14375@kiotviet.vn,KiotViet,Marketing Manager,software,25,0913011312
Lý Thanh Hùng,ly.thanh.hung.14376@momo.vn,MoMo,Procurement Manager,manufacturing,50,0326168034
Dương Xuân Mai,duong.xuan.mai.14377@momo.vn,MoMo,CFO,software,250,0977061450
Phạm Quang Hà,pham.quang.ha.14378@pnj.vn,PNJ,CEO,healthcare,25,0865041197
Hồ Thị Mai,ho.thi.mai.14379@duytanplasti.vn,Duy Tan Plastics,Kế toán trưởng,fintech,10,0350183978
Phan Văn Phúc,phan.van.phuc.14380@vinmec.vn,Vinmec,Procurement Manager,healthcare,250,0966612035
Vũ Quang Châu,vu.quang.chau.14381@thecoffeehou.vn,The Coffee House,Kế toán trưởng,ecommerce,25,0703913187
Hồ Ngọc Châu,ho.ngoc.chau.14382@tiki.vn,Tiki,Sales Director,ecommerce,120,0909618227
Phan Thanh Tuấn,phan.thanh.tuan.14383@gmail.com,TopCV,Head of Finance,software,250,0968933580
Võ Xuân Quân,vo.xuan.quan.14384@duytanplasti.vn,Duy Tan Plastics,Marketing Manager,software,25,0869235920
Trần Hồng Hà,tran.hong.ha.14385@kiotviet.vn,KiotViet,Product Manager,manufacturing,250,0978360430
Lý Xuân Trang,ly.xuan.trang.14386@topcv.vn,TopCV,Kế toán trưởng,fintech,250,0909475030
Ngô Hồng Nam,ngo.hong.nam.14387@tiki.vn,Tiki,CTO,healthcare,25,0979475264
Lý Xuân Dũng,ly.xuan.dung.14388@kiotviet.vn,KiotViet,Operations Manager,education,10,0707045157
Lê Hồng Tâm,le.hong.tam.14389@gmail.com,CenLand,Procurement Manager,fintech,25,0914549267
Phan Văn Hùng,phan.van.hung.14390@vngcorporati.vn,VNG Corporation,CFO,retail,1500,0327220435
Nguyễn Thị Trang,nguyen.thi.trang.14391@basevn.vn,Base.vn,CEO,education,10,0968308574
Trần Đức Sơn,tran.duc.son.14392@kiotviet.vn,KiotViet,Sales Director,ecommerce,120,0900758277
Nguyễn Quang Tuấn,nguyen.quang.tuan.14393@gmail.com,Vinmec,Head of Finance,fintech,25,0968898268
Bùi Hữu Linh,bui.huu.linh.14394@topcv.vn,TopCV,Marketing Manager,software,250,0914836895
Lê Hữu Sơn,le.huu.son.14395@gmail.com,Vinmec,Head of Finance,software,10,0907756844
Phạm Đức Nam,pham.duc.nam.14396@haravan.vn,Haravan,Procurement Manager,logistics,50,0907525678
Lý Xuân An,ly.xuan.an.14397@thacoindustr.vn,Thaco Industries,Product Manager,ecommerce,25,0931777465
Phan Văn Dũng,phan.van.dung.14398@gmail.com,PNJ,Kế toán trưởng,ecommerce,250,0908219155
Trần Xuân Mai,tran.xuan.mai.14399@duytanplasti.vn,Duy Tan Plastics,CTO,retail,1500,0938383567
Võ Thanh Linh,vo.thanh.linh.14400@gmail.com,Shopee Vietnam,Sales Director,software,500,0919609632
Bùi Quang Giang,bui.quang.giang.14401@gmail.com,Base.vn,Marketing Manager,logistics,50,0350454875
Ngô Ngọc Dũng,ngo.ngoc.dung.14402@gmail.com,VNG Corporation,Product Manager,logistics,10,0911937007
Hoàng Thị Oanh,hoang.thi.oanh.14403@gmail.com,Shopee Vietnam,Marketing Manager,fintech,25,0703503749
Dương Minh Mai,duong.minh.mai.14404@gmail.com,Tiki,Operations Manager,logistics,500,0918753776
Nguyễn Ngọc Châu,nguyen.ngoc.chau.14405@thacoindustr.vn,Thaco Industries,Product Manager,manufacturing,25,0907843474
Nguyễn Đức Tuấn,nguyen.duc.tuan.14406@momo.vn,MoMo,CFO,manufacturing,25,0860784112
Phạm Hồng Tâm,pham.hong.tam.14407@basevn.vn,Base.vn,CEO,software,50,0709971861
Đỗ Quang Lan,do.quang.lan.14408@momo.vn,MoMo,CFO,fintech,500,0703253630
Dương Thị Phúc,duong.thi.phuc.14409@topcv.vn,TopCV,Procurement Manager,healthcare,1500,0709756117
Đặng Thị Châu,dang.thi.chau.14410@gmail.com,FPT Software,Sales Director,logistics,120,0905682076
Vũ Ngọc Quân,vu.ngoc.quan.14411@vngcorporati.vn,VNG Corporation,Kế toán trưởng,logistics,120,0863542979
Phan Quang Giang,phan.quang.giang.14412@tiki.vn,Tiki,Head of Finance,logistics,120,0351367957
Phạm Thị Lan,pham.thi.lan.14413@gmail.com,The Coffee House,CEO,education,10,0913344548
Bùi Hồng Khánh,bui.hong.khanh.14414@basevn.vn,Base.vn,Procurement Manager,healthcare,120,0326543098
Bùi Quang Châu,bui.quang.chau.14415@gmail.com,Gemadept Logistics,CTO,manufacturing,250,0919059103
Nguyễn Hồng Dũng,nguyen.hong.dung.14416@gmail.com,MoMo,Procurement Manager,logistics,250,0972583139
Đỗ Văn Quân,do.van.quan.14417@gmail.com,PNJ,Operations Manager,education,50,0969524837
Trần Hữu Lan,tran.huu.lan.14418@thacoindustr.vn,Thaco Industries,Head of Finance,healthcare,25,0967899735
Dương Hồng Hà,duong.hong.ha.14419@viettiengarm.vn,Viet Tien Garment,Sales Director,logistics,1500,0356700038
Bùi Thanh Tuấn,bui.thanh.tuan.14420@thacoindustr.vn,Thaco Industries,Marketing Manager,fintech,1500,0321146492
Đỗ Đức Tâm,do.duc.tam.14421@gemadeptlogi.vn,Gemadept Logistics,CTO,fintech,25,0906857779
Dương Minh Hùng,duong.minh.hung.14422@gmail.com,FPT Software,CFO,software,50,0969604754
Bùi Thanh Tâm,bui.thanh.tam.14423@gmail.com,MoMo,Marketing Manager,retail,1500,0865616329
Hồ Ngọc Oanh,ho.ngoc.oanh.14424@vinmec.vn,Vinmec,Sales Director,fintech,1500,0358624430
Phạm Đức Mai,pham.duc.mai.14425@basevn.vn,Base.vn,Marketing Manager,manufacturing,25,0974358150
Nguyễn Thị Khánh,nguyen.thi.khanh.14426@viettiengarm.vn,Viet Tien Garment,Operations Manager,software,250,0868477172
Lê Văn Bình,le.van.binh.14427@tiki.vn,Tiki,Sales Director,retail,1500,0978297875
Dương Minh Dũng,duong.minh.dung.14428@thacoindustr.vn,Thaco Industries,Marketing Manager,logistics,1500,0709274757
Võ Thanh Tuấn,vo.thanh.tuan.14429@vinmec.vn,Vinmec,Procurement Manager,manufacturing,25,0704495792
Ngô Thanh Sơn,ngo.thanh.son.14430@gmail.com,FPT Software,Sales Director,ecommerce,250,0908919527
Trần Văn Tâm,tran.van.tam.14431@gmail.com,TopCV,Head of Finance,software,25,0861760352
Dương Văn Hà,duong.van.ha.14432@gemadeptlogi.vn,Gemadept Logistics,CEO,manufacturing,50,0972970067
Dương Thị Tâm,duong.thi.tam.14433@basevn.vn,Base.vn,Marketing Manager,healthcare,25,0909754222
Bùi Hồng Trang,bui.hong.trang.14434@vngcorporati.vn,VNG Corporation,CEO,manufacturing,500,0975542669
Vũ Thị Lan,vu.thi.lan.14435@gmail.com,CenLand,CTO,retail,1500,0934756692
Ngô Thị Việt,ngo.thi.viet.14436@vinmec.vn,Vinmec,Product Manager,retail,10,0359357132
Đặng Ngọc Lan,dang.ngoc.lan.14437@gmail.com,Thaco Industries,CEO,healthcare,50,0320718331
Đỗ Hữu Dũng,do.huu.dung.14438@vinmec.vn,Vinmec,Kế toán trưởng,healthcare,10,0701317197
Bùi Hồng Mai,bui.hong.mai.14439@basevn.vn,Base.vn,Operations Manager,software,250,0907464519
Hồ Thanh Trang,ho.thanh.trang.14440@hoaphat.vn,Hoà Phát,Head of Finance,healthcare,120,0919699185
Bùi Xuân Việt,bui.xuan.viet.14441@shopeevietna.vn,Shopee Vietnam,Product Manager,retail,50,0904451191
Trần Ngọc Tâm,tran.ngoc.tam.14442@fptsoftware.vn,FPT Software,Operations Manager,fintech,250,0901499001
Hoàng Thanh Hà,hoang.thanh.ha.14443@gmail.com,Gemadept Logistics,Operations Manager,fintech,10,0937379562
Lê Thanh Bình,le.thanh.binh.14444@gmail.com,TopCV,CTO,education,10,0320803445
Nguyễn Hữu Việt,nguyen.huu.viet.14445@fptsoftware.vn,FPT Software,Product Manager,software,10,0905249839
Lý Hồng Linh,ly.hong.linh.14446@gmail.com,Viet Tien Garment,CTO,ecommerce,50,0979206739
Đỗ Quang Giang,do.quang.giang.14447@gemadeptlogi.vn,Gemadept Logistics,Procurement Manager,logistics,25,0868594018
Bùi Hữu Quân,bui.huu.quan.14448@gmail.com,Viet Tien Garment,Product Manager,software,10,0969364092
Trần Hồng Châu,tran.hong.chau.14449@vngcorporati.vn,VNG Corporation,Procurement Manager,software,1500,0970014983
Hoàng Đức Bình,hoang.duc.binh.14450@viettiengarm.vn,Viet Tien Garment,Marketing Manager,fintech,1500,0978164833
Ngô Thị Phúc,ngo.thi.phuc.14451@gmail.com,Duy Tan Plastics,CEO,software,50,0901907784
Nguyễn Hữu Tuấn,nguyen.huu.tuan.14452@momo.vn,MoMo,Head of Finance,healthcare,50,0353656947
Đặng Quang Sơn,dang.quang.son.14453@duytanplasti.vn,Duy Tan Plastics,Sales Director,retail,120,0323013455
Phan Hữu Dũng,phan.huu.dung.14454@haravan.vn,Haravan,Sales Director,manufacturing,1500,0865986628
Võ Văn An,vo.van.an.14455@kiotviet.vn,KiotViet,Head of Finance,retail,120,0912164271
Hoàng Ngọc Linh,hoang.ngoc.linh.14456@gmail.com,MoMo,Head of Finance,software,120,0325492611
Dương Quang Sơn,duong.quang.son.14457@kiotviet.vn,KiotViet,Head of Finance,education,50,0972095179
Hồ Ngọc Linh,ho.ngoc.linh.14458@haravan.vn,Haravan,Head of Finance,logistics,120,0931349023
Hồ Đức Lan,ho.duc.lan.14459@thecoffeehou.vn,The Coffee House,Marketing Manager,logistics,1500,0862964958
Bùi Văn Lan,bui.van.lan.14460@haravan.vn,Haravan,Head of Finance,software,50,0356441864
Hoàng Quang An,hoang.quang.an.14461@gmail.com,Pharmacity,Operations Manager,manufacturing,500,0905006313
Nguyễn Hữu Mai,nguyen.huu.mai.14462@vngcorporati.vn,VNG Corporation,Product Manager,retail,500,0860501449
Dương Thanh Phúc,duong.thanh.phuc.14463@gemadeptlogi.vn,Gemadept Logistics,CFO,logistics,250,0900518350
Dương Văn Việt,duong.van.viet.14464@vinmec.vn,Vinmec,Procurement Manager,fintech,1500,0914824316
Nguyễn Văn Lan,nguyen.van.lan.14465@haravan.vn,Haravan,CEO,software,1500,0865329868
Ngô Thanh Hà,ngo.thanh.ha.14466@hoaphat.vn,Hoà Phát,Operations Manager,healthcare,500,0938796875
Vũ Ngọc Nam,vu.ngoc.nam.14467@gmail.com,Thaco Industries,CTO,healthcare,120,0861196707
Bùi Thị Trang,bui.thi.trang.14468@gmail.com,Vinamilk,Head of Finance,software,25,0353717751
Phan Ngọc Linh,phan.ngoc.linh.14469@cenland.vn,CenLand,Sales Director,fintech,50,0968953907
Nguyễn Thanh Dũng,nguyen.thanh.dung.14470@gmail.com,Vinamilk,CEO,healthcare,50,0325873346
Trần Ngọc Khánh,tran.ngoc.khanh.14471@pharmacity.vn,Pharmacity,CTO,ecommerce,120,0327493226
Phan Minh An,phan.minh.an.14472@kiotviet.vn,KiotViet,CFO,software,250,0708478600
Vũ Hồng Trang,vu.hong.trang.14473@gmail.com,Thaco Industries,Procurement Manager,education,120,0937343374
Phan Quang Trang,phan.quang.trang.14474@haravan.vn,Haravan,Sales Director,ecommerce,120,0966767038
Phạm Xuân An,pham.xuan.an.14475@gmail.com,Pharmacity,Procurement Manager,logistics,50,0322008332
Đặng Quang Linh,dang.quang.linh.14476@fptsoftware.vn,FPT Software,Marketing Manager,logistics,1500,0939532750
Hồ Hữu Tuấn,ho.huu.tuan.14477@gmail.com,Base.vn,CEO,healthcare,250,0867980276
Phan Văn Lan,phan.van.lan.14478@kiotviet.vn,KiotViet,Operations Manager,healthcare,10,0960416656
Dương Hữu Tuấn,duong.huu.tuan.14479@gmail.com,The Coffee House,Kế toán trưởng,healthcare,1500,0909831312
Võ Xuân Phúc,vo.xuan.phuc.14480@pharmacity.vn,Pharmacity,Operations Manager,software,1500,0863412593
Dương Quang Sơn,duong.quang.son.14481@tiki.vn,Tiki,Head of Finance,software,500,0968698293
Đặng Văn Phúc,dang.van.phuc.14482@gmail.com,Duy Tan Plastics,Sales Director,education,1500,0327123657
Nguyễn Văn Khánh,nguyen.van.khanh.14483@shopeevietna.vn,Shopee Vietnam,Sales Director,fintech,10,0325776137
Ngô Quang Linh,ngo.quang.linh.14484@kiotviet.vn,KiotViet,Head of Finance,logistics,500,0860411535
Hoàng Minh Việt,hoang.minh.viet.14485@pnj.vn,PNJ,Product Manager,retail,10,0976421525
Vũ Hữu Khánh,vu.huu.khanh.14486@basevn.vn,Base.vn,Sales Director,software,1500,0325444858
Nguyễn Văn Dũng,nguyen.van.dung.14487@momo.vn,MoMo,Product Manager,education,25,0903888149
Đặng Hữu Hà,dang.huu.ha.14488@gmail.com,Vinmec,CFO,healthcare,500,0962204384
Trần Hữu Oanh,tran.huu.oanh.14489@gmail.com,Vinmec,CFO,manufacturing,50,0971730715
Trần Hữu Dũng,tran.huu.dung.14490@tiki.vn,Tiki,CEO,fintech,10,0352628880
Bùi Quang Tuấn,bui.quang.tuan.14491@pharmacity.vn,Pharmacity,CEO,fintech,120,0934835298
Bùi Thanh Trang,bui.thanh.trang.14492@gemadeptlogi.vn,Gemadept Logistics,Operations Manager,retail,25,0912409261
Phan Đức An,phan.duc.an.14493@gmail.com,Vinamilk,Head of Finance,retail,10,0934825871
Võ Xuân Châu,vo.xuan.chau.14494@haravan.vn,Haravan,Product Manager,retail,50,0934821183
Nguyễn Đức Linh,nguyen.duc.linh.14495@gmail.com,Shopee Vietnam,Operations Manager,education,120,0938306457
Bùi Quang An,bui.quang.an.14496@fptsoftware.vn,FPT Software,Marketing Manager,software,25,0326358492
Trần Thị Giang,tran.thi.giang.14497@shopeevietna.vn,Shopee Vietnam,CTO,logistics,120,0867420341
Nguyễn Xuân Châu,nguyen.xuan.chau.14498@topcv.vn,TopCV,Sales Director,fintech,120,0935710360
Nguyễn Xuân An,nguyen.xuan.an.14499@gmail.com,Vinmec,Sales Director,retail,250,0908142101
Ngô Văn Phúc,ngo.van.phuc.14500@cenland.vn,CenLand,Sales Director,software,250,0323549903
Ngô Quang Oanh,ngo.quang.oanh.14501@gmail.com,MoMo,Kế toán trưởng,healthcare,250,0971236453
Đặng Hữu Khánh,dang.huu.khanh.14502@gmail.com,Haravan,CEO,retail,50,0865868814
Đỗ Thanh Hà,do.thanh.ha.14503@basevn.vn,Base.vn,CFO,software,1500,0325619965
Bùi Thanh Hà,bui.thanh.ha.14504@gemadeptlogi.vn,Gemadept Logistics,Sales Director,healthcare,120,0932663937
Phạm Đức Giang,pham.duc.giang.14505@gmail.com,Shopee Vietnam,CEO,fintech,25,0707458327
Đỗ Văn Trang,do.van.trang.14506@momo.vn,MoMo,Sales Director,retail,50,0909004919
Hoàng Văn Phúc,hoang.van.phuc.14507@viettiengarm.vn,Viet Tien Garment,Procurement Manager,software,120,0918562847
Lê Minh Oanh,le.minh.oanh.14508@vngcorporati.vn,VNG Corporation,CEO,software,25,0918152381
Nguyễn Xuân An,nguyen.xuan.an.14509@tiki.vn,Tiki,Procurement Manager,manufacturing,50,0974657256
Hồ Quang Dũng,ho.quang.dung.14510@gmail.com,PNJ,CEO,manufacturing,25,0938531902
Nguyễn Thị Tuấn,nguyen.thi.tuan.14511@cenland.vn,CenLand,Procurement Manager,healthcare,250,0976394264
Vũ Xuân An,vu.xuan.an.14512@gmail.com,Viet Tien Garment,Marketing Manager,retail,10,0706814918
Phan Minh Khánh,phan.minh.khanh.14513@kiotviet.vn,KiotViet,Head of Finance,ecommerce,500,0907752983
Trần Quang Khánh,tran.quang.khanh.14514@thecoffeehou.vn,The Coffee House,Procurement Manager,healthcare,500,0970829247
Nguyễn Xuân Tuấn,nguyen.xuan.tuan.14515@duytanplasti.vn,Duy Tan Plastics,Head of Finance,manufacturing,1500,0865558840
Vũ Hữu Bình,vu.huu.binh.14516@gemadeptlogi.vn,Gemadept Logistics,Sales Director,ecommerce,500,0977606419
Võ Hữu Dũng,vo.huu.dung.14517@gemadeptlogi.vn,Gemadept Logistics,CEO,retail,120,0701018957
Đỗ Thị Dũng,do.thi.dung.14518@topcv.vn,TopCV,Product Manager,fintech,500,0912590085
Dương Hồng Quân,duong.hong.quan.14519@gmail.com,PNJ,Kế toán trưởng,retail,250,0323427864
Lê Văn Dũng,le.van.dung.14520@thecoffeehou.vn,The Coffee House,Kế toán trưởng,education,500,0915761547
Võ Minh Mai,vo.minh.mai.14521@vngcorporati.vn,VNG Corporation,CEO,fintech,1500,0966115611
Hoàng Quang Tuấn,hoang.quang.tuan.14522@tiki.vn,Tiki,CFO,retail,10,0702563822
Nguyễn Xuân Bình,nguyen.xuan.binh.14523@topcv.vn,TopCV,Product Manager,retail,500,0863047878
Đỗ Thị Bình,do.thi.binh.14524@shopeevietna.vn,Shopee Vietnam,Kế toán trưởng,retail,1500,0357573812
Lê Xuân Sơn,le.xuan.son.14525@vngcorporati.vn,VNG Corporation,CTO,healthcare,250,0939139343
Đặng Đức Châu,dang.duc.chau.14526@gmail.com,TopCV,Procurement Manager,retail,50,0914430983
Ngô Thị Việt,ngo.thi.viet.14527@thacoindustr.vn,Thaco Industries,Procurement Manager,logistics,120,0905939641
Trần Đức Giang,tran.duc.giang.14528@thacoindustr.vn,Thaco Industries,Procurement Manager,ecommerce,250,0329667101
Dương Ngọc Châu,duong.ngoc.chau.14529@fptsoftware.vn,FPT Software,Operations Manager,fintech,25,0705425879
Ngô Xuân Mai,ngo.xuan.mai.14530@vinamilk.vn,Vinamilk,Marketing Manager,education,120,0869477549
Võ Xuân Việt,vo.xuan.viet.14531@gmail.com,Base.vn,Marketing Manager,logistics,25,0354243626
Phan Quang Tâm,phan.quang.tam.14532@cenland.vn,CenLand,Head of Finance,software,120,0918717632
Hồ Hồng Khánh,ho.hong.khanh.14533@tiki.vn,Tiki,Marketing Manager,retail,10,0934336769
Võ Thanh Hà,vo.thanh.ha.14534@vinamilk.vn,Vinamilk,Product Manager,manufacturing,250,0971310011
Võ Ngọc Giang,vo.ngoc.giang.14535@haravan.vn,Haravan,Kế toán trưởng,retail,500,0913379494
Võ Đức Hùng,vo.duc.hung.14536@hoaphat.vn,Hoà Phát,Marketing Manager,logistics,1500,0911738872
Phạm Văn Việt,pham.van.viet.14537@fptsoftware.vn,FPT Software,Marketing Manager,ecommerce,250,0969640620
Lê Văn Tuấn,le.van.tuan.14538@duytanplasti.vn,Duy Tan Plastics,Marketing Manager,manufacturing,250,0323124152
Đặng Thanh Châu,dang.thanh.chau.14539@gmail.com,Hoà Phát,CFO,education,10,0915762985
Dương Ngọc Tuấn,duong.ngoc.tuan.14540@gmail.com,Pharmacity,CFO,fintech,25,0939592481
Vũ Hồng Linh,vu.hong.linh.14541@pnj.vn,PNJ,Procurement Manager,fintech,250,0868151385
Phan Ngọc Châu,phan.ngoc.chau.14542@pharmacity.vn,Pharmacity,Procurement Manager,healthcare,25,0322509810
Trần Hữu Phúc,tran.huu.phuc.14543@pnj.vn,PNJ,Sales Director,software,250,0327906486
Vũ Minh Bình,vu.minh.binh.14544@vinmec.vn,Vinmec,Sales Director,logistics,120,0356800694
Vũ Minh Sơn,vu.minh.son.14545@gmail.com,Tiki,CFO,software,25,0960700890
Hoàng Thanh An,hoang.thanh.an.14546@shopeevietna.vn,Shopee Vietnam,Product Manager,retail,500,0914540629
Lê Quang Châu,le.quang.chau.14547@gmail.com,TopCV,Marketing Manager,healthcare,25,0321075852
Đặng Đức Giang,dang.duc.giang.14548@gmail.com,PNJ,CEO,software,25,0966039693
Dương Đức Tâm,duong.duc.tam.14549@gmail.com,The Coffee House,CEO,manufacturing,500,0906122074
Trần Hồng Linh,tran.hong.linh.14550@thecoffeehou.vn,The Coffee House,Operations Manager,fintech,10,0904185905
Đỗ Ngọc Dũng,do.ngoc.dung.14551@gmail.com,CenLand,Operations Manager,software,500,0932755616
Hồ Văn Sơn,ho.van.son.14552@shopeevietna.vn,Shopee Vietnam,Operations Manager,ecommerce,1500,0861356733
Hoàng Ngọc Dũng,hoang.ngoc.dung.14553@gmail.com,Shopee Vietnam,Operations Manager,retail,1500,0961602257
Hồ Đức Linh,ho.duc.linh.14554@shopeevietna.vn,Shopee Vietnam,CFO,ecommerce,120,0352593099
Hoàng Hồng Sơn,hoang.hong.son.14555@vngcorporati.vn,VNG Corporation,Kế toán trưởng,education,25,0357393289
Vũ Ngọc Dũng,vu.ngoc.dung.14556@gmail.com,Gemadept Logistics,Procurement Manager,logistics,120,0933302665
Ngô Đức Việt,ngo.duc.viet.14557@gmail.com,VNG Corporation,Kế toán trưởng,ecommerce,25,0939248395
Phan Hữu Tuấn,phan.huu.tuan.14558@gmail.com,MoMo,Operations Manager,manufacturing,500,0324621485
Nguyễn Văn Bình,nguyen.van.binh.14559@cenland.vn,CenLand,CTO,fintech,50,0970780175
Hoàng Ngọc Lan,hoang.ngoc.lan.14560@thecoffeehou.vn,The Coffee House,CFO,logistics,25,0936325669
Phan Ngọc Phúc,phan.ngoc.phuc.14561@vinmec.vn,Vinmec,Marketing Manager,retail,250,0702501445
Ngô Xuân Khánh,ngo.xuan.khanh.14562@gmail.com,Thaco Industries,Procurement Manager,retail,120,0705755116
Lý Văn Trang,ly.van.trang.14563@gmail.com,TopCV,Product Manager,ecommerce,25,0937757603
Vũ Xuân Hà,vu.xuan.ha.14564@gmail.com,Duy Tan Plastics,Head of Finance,healthcare,1500,0967725123
Phan Hồng Tuấn,phan.hong.tuan.14565@thecoffeehou.vn,The Coffee House,Operations Manager,software,10,0707763716
Hoàng Văn Sơn,hoang.van.son.14566@pnj.vn,PNJ,CTO,retail,250,0906954758
Ngô Quang An,ngo.quang.an.14567@pharmacity.vn,Pharmacity,Product Manager,education,50,0930702072
Phạm Đức Việt,pham.duc.viet.14568@vinmec.vn,Vinmec,Marketing Manager,retail,25,0355345388
Võ Hồng An,vo.hong.an.14569@kiotviet.vn,KiotViet,Product Manager,education,250,0355037470
Lê Hữu Quân,le.huu.quan.14570@vinamilk.vn,Vinamilk,Sales Director,ecommerce,1500,0901729781
Võ Thanh Giang,vo.thanh.giang.14571@viettiengarm.vn,Viet Tien Garment,Marketing Manager,retail,10,0978807481
Lý Quang Oanh,ly.quang.oanh.14572@momo.vn,MoMo,Marketing Manager,logistics,500,0915460943
Vũ Hồng Tuấn,vu.hong.tuan.14573@gmail.com,FPT Software,Procurement Manager,ecommerce,500,0700047599
Lê Thị Việt,le.thi.viet.14574@gmail.com,VNG Corporation,Marketing Manager,education,25,0702748275
Phan Đức Tuấn,phan.duc.tuan.14575@gmail.com,Gemadept Logistics,CTO,retail,1500,0707690365
Đỗ Hữu Trang,do.huu.trang.14576@gmail.com,CenLand,Procurement Manager,software,250,0860917323
Vũ Thanh Sơn,vu.thanh.son.14577@pnj.vn,PNJ,CFO,education,250,0974241430
Dương Hữu Việt,duong.huu.viet.14578@gmail.com,Vinmec,Kế toán trưởng,manufacturing,1500,0971998662
Lê Đức Sơn,le.duc.son.14579@gmail.com,The Coffee House,CTO,logistics,1500,0709554324
Lê Quang Quân,le.quang.quan.14580@gmail.com,The Coffee House,CTO,ecommerce,25,0938930578
Phan Hữu Trang,phan.huu.trang.14581@haravan.vn,Haravan,Head of Finance,retail,1500,0977694651
Đỗ Xuân Hùng,do.xuan.hung.14582@gmail.com,Vinamilk,CFO,ecommerce,10,0910038279
Hoàng Văn Bình,hoang.van.binh.14583@haravan.vn,Haravan,Marketing Manager,software,10,0860053248
Đỗ Quang Nam,do.quang.nam.14584@vngcorporati.vn,VNG Corporation,CFO,manufacturing,120,0914081531
Đặng Quang Châu,dang.quang.chau.14585@kiotviet.vn,KiotViet,Product Manager,logistics,50,0701118562
Võ Thanh Tâm,vo.thanh.tam.14586@vngcorporati.vn,VNG Corporation,Product Manager,education,250,0963081128
Lê Đức Mai,le.duc.mai.14587@shopeevietna.vn,Shopee Vietnam,CEO,manufacturing,1500,0977098036
Đặng Quang Hà,dang.quang.ha.14588@gmail.com,Haravan,Marketing Manager,healthcare,250,0960623743
Lý Thanh An,ly.thanh.an.14589@gmail.com,Vinamilk,Marketing Manager,fintech,500,0700919249
Đặng Quang Mai,dang.quang.mai.14590@vngcorporati.vn,VNG Corporation,Kế toán trưởng,logistics,25,0973616408
Phan Thanh An,phan.thanh.an.14591@vinmec.vn,Vinmec,Marketing Manager,manufacturing,10,0903102815
Trần Thị Phúc,tran.thi.phuc.14592@tiki.vn,Tiki,Procurement Manager,healthcare,50,0932213233
Phạm Hồng Tuấn,pham.hong.tuan.14593@basevn.vn,Base.vn,Marketing Manager,software,25,0907884747
Phạm Thị An,pham.thi.an.14594@gemadeptlogi.vn,Gemadept Logistics,CTO,fintech,25,0905888504
Hồ Hữu Việt,ho.huu.viet.14595@gemadeptlogi.vn,Gemadept Logistics,CFO,fintech,250,0700352908
Lê Đức Nam,le.duc.nam.14596@topcv.vn,TopCV,CFO,software,500,0353479673
Dương Minh Bình,duong.minh.binh.14597@gmail.com,Pharmacity,CEO,manufacturing,25,0324016285
Ngô Hồng Mai,ngo.hong.mai.14598@thacoindustr.vn,Thaco Industries,CEO,logistics,25,0971452170
Hồ Văn An,ho.van.an.14599@pharmacity.vn,Pharmacity,CFO,retail,500,0965739316
Bùi Quang Sơn,bui.quang.son.14600@gmail.com,Pharmacity,Operations Manager,ecommerce,120,0932096819
Vũ Quang Sơn,vu.quang.son.14601@kiotviet.vn,KiotViet,Kế toán trưởng,education,120,0933406187
Lý Minh Việt,ly.minh.viet.14602@gmail.com,MoMo,Operations Manager,manufacturing,25,0861042506
Bùi Hữu Châu,bui.huu.chau.14603@gmail.com,Haravan,CEO,software,500,0910544914
Ngô Ngọc Hà,ngo.ngoc.ha.14604@vinmec.vn,Vinmec,Product Manager,healthcare,1500,0351781995
Hoàng Thị An,hoang.thi.an.14605@topcv.vn,TopCV,Procurement Manager,manufacturing,10,0357518056
Võ Đức Hà,vo.duc.ha.14606@vinamilk.vn,Vinamilk,Head of Finance,fintech,25,0960228733
Lý Đức Quân,ly.duc.quan.14607@gmail.com,Tiki,Procurement Manager,manufacturing,50,0320369067
Đặng Xuân Bình,dang.xuan.binh.14608@gmail.com,Shopee Vietnam,Product Manager,ecommerce,250,0352880049
Nguyễn Đức Nam,nguyen.duc.nam.14609@vinamilk.vn,Vinamilk,Marketing Manager,manufacturing,50,0705566517
Đặng Quang Tuấn,dang.quang.tuan.14610@viettiengarm.vn,Viet Tien Garment,Procurement Manager,ecommerce,1500,0867524222
Bùi Thị Khánh,bui.thi.khanh.14611@gmail.com,TopCV,Head of Finance,manufacturing,120,0933179936
Võ Quang Sơn,vo.quang.son.14612@duytanplasti.vn,Duy Tan Plastics,CTO,fintech,120,0934442800
Phạm Đức Giang,pham.duc.giang.14613@pharmacity.vn,Pharmacity,Kế toán trưởng,education,10,0902746959
Lý Xuân Lan,ly.xuan.lan.14614@gmail.com,Vinamilk,CEO,fintech,50,0904738027
Lý Quang An,ly.quang.an.14615@momo.vn,MoMo,CTO,education,1500,0704826779
Nguyễn Minh Oanh,nguyen.minh.oanh.14616@haravan.vn,Haravan,Operations Manager,fintech,250,0910686016
Phạm Minh Dũng,pham.minh.dung.14617@fptsoftware.vn,FPT Software,Operations Manager,retail,10,0323553407
Lý Hồng Bình,ly.hong.binh.14618@gmail.com,MoMo,Marketing Manager,ecommerce,250,0909557748
Hồ Quang Linh,ho.quang.linh.14619@vinamilk.vn,Vinamilk,Kế toán trưởng,fintech,120,0935870145
Võ Đức Quân,vo.duc.quan.14620@vinamilk.vn,Vinamilk,Sales Director,logistics,25,0918172605
Vũ Xuân Lan,vu.xuan.lan.14621@gmail.com,Thaco Industries,Procurement Manager,software,10,0932522234
Bùi Quang Oanh,bui.quang.oanh.14622@shopeevietna.vn,Shopee Vietnam,CFO,manufacturing,50,0902494213
Phạm Thanh Lan,pham.thanh.lan.14623@gemadeptlogi.vn,Gemadept Logistics,CEO,ecommerce,1500,0935894089
Đặng Thanh Tâm,dang.thanh.tam.14624@gmail.com,TopCV,CTO,software,10,0324123832
Đặng Quang Nam,dang.quang.nam.14625@shopeevietna.vn,Shopee Vietnam,CEO,education,120,0907627591
Nguyễn Xuân An,nguyen.xuan.an.14626@duytanplasti.vn,Duy Tan Plastics,Kế toán trưởng,healthcare,10,0356419871
Nguyễn Hồng Mai,nguyen.hong.mai.14627@haravan.vn,Haravan,CTO,fintech,120,0709295613
Dương Minh Giang,duong.minh.giang.14628@vinamilk.vn,Vinamilk,Operations Manager,ecommerce,120,0700634124
Phan Minh Trang,phan.minh.trang.14629@gemadeptlogi.vn,Gemadept Logistics,CEO,logistics,120,0862445640
Hoàng Minh Việt,hoang.minh.viet.14630@vinmec.vn,Vinmec,Operations Manager,logistics,500,0917245994
Ngô Ngọc Tuấn,ngo.ngoc.tuan.14631@basevn.vn,Base.vn,Marketing Manager,logistics,120,0960812437
Trần Thị Châu,tran.thi.chau.14632@gmail.com,KiotViet,Kế toán trưởng,education,1500,0971061520
Lý Văn Linh,ly.van.linh.14633@gmail.com,Vinmec,Operations Manager,logistics,10,0960170706
Hồ Văn Phúc,ho.van.phuc.14634@thecoffeehou.vn,The Coffee House,Marketing Manager,retail,50,0962770003
Lê Văn Quân,le.van.quan.14635@gmail.com,Shopee Vietnam,Procurement Manager,logistics,120,0353942053
Bùi Hữu Nam,bui.huu.nam.14636@thacoindustr.vn,Thaco Industries,Product Manager,education,10,0931187502
Ngô Xuân Trang,ngo.xuan.trang.14637@haravan.vn,Haravan,CTO,fintech,1500,0934130850
Phan Văn Giang,phan.van.giang.14638@gmail.com,Pharmacity,Marketing Manager,healthcare,10,0704243152
Hoàng Hữu Nam,hoang.huu.nam.14639@vinmec.vn,Vinmec,CFO,education,250,0904746515
Hoàng Thị Bình,hoang.thi.binh.14640@haravan.vn,Haravan,Kế toán trưởng,logistics,250,0907382927
Bùi Quang An,bui.quang.an.14641@gmail.com,Viet Tien Garment,Product Manager,retail,1500,0351505589
Ngô Hồng Linh,ngo.hong.linh.14642@gmail.com,Hoà Phát,Product Manager,software,250,0707525362
Ngô Quang An,ngo.quang.an.14643@gemadeptlogi.vn,Gemadept Logistics,Procurement Manager,manufacturing,50,0869507716
Lý Văn Oanh,ly.van.oanh.14644@hoaphat.vn,Hoà Phát,Marketing Manager,ecommerce,50,0939274626
Nguyễn Hữu Lan,nguyen.huu.lan.14645@kiotviet.vn,KiotViet,CFO,healthcare,120,0962339965
Lê Ngọc Quân,le.ngoc.quan.14646@fptsoftware.vn,FPT Software,CTO,logistics,250,0324194034
Nguyễn Hữu Trang,nguyen.huu.trang.14647@vngcorporati.vn,VNG Corporation,CFO,education,25,0912734698
Đặng Minh Hà,dang.minh.ha.14648@pnj.vn,PNJ,Kế toán trưởng,software,120,0323996276
Lý Đức Hùng,ly.duc.hung.14649@hoaphat.vn,Hoà Phát,Product Manager,retail,10,0969769475
Vũ Hữu Tuấn,vu.huu.tuan.14650@cenland.vn,CenLand,CFO,retail,250,0937776990
Đặng Xuân Tâm,dang.xuan.tam.14651@basevn.vn,Base.vn,Kế toán trưởng,healthcare,1500,0866856762
Trần Ngọc Khánh,tran.ngoc.khanh.14652@basevn.vn,Base.vn,Sales Director,fintech,10,0321226398
Hồ Ngọc Phúc,ho.ngoc.phuc.14653@gmail.com,Tiki,CFO,logistics,25,0960401028
Lê Đức Bình,le.duc.binh.14654@cenland.vn,CenLand,Marketing Manager,education,10,0356074526
Nguyễn Minh Sơn,nguyen.minh.son.14655@gmail.com,Pharmacity,Kế toán trưởng,fintech,120,0974896860
Trần Quang Giang,tran.quang.giang.14656@vinamilk.vn,Vinamilk,Sales Director,ecommerce,25,0919166709
Trần Thanh Việt,tran.thanh.viet.14657@vinamilk.vn,Vinamilk,Sales Director,retail,500,0907152589
Đỗ Xuân Phúc,do.xuan.phuc.14658@vinmec.vn,Vinmec,CEO,software,120,0704919472
Hồ Hồng Khánh,ho.hong.khanh.14659@gmail.com,FPT Software,CFO,fintech,120,0864187200
Dương Ngọc Hùng,duong.ngoc.hung.14660@fptsoftware.vn,FPT Software,Sales Director,logistics,120,0353479598
Lý Thanh Việt,ly.thanh.viet.14661@gmail.com,Vinamilk,CFO,logistics,1500,0706124102
Hồ Ngọc Việt,ho.ngoc.viet.14662@thecoffeehou.vn,The Coffee House,Sales Director,healthcare,50,0325169907
Lê Minh Phúc,le.minh.phuc.14663@vinamilk.vn,Vinamilk,Operations Manager,logistics,50,0932795816
Ngô Thanh Trang,ngo.thanh.trang.14664@pharmacity.vn,Pharmacity,Kế toán trưởng,manufacturing,1500,0978590090
Bùi Thị Tuấn,bui.thi.tuan.14665@viettiengarm.vn,Viet Tien Garment,CEO,manufacturing,25,0938310509
Đỗ Quang Tuấn,do.quang.tuan.14666@duytanplasti.vn,Duy Tan Plastics,Sales Director,retail,500,0702153945
Phan Hồng Bình,phan.hong.binh.14667@pnj.vn,PNJ,CFO,logistics,10,0354779127
Lê Thanh Linh,le.thanh.linh.14668@gmail.com,Haravan,Procurement Manager,logistics,250,0961640282
Lý Xuân Châu,ly.xuan.chau.14669@kiotviet.vn,KiotViet,Operations Manager,healthcare,500,0356193184
Phan Minh Châu,phan.minh.chau.14670@vinamilk.vn,Vinamilk,Kế toán trưởng,education,120,0963689149
Nguyễn Văn Tuấn,nguyen.van.tuan.14671@momo.vn,MoMo,CEO,retail,50,0861418679
Trần Ngọc Lan,tran.ngoc.lan.14672@haravan.vn,Haravan,Sales Director,ecommerce,1500,0354027601
Trần Hồng Nam,tran.hong.nam.14673@gmail.com,Duy Tan Plastics,Procurement Manager,education,25,0971841256
Đỗ Minh Sơn,do.minh.son.14674@fptsoftware.vn,FPT Software,CTO,logistics,50,0912365639
Lê Quang Dũng,le.quang.dung.14675@thacoindustr.vn,Thaco Industries,Product Manager,logistics,120,0973583683
Dương Xuân Hùng,duong.xuan.hung.14676@gmail.com,CenLand,Sales Director,healthcare,50,0969820202
Vũ Thị Trang,vu.thi.trang.14677@thacoindustr.vn,Thaco Industries,CEO,education,500,0903322671
Dương Hữu Trang,duong.huu.trang.14678@pharmacity.vn,Pharmacity,Product Manager,logistics,25,0974346742
Hồ Thanh Nam,ho.thanh.nam.14679@pnj.vn,PNJ,Kế toán trưởng,logistics,120,0963908721
Vũ Minh Tâm,vu.minh.tam.14680@cenland.vn,CenLand,Product Manager,retail,25,0911705675
Bùi Hữu Tuấn,bui.huu.tuan.14681@thecoffeehou.vn,The Coffee House,Operations Manager,logistics,1500,0863422594
Đỗ Văn Sơn,do.van.son.14682@hoaphat.vn,Hoà Phát,CFO,healthcare,250,0328545585
Hồ Quang Oanh,ho.quang.oanh.14683@shopeevietna.vn,Shopee Vietnam,CEO,healthcare,50,0968719223
Võ Hồng Trang,vo.hong.trang.14684@kiotviet.vn,KiotViet,Head of Finance,healthcare,25,0907421103
Lê Đức Hùng,le.duc.hung.14685@gmail.com,MoMo,Procurement Manager,ecommerce,250,0353811280
Vũ Thanh An,vu.thanh.an.14686@basevn.vn,Base.vn,Product Manager,fintech,10,0706287533
Lê Minh Giang,le.minh.giang.14687@cenland.vn,CenLand,CFO,ecommerce,500,0903425019
Nguyễn Đức Bình,nguyen.duc.binh.14688@gmail.com,MoMo,CFO,software,250,0968385575
Lý Văn Sơn,ly.van.son.14689@momo.vn,MoMo,Product Manager,retail,1500,0861291522
Hồ Văn Linh,ho.van.linh.14690@gmail.com,MoMo,Head of Finance,education,50,0969004556
Hoàng Thị Dũng,hoang.thi.dung.14691@gmail.com,PNJ,Operations Manager,fintech,1500,0352675555
Lê Ngọc Khánh,le.ngoc.khanh.14692@gmail.com,Viet Tien Garment,Head of Finance,fintech,50,0976623629
Lê Đức Lan,le.duc.lan.14693@gmail.com,Viet Tien Garment,CEO,manufacturing,250,0326694529
Đỗ Minh Tâm,do.minh.tam.14694@duytanplasti.vn,Duy Tan Plastics,CTO,logistics,50,0918809497
Nguyễn Minh Việt,nguyen.minh.viet.14695@gmail.com,Duy Tan Plastics,Head of Finance,education,10,0911712800
Võ Xuân Oanh,vo.xuan.oanh.14696@pharmacity.vn,Pharmacity,Procurement Manager,retail,1500,0938225490
Lý Thanh Trang,ly.thanh.trang.14697@gmail.com,The Coffee House,Operations Manager,fintech,120,0930512023
Nguyễn Quang Sơn,nguyen.quang.son.14698@hoaphat.vn,Hoà Phát,CFO,retail,1500,0916434952
Trần Hữu Linh,tran.huu.linh.14699@pnj.vn,PNJ,Product Manager,logistics,50,0905776065
Trần Hồng Dũng,tran.hong.dung.14700@gmail.com,VNG Corporation,Head of Finance,education,10,0964002250
Bùi Thanh Mai,bui.thanh.mai.14701@duytanplasti.vn,Duy Tan Plastics,Kế toán trưởng,software,10,0913689037
Võ Hồng Châu,vo.hong.chau.14702@thacoindustr.vn,Thaco Industries,Procurement Manager,fintech,500,0969501422
Hoàng Thanh Trang,hoang.thanh.trang.14703@basevn.vn,Base.vn,Operations Manager,education,1500,0977930278
Võ Minh Phúc,vo.minh.phuc.14704@kiotviet.vn,KiotViet,Kế toán trưởng,retail,10,0907476599
Ngô Hồng Khánh,ngo.hong.khanh.14705@gmail.com,Duy Tan Plastics,Sales Director,education,500,0903650070
Trần Hữu Châu,tran.huu.chau.14706@gmail.com,Vinmec,Head of Finance,ecommerce,250,0934149620
Lý Văn Mai,ly.van.mai.14707@gmail.com,VNG Corporation,Sales Director,retail,1500,0902806277
Đặng Đức An,dang.duc.an.14708@gmail.com,CenLand,Product Manager,healthcare,50,0935111596
Đặng Hữu Nam,dang.huu.nam.14709@gmail.com,Shopee Vietnam,Marketing Manager,healthcare,250,0900284104
Hồ Xuân Trang,ho.xuan.trang.14710@thacoindustr.vn,Thaco Industries,Kế toán trưởng,education,50,0329294412
Phạm Xuân Quân,pham.xuan.quan.14711@gemadeptlogi.vn,Gemadept Logistics,Product Manager,logistics,50,0908106595
Đặng Minh Tuấn,dang.minh.tuan.14712@gmail.com,MoMo,Procurement Manager,logistics,10,0906821691
Dương Thị Phúc,duong.thi.phuc.14713@gmail.com,Base.vn,Procurement Manager,retail,250,0913799956
Đỗ Hồng Quân,do.hong.quan.14714@gmail.com,Thaco Industries,CEO,education,25,0358577059
Ngô Đức Hà,ngo.duc.ha.14715@cenland.vn,CenLand,Sales Director,retail,1500,0916497480
Ngô Quang Khánh,ngo.quang.khanh.14716@vinamilk.vn,Vinamilk,Operations Manager,fintech,500,0904720027
Hoàng Hồng An,hoang.hong.an.14717@gmail.com,CenLand,Operations Manager,manufacturing,50,0970165617
Hoàng Xuân Phúc,hoang.xuan.phuc.14718@gemadeptlogi.vn,Gemadept Logistics,CTO,retail,120,0970671595
Võ Văn Phúc,vo.van.phuc.14719@gmail.com,Base.vn,CEO,ecommerce,10,0702684712
Hồ Minh An,ho.minh.an.14720@gmail.com,Thaco Industries,Kế toán trưởng,manufacturing,1500,0935123783
Lê Minh Khánh,le.minh.khanh.14721@gmail.com,The Coffee House,Head of Finance,education,1500,0964946738
Nguyễn Minh An,nguyen.minh.an.14722@basevn.vn,Base.vn,Kế toán trưởng,logistics,50,0355935837
Lê Thị Châu,le.thi.chau.14723@gmail.com,PNJ,Sales Director,manufacturing,1500,0966527442
Võ Ngọc Nam,vo.ngoc.nam.14724@viettiengarm.vn,Viet Tien Garment,Kế toán trưởng,healthcare,250,0910153867
Phạm Đức Tuấn,pham.duc.tuan.14725@gmail.com,Hoà Phát,CTO,ecommerce,250,0915967217
Lý Thị Bình,ly.thi.binh.14726@haravan.vn,Haravan,Sales Director,ecommerce,10,0861233793
Lý Thanh Phúc,ly.thanh.phuc.14727@gmail.com,PNJ,Procurement Manager,software,120,0974650332
Ngô Minh Lan,ngo.minh.lan.14728@gemadeptlogi.vn,Gemadept Logistics,CTO,ecommerce,500,0902663857
Phạm Thanh Tâm,pham.thanh.tam.14729@pharmacity.vn,Pharmacity,CEO,logistics,50,0325040484
Ngô Xuân Khánh,ngo.xuan.khanh.14730@vinamilk.vn,Vinamilk,Marketing Manager,ecommerce,500,0700319161
Phan Đức Bình,phan.duc.binh.14731@fptsoftware.vn,FPT Software,Marketing Manager,manufacturing,500,0907172726
Lý Ngọc Khánh,ly.ngoc.khanh.14732@gmail.com,Duy Tan Plastics,Operations Manager,ecommerce,50,0901244991
Đặng Xuân Khánh,dang.xuan.khanh.14733@thacoindustr.vn,Thaco Industries,Head of Finance,software,120,0327633489
Vũ Thị Khánh,vu.thi.khanh.14734@gmail.com,PNJ,Marketing Manager,fintech,120,0975232829
Phạm Quang An,pham.quang.an.14735@cenland.vn,CenLand,Operations Manager,education,25,0324756182
Trần Đức Phúc,tran.duc.phuc.14736@cenland.vn,CenLand,Sales Director,manufacturing,1500,0861011235
Hoàng Hồng Phúc,hoang.hong.phuc.14737@gmail.com,Vinmec,Sales Director,education,50,0864093165
Lê Minh Việt,le.minh.viet.14738@fptsoftware.vn,FPT Software,Procurement Manager,software,500,0933993880
Đỗ Đức Việt,do.duc.viet.14739@vngcorporati.vn,VNG Corporation,Marketing Manager,fintech,250,0706661335
Vũ Đức Giang,vu.duc.giang.14740@gmail.com,Tiki,CTO,education,1500,0325928693
Lê Đức Mai,le.duc.mai.14741@pharmacity.vn,Pharmacity,Sales Director,manufacturing,10,0934387975
Hoàng Văn Châu,hoang.van.chau.14742@gmail.com,Hoà Phát,Marketing Manager,fintech,250,0861193941
Trần Thanh Bình,tran.thanh.binh.14743@gmail.com,Gemadept Logistics,Head of Finance,software,1500,0900128930
Bùi Quang Giang,bui.quang.giang.14744@topcv.vn,TopCV,Sales Director,logistics,500,0353452515
Hoàng Minh Tuấn,hoang.minh.tuan.14745@gmail.com,Tiki,Head of Finance,education,500,0863394899
Dương Hồng Mai,duong.hong.mai.14746@gemadeptlogi.vn,Gemadept Logistics,CEO,ecommerce,500,0324115376
Nguyễn Xuân Tâm,nguyen.xuan.tam.14747@tiki.vn,Tiki,Sales Director,retail,500,0933087064
Đỗ Ngọc An,do.ngoc.an.14748@vinmec.vn,Vinmec,Operations Manager,retail,10,0914892720
Bùi Minh Mai,bui.minh.mai.14749@pnj.vn,PNJ,Product Manager,education,120,0707061557
Nguyễn Minh Linh,nguyen.minh.linh.14750@vngcorporati.vn,VNG Corporation,Procurement Manager,software,500,0916659602
Đỗ Minh Linh,do.minh.linh.14751@gemadeptlogi.vn,Gemadept Logistics,Marketing Manager,manufacturing,25,0904598000
Nguyễn Xuân An,nguyen.xuan.an.14752@vinamilk.vn,Vinamilk,Head of Finance,software,50,0916938429
Lê Thanh Hà,le.thanh.ha.14753@topcv.vn,TopCV,CTO,education,1500,0707510904
Lê Xuân Sơn,le.xuan.son.14754@gmail.com,Viet Tien Garment,Product Manager,ecommerce,500,0977794347
Phan Hồng Mai,phan.hong.mai.14755@thecoffeehou.vn,The Coffee House,Operations Manager,logistics,25,0913810547
Ngô Minh Mai,ngo.minh.mai.14756@gmail.com,Duy Tan Plastics,Product Manager,ecommerce,50,0933987460
Đỗ Ngọc Nam,do.ngoc.nam.14757@gmail.com,Haravan,Procurement Manager,logistics,250,0703386312
Lý Minh Hùng,ly.minh.hung.14758@momo.vn,MoMo,Operations Manager,education,1500,0968357376
Phan Đức Lan,phan.duc.lan.14759@thacoindustr.vn,Thaco Industries,Procurement Manager,fintech,50,0867956662
Nguyễn Văn Giang,nguyen.van.giang.14760@gmail.com,CenLand,Operations Manager,logistics,500,0863980407
Trần Minh Quân,tran.minh.quan.14761@momo.vn,MoMo,CTO,manufacturing,250,0904835854
Dương Đức Phúc,duong.duc.phuc.14762@gmail.com,Viet Tien Garment,Product Manager,fintech,500,0964516940
Ngô Minh Lan,ngo.minh.lan.14763@gmail.com,Duy Tan Plastics,Marketing Manager,healthcare,250,0865404222
Đỗ Đức Việt,do.duc.viet.14764@tiki.vn,Tiki,CEO,manufacturing,25,0939248980
Trần Ngọc Trang,tran.ngoc.trang.14765@gmail.com,Tiki,CEO,fintech,50,0866495428
Vũ Minh Nam,vu.minh.nam.14766@shopeevietna.vn,Shopee Vietnam,CEO,manufacturing,25,0863180032
Bùi Hồng Mai,bui.hong.mai.14767@kiotviet.vn,KiotViet,Sales Director,manufacturing,25,0350458960
Hồ Hồng Lan,ho.hong.lan.14768@pharmacity.vn,Pharmacity,Operations Manager,education,500,0328585900
Trần Hữu Tâm,tran.huu.tam.14769@kiotviet.vn,KiotViet,CTO,software,10,0908967016
Lý Minh Khánh,ly.minh.khanh.14770@gmail.com,Vinmec,CEO,ecommerce,500,0867864251
Hoàng Quang Giang,hoang.quang.giang.14771@viettiengarm.vn,Viet Tien Garment,CFO,fintech,250,0919476322
Phan Quang Lan,phan.quang.lan.14772@gmail.com,The Coffee House,CFO,software,500,0865380626
Hoàng Hữu Bình,hoang.huu.binh.14773@haravan.vn,Haravan,CTO,retail,25,0865543150
Bùi Đức Tuấn,bui.duc.tuan.14774@vngcorporati.vn,VNG Corporation,Procurement Manager,manufacturing,10,0325937301
Trần Văn Oanh,tran.van.oanh.14775@gmail.com,Haravan,Marketing Manager,fintech,250,0908265297
Vũ Quang Dũng,vu.quang.dung.14776@pharmacity.vn,Pharmacity,CTO,software,25,0865051801
Lý Văn Phúc,ly.van.phuc.14777@tiki.vn,Tiki,CFO,healthcare,500,0963601312
Bùi Văn Tâm,bui.van.tam.14778@gmail.com,FPT Software,Operations Manager,retail,50,0975392512
Đặng Quang Hà,dang.quang.ha.14779@gmail.com,Shopee Vietnam,CTO,retail,120,0320146848
Đỗ Hồng Hà,do.hong.ha.14780@viettiengarm.vn,Viet Tien Garment,CTO,education,1500,0704608756
Võ Hữu Lan,vo.huu.lan.14781@basevn.vn,Base.vn,Product Manager,healthcare,1500,0352742859
Đặng Hồng Giang,dang.hong.giang.14782@gmail.com,Tiki,CEO,retail,1500,0970294706
Đỗ Thị Hà,do.thi.ha.14783@vinmec.vn,Vinmec,CEO,software,120,0971760054
Hồ Đức Hà,ho.duc.ha.14784@momo.vn,MoMo,Kế toán trưởng,software,50,0866703410
Trần Minh Hùng,tran.minh.hung.14785@momo.vn,MoMo,Sales Director,ecommerce,250,0903228850
Hoàng Thanh Khánh,hoang.thanh.khanh.14786@vngcorporati.vn,VNG Corporation,CFO,software,250,0357196493
Ngô Hồng Bình,ngo.hong.binh.14787@tiki.vn,Tiki,Kế toán trưởng,logistics,500,0707688989
Phan Minh Bình,phan.minh.binh.14788@gmail.com,VNG Corporation,Procurement Manager,education,120,0905688758
Trần Minh An,tran.minh.an.14789@duytanplasti.vn,Duy Tan Plastics,CTO,education,500,0960164041
Đỗ Hồng Quân,do.hong.quan.14790@haravan.vn,Haravan,Procurement Manager,education,500,0977579365
Bùi Ngọc Hà,bui.ngoc.ha.14791@cenland.vn,CenLand,Marketing Manager,software,1500,0919673141
Ngô Quang Sơn,ngo.quang.son.14792@haravan.vn,Haravan,Product Manager,healthcare,500,0966838942
Hoàng Xuân Hà,hoang.xuan.ha.14793@vinamilk.vn,Vinamilk,Marketing Manager,manufacturing,10,0962504466
Trần Văn Trang,tran.van.trang.14794@vinamilk.vn,Vinamilk,Sales Director,healthcare,500,0906587039
Hoàng Hữu Tuấn,hoang.huu.tuan.14795@gmail.com,Shopee Vietnam,Kế toán trưởng,education,250,0866544332
Phan Hồng Oanh,phan.hong.oanh.14796@kiotviet.vn,KiotViet,CTO,healthcare,250,0867068709
Đỗ Thanh Giang,do.thanh.giang.14797@shopeevietna.vn,Shopee Vietnam,Sales Director,software,120,0977478937
Đỗ Thanh Oanh,do.thanh.oanh.14798@gmail.com,FPT Software,CFO,logistics,120,0937633357
Lý Quang Trang,ly.quang.trang.14799@thecoffeehou.vn,The Coffee House,Sales Director,retail,25,0961526222
Vũ Thanh Dũng,vu.thanh.dung.14800@vinamilk.vn,Vinamilk,CEO,education,10,0914022947
Lý Minh Sơn,ly.minh.son.14801@gmail.com,Viet Tien Garment,Operations Manager,manufacturing,25,0961816134
Phan Minh Sơn,phan.minh.son.14802@cenland.vn,CenLand,Product Manager,fintech,120,0971580259
Võ Xuân Lan,vo.xuan.lan.14803@gmail.com,PNJ,Kế toán trưởng,education,10,0358137938
Đặng Minh Mai,dang.minh.mai.14804@cenland.vn,CenLand,Kế toán trưởng,software,120,0963930449
Võ Thị Lan,vo.thi.lan.14805@vinmec.vn,Vinmec,Marketing Manager,retail,1500,0900976363
Nguyễn Hữu Châu,nguyen.huu.chau.14806@shopeevietna.vn,Shopee Vietnam,CFO,manufacturing,1500,0860165581
Hoàng Hữu Oanh,hoang.huu.oanh.14807@kiotviet.vn,KiotViet,CTO,logistics,120,0354358927
Vũ Ngọc Dũng,vu.ngoc.dung.14808@gmail.com,PNJ,Procurement Manager,retail,250,0915121536
Đặng Đức Linh,dang.duc.linh.14809@gmail.com,PNJ,Procurement Manager,healthcare,500,0969929918
Nguyễn Quang Giang,nguyen.quang.giang.14810@gmail.com,FPT Software,Kế toán trưởng,healthcare,25,0978929272
Nguyễn Ngọc Sơn,nguyen.ngoc.son.14811@gmail.com,MoMo,Operations Manager,education,10,0353775657
Phan Xuân Sơn,phan.xuan.son.14812@gmail.com,Base.vn,Procurement Manager,fintech,25,0861484968
Lý Quang Mai,ly.quang.mai.14813@gmail.com,Base.vn,Marketing Manager,software,1500,0355000944
Hồ Hữu Nam,ho.huu.nam.14814@gemadeptlogi.vn,Gemadept Logistics,Head of Finance,education,50,0971035685
Nguyễn Văn Giang,nguyen.van.giang.14815@vngcorporati.vn,VNG Corporation,Operations Manager,logistics,250,0868054573
Nguyễn Xuân Giang,nguyen.xuan.giang.14816@topcv.vn,TopCV,Sales Director,retail,120,0328674904
Nguyễn Ngọc Tuấn,nguyen.ngoc.tuan.14817@gemadeptlogi.vn,Gemadept Logistics,Marketing Manager,healthcare,1500,0350293605
Ngô Thanh An,ngo.thanh.an.14818@gmail.com,Viet Tien Garment,Procurement Manager,ecommerce,500,0907565925
Hoàng Hữu An,hoang.huu.an.14819@momo.vn,MoMo,Procurement Manager,fintech,25,0709144640
Nguyễn Ngọc Việt,nguyen.ngoc.viet.14820@gemadeptlogi.vn,Gemadept Logistics,CEO,software,120,0352529795
Lê Xuân An,le.xuan.an.14821@gmail.com,KiotViet,CTO,manufacturing,500,0963699644
Bùi Thanh Khánh,bui.thanh.khanh.14822@vinmec.vn,Vinmec,Marketing Manager,retail,10,0964056262
Trần Quang Tuấn,tran.quang.tuan.14823@gmail.com,Haravan,Procurement Manager,healthcare,1500,0707592200
Lý Văn Mai,ly.van.mai.14824@gmail.com,Gemadept Logistics,CFO,software,1500,0863743541
Nguyễn Quang Tuấn,nguyen.quang.tuan.14825@pharmacity.vn,Pharmacity,Product Manager,fintech,250,0328833916
Bùi Hữu Bình,bui.huu.binh.14826@gmail.com,Shopee Vietnam,CFO,education,250,0916517874
Phan Xuân Hà,phan.xuan.ha.14827@thecoffeehou.vn,The Coffee House,Procurement Manager,education,50,0909914505
Vũ Quang Dũng,vu.quang.dung.14828@gmail.com,Base.vn,Marketing Manager,fintech,250,0930848355
Phan Đức Mai,phan.duc.mai.14829@pharmacity.vn,Pharmacity,CEO,manufacturing,1500,0917650110
Trần Minh Dũng,tran.minh.dung.14830@kiotviet.vn,KiotViet,Procurement Manager,fintech,500,0932223975
Dương Xuân Phúc,duong.xuan.phuc.14831@vinmec.vn,Vinmec,Sales Director,software,120,0868097948
Phạm Văn Tâm,pham.van.tam.14832@duytanplasti.vn,Duy Tan Plastics,Marketing Manager,retail,250,0869726062
Đỗ Minh Sơn,do.minh.son.14833@gemadeptlogi.vn,Gemadept Logistics,Head of Finance,education,120,0938718334
Hoàng Văn Khánh,hoang.van.khanh.14834@gmail.com,Viet Tien Garment,CEO,logistics,25,0904963762
Bùi Minh Hùng,bui.minh.hung.14835@gmail.com,FPT Software,Kế toán trưởng,manufacturing,500,0358392326
Dương Văn Việt,duong.van.viet.14836@momo.vn,MoMo,Head of Finance,logistics,50,0707535315
Bùi Thị Quân,bui.thi.quan.14837@gmail.com,CenLand,Sales Director,software,120,0864526258
Ngô Quang Hà,ngo.quang.ha.14838@gmail.com,Base.vn,Head of Finance,fintech,10,0354885067
Dương Đức Oanh,duong.duc.oanh.14839@pnj.vn,PNJ,Marketing Manager,software,50,0933078438
Ngô Đức Trang,ngo.duc.trang.14840@pharmacity.vn,Pharmacity,Marketing Manager,healthcare,250,0918051345
Nguyễn Đức Mai,nguyen.duc.mai.14841@pnj.vn,PNJ,Sales Director,fintech,1500,0934186396
Hoàng Hữu Hà,hoang.huu.ha.14842@hoaphat.vn,Hoà Phát,Operations Manager,manufacturing,1500,0866229503
Trần Xuân Giang,tran.xuan.giang.14843@gemadeptlogi.vn,Gemadept Logistics,Product Manager,ecommerce,250,0321419723
Vũ Ngọc Châu,vu.ngoc.chau.14844@topcv.vn,TopCV,CEO,manufacturing,120,0320823661
Đặng Xuân Lan,dang.xuan.lan.14845@thecoffeehou.vn,The Coffee House,Operations Manager,retail,1500,0903682876
Dương Thị Dũng,duong.thi.dung.14846@viettiengarm.vn,Viet Tien Garment,CFO,healthcare,1500,0913108617
Bùi Thị Giang,bui.thi.giang.14847@shopeevietna.vn,Shopee Vietnam,Sales Director,logistics,120,0966726639
Lê Thanh Nam,le.thanh.nam.14848@vinamilk.vn,Vinamilk,CTO,manufacturing,50,0974548963
Đặng Xuân An,dang.xuan.an.14849@vinmec.vn,Vinmec,Product Manager,ecommerce,1500,0934668139
Lê Quang Sơn,le.quang.son.14850@gmail.com,Vinamilk,CFO,ecommerce,1500,0917867706
Phạm Minh Bình,pham.minh.binh.14851@basevn.vn,Base.vn,CTO,fintech,25,0933129791
Dương Hữu Bình,duong.huu.binh.14852@cenland.vn,CenLand,CTO,fintech,25,0964199820
Dương Xuân Linh,duong.xuan.linh.14853@fptsoftware.vn,FPT Software,CTO,education,1500,0900974225
Võ Thị Hà,vo.thi.ha.14854@vinmec.vn,Vinmec,Sales Director,healthcare,25,0351827047
Đỗ Văn Bình,do.van.binh.14855@duytanplasti.vn,Duy Tan Plastics,Marketing Manager,education,10,0961129569
Phan Hữu An,phan.huu.an.14856@gmail.com,MoMo,Operations Manager,healthcare,250,0970116255
Phan Hữu Tâm,phan.huu.tam.14857@thecoffeehou.vn,The Coffee House,Marketing Manager,logistics,25,0708631681
Bùi Hữu Sơn,bui.huu.son.14858@gmail.com,TopCV,Kế toán trưởng,ecommerce,120,0328908856
Ngô Minh Bình,ngo.minh.binh.14859@pnj.vn,PNJ,CFO,healthcare,500,0932901603
Đỗ Thanh Việt,do.thanh.viet.14860@vngcorporati.vn,VNG Corporation,Operations Manager,retail,120,0869558359
Vũ Minh Mai,vu.minh.mai.14861@vngcorporati.vn,VNG Corporation,CEO,retail,120,0912993115
Hoàng Thị Quân,hoang.thi.quan.14862@vinmec.vn,Vinmec,Procurement Manager,ecommerce,120,0353167516
Dương Văn An,duong.van.an.14863@thacoindustr.vn,Thaco Industries,Marketing Manager,education,500,0869967404
Lý Hữu Nam,ly.huu.nam.14864@kiotviet.vn,KiotViet,Head of Finance,education,25,0966812653
Vũ Đức Tuấn,vu.duc.tuan.14865@thacoindustr.vn,Thaco Industries,Procurement Manager,retail,500,0963332339
Phan Xuân Sơn,phan.xuan.son.14866@fptsoftware.vn,FPT Software,CFO,retail,250,0868774286
Trần Xuân Tâm,tran.xuan.tam.14867@thacoindustr.vn,Thaco Industries,CEO,fintech,25,0977794976
Dương Xuân Quân,duong.xuan.quan.14868@vngcorporati.vn,VNG Corporation,Operations Manager,logistics,1500,0705213682
Đỗ Xuân Việt,do.xuan.viet.14869@gmail.com,MoMo,CTO,ecommerce,10,0970307876
Ngô Ngọc An,ngo.ngoc.an.14870@pharmacity.vn,Pharmacity,Marketing Manager,software,10,0356544252
Ngô Thanh Quân,ngo.thanh.quan.14871@gmail.com,Viet Tien Garment,CEO,manufacturing,250,0909992426
Nguyễn Hữu Linh,nguyen.huu.linh.14872@vinamilk.vn,Vinamilk,Marketing Manager,software,120,0913866694
Bùi Minh Tâm,bui.minh.tam.14873@duytanplasti.vn,Duy Tan Plastics,Head of Finance,education,1500,0939109965
Lý Xuân Hùng,ly.xuan.hung.14874@hoaphat.vn,Hoà Phát,CFO,retail,120,0917693679
Vũ Hồng Linh,vu.hong.linh.14875@gmail.com,Shopee Vietnam,Operations Manager,healthcare,500,0917556135
Đỗ Thanh Châu,do.thanh.chau.14876@shopeevietna.vn,Shopee Vietnam,Product Manager,logistics,500,0707947935
Trần Đức An,tran.duc.an.14877@pnj.vn,PNJ,Procurement Manager,manufacturing,250,0916384616
Trần Xuân Tâm,tran.xuan.tam.14878@gmail.com,VNG Corporation,Marketing Manager,retail,10,0975859573
Trần Ngọc Trang,tran.ngoc.trang.14879@gmail.com,Pharmacity,Operations Manager,software,250,0865542103
Đỗ Hồng Tâm,do.hong.tam.14880@gmail.com,FPT Software,Operations Manager,logistics,25,0867821510
Nguyễn Hữu Giang,nguyen.huu.giang.14881@basevn.vn,Base.vn,CTO,manufacturing,50,0862774329
Lý Thanh Phúc,ly.thanh.phuc.14882@thacoindustr.vn,Thaco Industries,CEO,fintech,500,0914480988
Võ Thanh Giang,vo.thanh.giang.14883@tiki.vn,Tiki,Kế toán trưởng,fintech,25,0915781820
Võ Quang Phúc,vo.quang.phuc.14884@kiotviet.vn,KiotViet,Head of Finance,ecommerce,10,0909807800
Lê Văn Khánh,le.van.khanh.14885@hoaphat.vn,Hoà Phát,CTO,retail,50,0705439149
Hồ Xuân Oanh,ho.xuan.oanh.14886@thecoffeehou.vn,The Coffee House,Head of Finance,software,10,0906516783
Bùi Minh Tâm,bui.minh.tam.14887@kiotviet.vn,KiotViet,Procurement Manager,fintech,25,0915476061
Phan Thanh Tuấn,phan.thanh.tuan.14888@vinamilk.vn,Vinamilk,CEO,retail,50,0968248259
Phan Thanh Quân,phan.thanh.quan.14889@kiotviet.vn,KiotViet,Sales Director,ecommerce,50,0965832737
Ngô Văn Châu,ngo.van.chau.14890@shopeevietna.vn,Shopee Vietnam,Kế toán trưởng,fintech,500,0903274745
Hồ Thị Việt,ho.thi.viet.14891@gmail.com,Vinmec,Procurement Manager,ecommerce,1500,0354765435
Lê Hữu Sơn,le.huu.son.14892@gmail.com,Vinmec,Kế toán trưởng,retail,50,0327343909
Nguyễn Xuân Sơn,nguyen.xuan.son.14893@basevn.vn,Base.vn,Head of Finance,manufacturing,1500,0908983637
Hoàng Thanh Hà,hoang.thanh.ha.14894@gemadeptlogi.vn,Gemadept Logistics,Product Manager,logistics,120,0915279448
Hồ Đức Châu,ho.duc.chau.14895@gmail.com,VNG Corporation,Product Manager,manufacturing,1500,0357663204
Đỗ Văn Nam,do.van.nam.14896@haravan.vn,Haravan,Procurement Manager,logistics,25,0977115806
Nguyễn Văn Mai,nguyen.van.mai.14897@thecoffeehou.vn,The Coffee House,Product Manager,ecommerce,10,0974345815
Dương Đức Dũng,duong.duc.dung.14898@cenland.vn,CenLand,Sales Director,ecommerce,10,0324175691
Võ Hữu Sơn,vo.huu.son.14899@thecoffeehou.vn,The Coffee House,Kế toán trưởng,manufacturing,25,0970503313
Bùi Thanh Giang,bui.thanh.giang.14900@basevn.vn,Base.vn,CFO,fintech,10,0900718446
Đặng Xuân Hùng,dang.xuan.hung.14901@gmail.com,CenLand,Marketing Manager,healthcare,25,0322833951
Trần Thị Hà,tran.thi.ha.14902@fptsoftware.vn,FPT Software,Marketing Manager,manufacturing,25,0971305245
Vũ Văn Dũng,vu.van.dung.14903@gmail.com,Haravan,Head of Finance,software,1500,0932953970
Lý Xuân Quân,ly.xuan.quan.14904@vinmec.vn,Vinmec,Product Manager,fintech,1500,0932499332
Phạm Ngọc Tuấn,pham.ngoc.tuan.14905@pnj.vn,PNJ,CFO,retail,25,0961478045
Hồ Đức Quân,ho.duc.quan.14906@topcv.vn,TopCV,Sales Director,fintech,1500,0904678319
Đặng Thị Linh,dang.thi.linh.14907@vinmec.vn,Vinmec,Head of Finance,software,500,0326991975
Bùi Đức Phúc,bui.duc.phuc.14908@gmail.com,Tiki,Product Manager,manufacturing,10,0701318633
Hồ Hồng Dũng,ho.hong.dung.14909@gmail.com,The Coffee House,Marketing Manager,education,1500,0933163940
Trần Xuân Hà,tran.xuan.ha.14910@gmail.com,Hoà Phát,CEO,healthcare,50,0937975467
Vũ Thị Châu,vu.thi.chau.14911@duytanplasti.vn,Duy Tan Plastics,CTO,healthcare,500,0931815333
Lê Hồng Tuấn,le.hong.tuan.14912@hoaphat.vn,Hoà Phát,CFO,retail,250,0970895347
Nguyễn Thanh Dũng,nguyen.thanh.dung.14913@kiotviet.vn,KiotViet,Procurement Manager,ecommerce,120,0865654086
Vũ Minh Phúc,vu.minh.phuc.14914@duytanplasti.vn,Duy Tan Plastics,Operations Manager,education,1500,0930438144
Lý Thị Dũng,ly.thi.dung.14915@hoaphat.vn,Hoà Phát,Product Manager,healthcare,1500,0867072192
Bùi Thị Châu,bui.thi.chau.14916@vinmec.vn,Vinmec,Operations Manager,ecommerce,10,0863700965
Đặng Ngọc Sơn,dang.ngoc.son.14917@gmail.com,Base.vn,Operations Manager,education,250,0325203587
Phạm Thị Việt,pham.thi.viet.14918@momo.vn,MoMo,CTO,retail,250,0350692601
Lý Xuân Tuấn,ly.xuan.tuan.14919@gmail.com,FPT Software,Kế toán trưởng,ecommerce,50,0916245049
Ngô Hồng An,ngo.hong.an.14920@gmail.com,Hoà Phát,CTO,ecommerce,500,0938689968
Nguyễn Ngọc Nam,nguyen.ngoc.nam.14921@gmail.com,VNG Corporation,Product Manager,healthcare,1500,0321236747
Vũ Quang Phúc,vu.quang.phuc.14922@vinamilk.vn,Vinamilk,CEO,education,500,0326716425
Lý Văn Giang,ly.van.giang.14923@gmail.com,PNJ,Sales Director,manufacturing,10,0351068004
Lý Hữu Tuấn,ly.huu.tuan.14924@shopeevietna.vn,Shopee Vietnam,CFO,fintech,10,0914512730
Nguyễn Quang Mai,nguyen.quang.mai.14925@vngcorporati.vn,VNG Corporation,Sales Director,fintech,50,0329622280
Bùi Quang Phúc,bui.quang.phuc.14926@pnj.vn,PNJ,Product Manager,ecommerce,500,0976950973
Hồ Đức Tuấn,ho.duc.tuan.14927@kiotviet.vn,KiotViet,CEO,software,25,0904891611
Bùi Xuân Hùng,bui.xuan.hung.14928@gmail.com,The Coffee House,Procurement Manager,logistics,250,0910141589
Lê Xuân Mai,le.xuan.mai.14929@thacoindustr.vn,Thaco Industries,Kế toán trưởng,education,120,0705832937
Hồ Hồng Tuấn,ho.hong.tuan.14930@duytanplasti.vn,Duy Tan Plastics,Head of Finance,retail,1500,0936979522
Lê Văn Trang,le.van.trang.14931@pharmacity.vn,Pharmacity,CEO,logistics,120,0708638360
Lê Thị Tâm,le.thi.tam.14932@gmail.com,Pharmacity,Sales Director,healthcare,500,0708270941
Trần Văn Hùng,tran.van.hung.14933@cenland.vn,CenLand,Marketing Manager,manufacturing,250,0970872891
Đặng Hồng Việt,dang.hong.viet.14934@pnj.vn,PNJ,Procurement Manager,ecommerce,1500,0962311703
Hồ Thanh Trang,ho.thanh.trang.14935@gmail.com,Shopee Vietnam,Operations Manager,software,25,0904229363
Hoàng Hồng Phúc,hoang.hong.phuc.14936@haravan.vn,Haravan,Product Manager,fintech,25,0323117412
Bùi Thanh Việt,bui.thanh.viet.14937@cenland.vn,CenLand,Product Manager,healthcare,250,0971201708
Hồ Hồng Hùng,ho.hong.hung.14938@basevn.vn,Base.vn,CTO,education,250,0863825970
Trần Minh Dũng,tran.minh.dung.14939@hoaphat.vn,Hoà Phát,CEO,healthcare,500,0357961227
Đỗ Hồng Oanh,do.hong.oanh.14940@gmail.com,Hoà Phát,Head of Finance,software,50,0911738727
Hồ Văn Việt,ho.van.viet.14941@gmail.com,PNJ,Marketing Manager,education,250,0938458819
Phan Xuân Oanh,phan.xuan.oanh.14942@gmail.com,CenLand,Kế toán trưởng,manufacturing,250,0326717503
Ngô Quang Hà,ngo.quang.ha.14943@duytanplasti.vn,Duy Tan Plastics,CEO,manufacturing,250,0321978836
Vũ Hữu Hà,vu.huu.ha.14944@gmail.com,Hoà Phát,CTO,fintech,1500,0355293208
Trần Đức Việt,tran.duc.viet.14945@gmail.com,PNJ,Procurement Manager,education,120,0966440620
Trần Thanh Oanh,tran.thanh.oanh.14946@viettiengarm.vn,Viet Tien Garment,Sales Director,manufacturing,25,0325609934
Ngô Quang Lan,ngo.quang.lan.14947@duytanplasti.vn,Duy Tan Plastics,CTO,logistics,250,0704994669
Nguyễn Quang Lan,nguyen.quang.lan.14948@gmail.com,FPT Software,Procurement Manager,fintech,1500,0914843573
Lê Quang Châu,le.quang.chau.14949@gmail.com,Pharmacity,Operations Manager,logistics,50,0933430679
Lý Thị Hà,ly.thi.ha.14950@thecoffeehou.vn,The Coffee House,Operations Manager,healthcare,1500,0935229425
Võ Hữu Sơn,vo.huu.son.14951@tiki.vn,Tiki,CEO,logistics,250,0919757558
Lê Hồng Oanh,le.hong.oanh.14952@viettiengarm.vn,Viet Tien Garment,Head of Finance,logistics,1500,0915694525
Hoàng Hữu Trang,hoang.huu.trang.14953@basevn.vn,Base.vn,Kế toán trưởng,logistics,250,0917247526
Hoàng Văn Tuấn,hoang.van.tuan.14954@basevn.vn,Base.vn,Marketing Manager,retail,500,0707497583
Ngô Văn Phúc,ngo.van.phuc.14955@basevn.vn,Base.vn,CEO,retail,120,0705139673
Vũ Thị Khánh,vu.thi.khanh.14956@momo.vn,MoMo,Product Manager,ecommerce,50,0910838355
Đặng Ngọc Lan,dang.ngoc.lan.14957@gmail.com,Vinamilk,Kế toán trưởng,manufacturing,250,0973701113
Phan Thanh Oanh,phan.thanh.oanh.14958@gmail.com,Viet Tien Garment,Head of Finance,manufacturing,500,0862537204
Võ Hữu An,vo.huu.an.14959@hoaphat.vn,Hoà Phát,Sales Director,healthcare,50,0863342253
Phan Xuân Bình,phan.xuan.binh.14960@basevn.vn,Base.vn,CTO,logistics,1500,0701579407
Bùi Quang Hùng,bui.quang.hung.14961@gmail.com,MoMo,CFO,healthcare,120,0861861171
Lê Minh Bình,le.minh.binh.14962@shopeevietna.vn,Shopee Vietnam,Marketing Manager,ecommerce,120,0912136711
Phan Thị Nam,phan.thi.nam.14963@gemadeptlogi.vn,Gemadept Logistics,Head of Finance,logistics,120,0327442949
Vũ Văn Bình,vu.van.binh.14964@shopeevietna.vn,Shopee Vietnam,CEO,logistics,50,0966109653
Phạm Hữu Hà,pham.huu.ha.14965@pharmacity.vn,Pharmacity,Product Manager,retail,500,0904923882
Dương Minh Trang,duong.minh.trang.14966@gmail.com,Pharmacity,Procurement Manager,healthcare,120,0352983219
Lý Thị Mai,ly.thi.mai.14967@vngcorporati.vn,VNG Corporation,Operations Manager,retail,10,0351089414
Đỗ Minh Tâm,do.minh.tam.14968@cenland.vn,CenLand,Product Manager,logistics,250,0978562230
Hồ Thanh Linh,ho.thanh.linh.14969@tiki.vn,Tiki,Head of Finance,retail,250,0350802198
Trần Thanh Mai,tran.thanh.mai.14970@pharmacity.vn,Pharmacity,CTO,logistics,1500,0934038277
Nguyễn Ngọc Hùng,nguyen.ngoc.hung.14971@thecoffeehou.vn,The Coffee House,Sales Director,education,1500,0358410293
Hồ Quang Sơn,ho.quang.son.14972@thacoindustr.vn,Thaco Industries,Operations Manager,fintech,500,0359330969
Trần Xuân Hùng,tran.xuan.hung.14973@gmail.com,Base.vn,Product Manager,education,1500,0917637965
Võ Hồng Việt,vo.hong.viet.14974@viettiengarm.vn,Viet Tien Garment,Kế toán trưởng,manufacturing,500,0350220258
Bùi Hồng Trang,bui.hong.trang.14975@vinmec.vn,Vinmec,CTO,manufacturing,120,0935237918
Ngô Quang Quân,ngo.quang.quan.14976@hoaphat.vn,Hoà Phát,Procurement Manager,ecommerce,120,0939359519
Vũ Đức Hà,vu.duc.ha.14977@gmail.com,Haravan,Head of Finance,manufacturing,10,0703568826
Vũ Đức Hà,vu.duc.ha.14978@thacoindustr.vn,Thaco Industries,Sales Director,healthcare,10,0320757724
Phan Hồng Khánh,phan.hong.khanh.14979@duytanplasti.vn,Duy Tan Plastics,CEO,software,50,0908429629
Dương Ngọc Khánh,duong.ngoc.khanh.14980@vinmec.vn,Vinmec,Procurement Manager,education,10,0912350715
Trần Quang Sơn,tran.quang.son.14981@gemadeptlogi.vn,Gemadept Logistics,Procurement Manager,ecommerce,250,0931322863
Phan Thanh Dũng,phan.thanh.dung.14982@thacoindustr.vn,Thaco Industries,Kế toán trưởng,fintech,500,0930726257
Phạm Thị Oanh,pham.thi.oanh.14983@duytanplasti.vn,Duy Tan Plastics,CEO,ecommerce,500,0961553323
Trần Hồng Khánh,tran.hong.khanh.14984@gmail.com,Vinmec,CFO,manufacturing,120,0930122535
Trần Quang Oanh,tran.quang.oanh.14985@gmail.com,PNJ,Procurement Manager,software,1500,0977307514
Vũ Quang Oanh,vu.quang.oanh.14986@topcv.vn,TopCV,Operations Manager,healthcare,120,0963377801
Hoàng Quang Lan,hoang.quang.lan.14987@vinamilk.vn,Vinamilk,Head of Finance,fintech,10,0357358028
Đặng Thanh Khánh,dang.thanh.khanh.14988@gmail.com,Hoà Phát,Product Manager,manufacturing,250,0358844512
Lý Minh Châu,ly.minh.chau.14989@thacoindustr.vn,Thaco Industries,Head of Finance,education,1500,0865181430
Phan Thị Khánh,phan.thi.khanh.14990@gmail.com,Tiki,Operations Manager,logistics,10,0903994985
Dương Minh Lan,duong.minh.lan.14991@gmail.com,VNG Corporation,Operations Manager,software,250,0979390694
Hồ Văn Hùng,ho.van.hung.14992@momo.vn,MoMo,Head of Finance,software,1500,0354313887
Vũ Thanh Bình,vu.thanh.binh.14993@momo.vn,MoMo,Head of Finance,manufacturing,500,0707571180
Vũ Văn Bình,vu.van.binh.14994@momo.vn,MoMo,Product Manager,fintech,25,0969595412
Lý Xuân Nam,ly.xuan.nam.14995@gmail.com,The Coffee House,CTO,healthcare,500,0936750954
Võ Văn Châu,vo.van.chau.14996@thecoffeehou.vn,The Coffee House,Sales Director,fintech,500,0866981925
Hoàng Xuân Nam,hoang.xuan.nam.14997@thacoindustr.vn,Thaco Industries,CTO,manufacturing,50,0939579062
Lý Thị Giang,ly.thi.giang.14998@thacoindustr.vn,Thaco Industries,Sales Director,retail,1500,0964220303
Phạm Thanh Linh,pham.thanh.linh.14999@duytanplasti.vn,Duy Tan Plastics,Product Manager,ecommerce,1500,0864725130
Vũ Ngọc Tâm,vu.ngoc.tam.15000@basevn.vn,Base.vn,Procurement Manager,retail,250,0866906652
Hồ Ngọc Giang,ho.ngoc.giang.15001@vinamilk.vn,Vinamilk,CTO,ecommerce,250,0864475417
Đỗ Ngọc Linh,do.ngoc.linh.15002@fptsoftware.vn,FPT Software,Marketing Manager,logistics,120,0326650065
Hoàng Minh Nam,hoang.minh.nam.15003@vinamilk.vn,Vinamilk,Operations Manager,retail,250,0972265825
Trần Quang An,tran.quang.an.15004@vngcorporati.vn,VNG Corporation,Kế toán trưởng,manufacturing,250,0350428500
Hồ Đức Quân,ho.duc.quan.15005@topcv.vn,TopCV,CTO,ecommerce,1500,0708629099
Vũ Ngọc Tâm,vu.ngoc.tam.15006@shopeevietna.vn,Shopee Vietnam,Procurement Manager,ecommerce,120,0700620682
Dương Hồng Nam,duong.hong.nam.15007@momo.vn,MoMo,Head of Finance,education,10,0930251111
Vũ Văn Nam,vu.van.nam.15008@gmail.com,Vinamilk,CTO,manufacturing,1500,0932355732
Vũ Ngọc Hùng,vu.ngoc.hung.15009@gmail.com,Shopee Vietnam,CFO,software,500,0917340124
Phạm Thanh Nam,pham.thanh.nam.15010@gmail.com,Duy Tan Plastics,CEO,fintech,500,0902131364
Lý Minh Hà,ly.minh.ha.15011@momo.vn,MoMo,CFO,retail,120,0869643412
Đặng Đức Lan,dang.duc.lan.15012@basevn.vn,Base.vn,CEO,healthcare,250,0932670502
Đỗ Quang Tâm,do.quang.tam.15013@gmail.com,Vinmec,Procurement Manager,logistics,10,0903728103
Hoàng Minh Việt,hoang.minh.viet.15014@gmail.com,PNJ,CFO,logistics,1500,0916108431
Nguyễn Minh Hà,nguyen.minh.ha.15015@vngcorporati.vn,VNG Corporation,Kế toán trưởng,manufacturing,50,0707709796
Bùi Thanh Phúc,bui.thanh.phuc.15016@shopeevietna.vn,Shopee Vietnam,CEO,software,500,0869342486
Nguyễn Đức Sơn,nguyen.duc.son.15017@gemadeptlogi.vn,Gemadept Logistics,CFO,logistics,10,0930077278
Đặng Thị Lan,dang.thi.lan.15018@vinamilk.vn,Vinamilk,Sales Director,logistics,10,0968283740
Võ Quang Tâm,vo.quang.tam.15019@viettiengarm.vn,Viet Tien Garment,Head of Finance,ecommerce,10,0355480700
Võ Ngọc Phúc,vo.ngoc.phuc.15020@vngcorporati.vn,VNG Corporation,Sales Director,fintech,120,0709430040
Trần Thanh Mai,tran.thanh.mai.15021@gmail.com,KiotViet,CEO,ecommerce,1500,0962695847
Võ Thanh Hùng,vo.thanh.hung.15022@gmail.com,Base.vn,Marketing Manager,software,25,0972652250
Đỗ Hồng Linh,do.hong.linh.15023@gmail.com,VNG Corporation,Kế toán trưởng,healthcare,1500,0866089051
Dương Ngọc Châu,duong.ngoc.chau.15024@haravan.vn,Haravan,Product Manager,software,50,0933550378
Hoàng Quang Nam,hoang.quang.nam.15025@basevn.vn,Base.vn,Kế toán trưởng,education,10,0972730841
Đỗ Minh Lan,do.minh.lan.15026@basevn.vn,Base.vn,Head of Finance,logistics,500,0328399429
Phan Minh Bình,phan.minh.binh.15027@gmail.com,Tiki,Operations Manager,logistics,1500,0931814432
Lý Văn Sơn,ly.van.son.15028@gemadeptlogi.vn,Gemadept Logistics,Procurement Manager,logistics,25,0321524775
Bùi Văn Khánh,bui.van.khanh.15029@pharmacity.vn,Pharmacity,CTO,education,500,0864344808
Đỗ Thị Việt,do.thi.viet.15030@haravan.vn,Haravan,Operations Manager,retail,25,0977475996
Hoàng Thanh Việt,hoang.thanh.viet.15031@thecoffeehou.vn,The Coffee House,Operations Manager,software,250,0869387293
Võ Thị Phúc,vo.thi.phuc.15032@haravan.vn,Haravan,Operations Manager,healthcare,50,0937825598
Đặng Quang Quân,dang.quang.quan.15033@fptsoftware.vn,FPT Software,CFO,ecommerce,25,0909033488
Trần Minh Linh,tran.minh.linh.15034@gemadeptlogi.vn,Gemadept Logistics,Sales Director,logistics,10,0936841782
Phan Ngọc Linh,phan.ngoc.linh.15035@gmail.com,Duy Tan Plastics,Operations Manager,logistics,50,0918476396
Hồ Hồng Sơn,ho.hong.son.15036@gmail.com,Shopee Vietnam,Sales Director,logistics,1500,0977052368
Vũ Thị Giang,vu.thi.giang.15037@gmail.com,Pharmacity,Sales Director,fintech,1500,0707190151
Đặng Hữu Nam,dang.huu.nam.15038@tiki.vn,Tiki,Kế toán trưởng,logistics,25,0907665675
Vũ Thị Oanh,vu.thi.oanh.15039@viettiengarm.vn,Viet Tien Garment,Kế toán trưởng,software,250,0322272032
Bùi Ngọc Phúc,bui.ngoc.phuc.15040@pharmacity.vn,Pharmacity,CEO,retail,50,0909524984
Ngô Hồng Dũng,ngo.hong.dung.15041@gmail.com,FPT Software,CEO,education,25,0979474642
Hoàng Văn Khánh,hoang.van.khanh.15042@pharmacity.vn,Pharmacity,CEO,manufacturing,1500,0867514115
Võ Xuân An,vo.xuan.an.15043@haravan.vn,Haravan,Kế toán trưởng,software,50,0323513089
Nguyễn Hồng Tuấn,nguyen.hong.tuan.15044@gemadeptlogi.vn,Gemadept Logistics,Kế toán trưởng,ecommerce,10,0324658695
Ngô Quang Dũng,ngo.quang.dung.15045@momo.vn,MoMo,CFO,logistics,1500,0905198445
Nguyễn Thị Tuấn,nguyen.thi.tuan.15046@duytanplasti.vn,Duy Tan Plastics,CTO,fintech,10,0351045269
Phạm Xuân Phúc,pham.xuan.phuc.15047@gmail.com,Vinmec,Head of Finance,manufacturing,120,0932480879
Dương Ngọc Trang,duong.ngoc.trang.15048@fptsoftware.vn,FPT Software,Sales Director,retail,10,0966579768
Nguyễn Hồng Châu,nguyen.hong.chau.15049@gmail.com,FPT Software,CTO,logistics,10,0861624972
Ngô Xuân Oanh,ngo.xuan.oanh.15050@tiki.vn,Tiki,CFO,education,250,0321036340
Đặng Minh Hà,dang.minh.ha.15051@shopeevietna.vn,Shopee Vietnam,Head of Finance,logistics,500,0357946103
Nguyễn Đức Bình,nguyen.duc.binh.15052@basevn.vn,Base.vn,CEO,healthcare,1500,0978613263
Phan Thị Phúc,phan.thi.phuc.15053@vngcorporati.vn,VNG Corporation,Head of Finance,logistics,120,0867077245
Hoàng Đức Nam,hoang.duc.nam.15054@gmail.com,The Coffee House,Operations Manager,logistics,25,0327135023
Hồ Hồng Tuấn,ho.hong.tuan.15055@vngcorporati.vn,VNG Corporation,CTO,ecommerce,50,0965371106
Lý Thanh Trang,ly.thanh.trang.15056@vinamilk.vn,Vinamilk,Marketing Manager,software,10,0968602926
Đặng Minh Phúc,dang.minh.phuc.15057@momo.vn,MoMo,Head of Finance,fintech,50,0327245182
Lý Quang Nam,ly.quang.nam.15058@haravan.vn,Haravan,CTO,fintech,25,0329140866
Ngô Quang Châu,ngo.quang.chau.15059@tiki.vn,Tiki,Operations Manager,logistics,500,0910624301
Nguyễn Xuân Việt,nguyen.xuan.viet.15060@thecoffeehou.vn,The Coffee House,Kế toán trưởng,manufacturing,120,0979410741
Bùi Văn Châu,bui.van.chau.15061@vngcorporati.vn,VNG Corporation,CEO,manufacturing,25,0704746584
Dương Thanh Tâm,duong.thanh.tam.15062@cenland.vn,CenLand,Procurement Manager,manufacturing,10,0973701745
Đặng Minh Khánh,dang.minh.khanh.15063@tiki.vn,Tiki,Head of Finance,manufacturing,50,0964602829
Ngô Xuân Khánh,ngo.xuan.khanh.15064@gmail.com,Base.vn,CFO,education,500,0869285641
Võ Ngọc Trang,vo.ngoc.trang.15065@tiki.vn,Tiki,Sales Director,software,50,0323367172
Hồ Ngọc Hùng,ho.ngoc.hung.15066@gmail.com,Viet Tien Garment,CEO,software,50,0977634902
Đỗ Văn Linh,do.van.linh.15067@gemadeptlogi.vn,Gemadept Logistics,CEO,education,1500,0327753613
Bùi Đức Bình,bui.duc.binh.15068@haravan.vn,Haravan,CTO,manufacturing,1500,0960287136
Phạm Minh Châu,pham.minh.chau.15069@cenland.vn,CenLand,Procurement Manager,education,10,0960623804
Hồ Thị Hà,ho.thi.ha.15070@momo.vn,MoMo,CEO,education,500,0913109575
Võ Xuân Sơn,vo.xuan.son.15071@shopeevietna.vn,Shopee Vietnam,Operations Manager,software,25,0320359690
Dương Văn Tâm,duong.van.tam.15072@gmail.com,Thaco Industries,CTO,logistics,1500,0903189837
Đỗ Thị Châu,do.thi.chau.15073@cenland.vn,CenLand,Kế toán trưởng,retail,1500,0709917713
Hoàng Thị Khánh,hoang.thi.khanh.15074@gemadeptlogi.vn,Gemadept Logistics,CEO,retail,50,0906681544
Đặng Minh Việt,dang.minh.viet.15075@cenland.vn,CenLand,Product Manager,retail,25,0911163843
Đỗ Thanh Sơn,do.thanh.son.15076@vinamilk.vn,Vinamilk,Product Manager,software,500,0965091137
Đặng Hồng An,dang.hong.an.15077@cenland.vn,CenLand,CFO,healthcare,500,0321479727
Bùi Minh Tuấn,bui.minh.tuan.15078@viettiengarm.vn,Viet Tien Garment,Kế toán trưởng,retail,1500,0968358658
Đặng Văn Quân,dang.van.quan.15079@gmail.com,Gemadept Logistics,Procurement Manager,education,50,0913820449
Nguyễn Ngọc Nam,nguyen.ngoc.nam.15080@gmail.com,Gemadept Logistics,CFO,software,50,0932631782
Nguyễn Văn Trang,nguyen.van.trang.15081@gmail.com,Vinmec,Operations Manager,logistics,1500,0901833926
Nguyễn Xuân Lan,nguyen.xuan.lan.15082@gmail.com,Vinmec,CTO,software,50,0327224157
Nguyễn Đức Sơn,nguyen.duc.son.15083@gmail.com,Shopee Vietnam,Sales Director,education,25,0866385450
Hồ Minh Bình,ho.minh.binh.15084@gmail.com,FPT Software,Kế toán trưởng,fintech,1500,0977875700
Hồ Ngọc Linh,ho.ngoc.linh.15085@vinmec.vn,Vinmec,Marketing Manager,education,250,0325708724
Hoàng Đức Quân,hoang.duc.quan.15086@viettiengarm.vn,Viet Tien Garment,CFO,manufacturing,50,0860661661
Đỗ Văn Nam,do.van.nam.15087@duytanplasti.vn,Duy Tan Plastics,CEO,ecommerce,25,0353214936
Hoàng Đức Phúc,hoang.duc.phuc.15088@shopeevietna.vn,Shopee Vietnam,Marketing Manager,fintech,25,0966830201
Bùi Minh Trang,bui.minh.trang.15089@vngcorporati.vn,VNG Corporation,Kế toán trưởng,logistics,1500,0329993846
Hồ Hồng Hà,ho.hong.ha.15090@gmail.com,Base.vn,Procurement Manager,retail,250,0862893052
Đỗ Ngọc Bình,do.ngoc.binh.15091@hoaphat.vn,Hoà Phát,Marketing Manager,software,500,0323453798
Trần Minh Dũng,tran.minh.dung.15092@thacoindustr.vn,Thaco Industries,Head of Finance,software,50,0974206306
Dương Xuân Mai,duong.xuan.mai.15093@fptsoftware.vn,FPT Software,Kế toán trưởng,logistics,25,0936530969
Hoàng Văn Châu,hoang.van.chau.15094@tiki.vn,Tiki,Head of Finance,ecommerce,120,0905428893
Hoàng Hữu Việt,hoang.huu.viet.15095@hoaphat.vn,Hoà Phát,Kế toán trưởng,fintech,50,0934645061
Nguyễn Ngọc Hà,nguyen.ngoc.ha.15096@thacoindustr.vn,Thaco Industries,Head of Finance,fintech,50,0867845090
Bùi Minh Phúc,bui.minh.phuc.15097@gmail.com,Duy Tan Plastics,Marketing Manager,logistics,25,0322705347
Lý Hữu Hùng,ly.huu.hung.15098@gmail.com,PNJ,Operations Manager,healthcare,1500,0324976531
Đỗ Minh Dũng,do.minh.dung.15099@gmail.com,Shopee Vietnam,Procurement Manager,manufacturing,25,0869788116
Hồ Văn Dũng,ho.van.dung.15100@gmail.com,Pharmacity,CTO,retail,50,0867591574
Lê Quang Giang,le.quang.giang.15101@gmail.com,Haravan,Sales Director,logistics,10,0358553522
Phạm Văn Khánh,pham.van.khanh.15102@fptsoftware.vn,FPT Software,Operations Manager,education,250,0962026035
Dương Ngọc Hùng,duong.ngoc.hung.15103@gmail.com,Tiki,CEO,healthcare,10,0328660162
Võ Đức Sơn,vo.duc.son.15104@pnj.vn,PNJ,CFO,ecommerce,120,0960148988
Bùi Văn Mai,bui.van.mai.15105@gmail.com,Thaco Industries,Procurement Manager,ecommerce,50,0707329721
Nguyễn Đức Phúc,nguyen.duc.phuc.15106@pharmacity.vn,Pharmacity,Operations Manager,ecommerce,120,0352223756
Vũ Minh Việt,vu.minh.viet.15107@viettiengarm.vn,Viet Tien Garment,Procurement Manager,logistics,50,0353267407
Bùi Quang Giang,bui.quang.giang.15108@gemadeptlogi.vn,Gemadept Logistics,Marketing Manager,retail,25,0704018732
Phan Hữu Tâm,phan.huu.tam.15109@pharmacity.vn,Pharmacity,Procurement Manager,education,250,0908711480
Dương Thị Oanh,duong.thi.oanh.15110@hoaphat.vn,Hoà Phát,CFO,logistics,1500,0327662585
Lý Minh Oanh,ly.minh.oanh.15111@viettiengarm.vn,Viet Tien Garment,CFO,logistics,25,0701382679
Ngô Hồng Trang,ngo.hong.trang.15112@gmail.com,CenLand,CTO,healthcare,25,0704909440
Phạm Hữu Hà,pham.huu.ha.15113@gmail.com,VNG Corporation,Head of Finance,retail,250,0963274263
Võ Hồng Linh,vo.hong.linh.15114@thecoffeehou.vn,The Coffee House,Sales Director,retail,250,0863058892
Vũ Hồng Trang,vu.hong.trang.15115@momo.vn,MoMo,Sales Director,fintech,120,0352214180
Nguyễn Quang Khánh,nguyen.quang.khanh.15116@thacoindustr.vn,Thaco Industries,Product Manager,education,500,0353895371
Lê Hữu Việt,le.huu.viet.15117@hoaphat.vn,Hoà Phát,Head of Finance,retail,500,0323102046
Nguyễn Văn Trang,nguyen.van.trang.15118@gmail.com,VNG Corporation,CEO,retail,250,0358433388
Phan Thanh Hà,phan.thanh.ha.15119@gmail.com,Base.vn,Procurement Manager,healthcare,120,0326502759
Ngô Thanh Phúc,ngo.thanh.phuc.15120@gmail.com,Thaco Industries,Product Manager,logistics,1500,0862080412
Nguyễn Minh An,nguyen.minh.an.15121@pnj.vn,PNJ,CTO,retail,120,0705416780
Hoàng Minh Trang,hoang.minh.trang.15122@gemadeptlogi.vn,Gemadept Logistics,Product Manager,logistics,120,0700107509
Lý Thanh Sơn,ly.thanh.son.15123@vngcorporati.vn,VNG Corporation,Procurement Manager,fintech,120,0708902552
Vũ Quang Hùng,vu.quang.hung.15124@gmail.com,Pharmacity,Marketing Manager,software,500,0700825478
Hoàng Quang Việt,hoang.quang.viet.15125@thecoffeehou.vn,The Coffee House,CEO,fintech,250,0934919834
Đỗ Minh Hùng,do.minh.hung.15126@vinmec.vn,Vinmec,Sales Director,software,120,0357820655
Lý Xuân Phúc,ly.xuan.phuc.15127@cenland.vn,CenLand,Marketing Manager,healthcare,1500,0972121890
Hoàng Xuân Oanh,hoang.xuan.oanh.15128@gmail.com,Tiki,CFO,manufacturing,250,0916157223
Đỗ Hồng Sơn,do.hong.son.15129@vinmec.vn,Vinmec,Sales Director,retail,50,0707152589
Bùi Văn Khánh,bui.van.khanh.15130@gmail.com,Pharmacity,Product Manager,retail,10,0965170959
Hồ Ngọc Quân,ho.ngoc.quan.15131@shopeevietna.vn,Shopee Vietnam,CTO,manufacturing,120,0702919480
Phạm Hữu Hà,pham.huu.ha.15132@basevn.vn,Base.vn,Procurement Manager,software,25,0910595942
Nguyễn Xuân Khánh,nguyen.xuan.khanh.15133@gmail.com,TopCV,CFO,software,250,0975667700
Lê Hồng Khánh,le.hong.khanh.15134@gmail.com,Base.vn,Marketing Manager,logistics,250,0965734805
Đỗ Hồng Giang,do.hong.giang.15135@vngcorporati.vn,VNG Corporation,CTO,ecommerce,10,0962429541
Đỗ Xuân Phúc,do.xuan.phuc.15136@vinmec.vn,Vinmec,CEO,fintech,1500,0918946856
Lý Đức Lan,ly.duc.lan.15137@basevn.vn,Base.vn,CFO,education,10,0352980738
Đỗ Thanh Hà,do.thanh.ha.15138@gmail.com,Shopee Vietnam,Marketing Manager,healthcare,1500,0917954790
Đỗ Đức An,do.duc.an.15139@gmail.com,Pharmacity,Operations Manager,manufacturing,25,0325282544
Lê Xuân Phúc,le.xuan.phuc.15140@shopeevietna.vn,Shopee Vietnam,Marketing Manager,retail,25,0970520757
Phan Hồng Mai,phan.hong.mai.15141@kiotviet.vn,KiotViet,Kế toán trưởng,software,1500,0903398628
Bùi Thị Nam,bui.thi.nam.15142@haravan.vn,Haravan,Operations Manager,retail,25,0907228526
Hoàng Minh An,hoang.minh.an.15143@gmail.com,TopCV,Kế toán trưởng,logistics,500,0974072264
Vũ Quang Hùng,vu.quang.hung.15144@basevn.vn,Base.vn,CTO,education,25,0352241159
Trần Văn An,tran.van.an.15145@pharmacity.vn,Pharmacity,Head of Finance,fintech,1500,0905285097
Hồ Văn Trang,ho.van.trang.15146@thecoffeehou.vn,The Coffee House,Procurement Manager,healthcare,250,0703891203
Trần Hữu Việt,tran.huu.viet.15147@cenland.vn,CenLand,CTO,education,1500,0865788481
Đặng Quang Mai,dang.quang.mai.15148@fptsoftware.vn,FPT Software,CFO,manufacturing,25,0324826697
Hoàng Hữu An,hoang.huu.an.15149@pharmacity.vn,Pharmacity,CEO,software,1500,0706581386
Vũ Hữu Bình,vu.huu.binh.15150@tiki.vn,Tiki,CFO,healthcare,10,0352860617
Hoàng Thanh Hà,hoang.thanh.ha.15151@gmail.com,The Coffee House,Kế toán trưởng,healthcare,500,0916471447
Bùi Văn Sơn,bui.van.son.15152@momo.vn,MoMo,Head of Finance,education,120,0979403425
Võ Hồng An,vo.hong.an.15153@vngcorporati.vn,VNG Corporation,CFO,software,250,0708073355
Vũ Xuân Việt,vu.xuan.viet.15154@pharmacity.vn,Pharmacity,Marketing Manager,education,120,0868872138
Trần Đức Giang,tran.duc.giang.15155@momo.vn,MoMo,Procurement Manager,software,500,0351601874
Lý Quang Hùng,ly.quang.hung.15156@gmail.com,Thaco Industries,CTO,fintech,250,0325470766
Dương Hồng Mai,duong.hong.mai.15157@momo.vn,MoMo,Head of Finance,manufacturing,50,0963824039
Dương Văn Oanh,duong.van.oanh.15158@vinmec.vn,Vinmec,Marketing Manager,manufacturing,120,0355632013
Hoàng Quang Phúc,hoang.quang.phuc.15159@gmail.com,VNG Corporation,CEO,logistics,500,0701900305
Bùi Thị An,bui.thi.an.15160@vinmec.vn,Vinmec,Procurement Manager,healthcare,10,0868866888
Phạm Minh Oanh,pham.minh.oanh.15161@basevn.vn,Base.vn,Marketing Manager,retail,10,0325189363
Vũ Thị Trang,vu.thi.trang.15162@haravan.vn,Haravan,CFO,education,500,0357181227
Dương Thị Việt,duong.thi.viet.15163@tiki.vn,Tiki,CFO,fintech,120,0963370116
Đặng Văn Giang,dang.van.giang.15164@thecoffeehou.vn,The Coffee House,Product Manager,fintech,1500,0329778734
Dương Thanh Châu,duong.thanh.chau.15165@gmail.com,MoMo,CEO,logistics,1500,0934495107
Phạm Minh Linh,pham.minh.linh.15166@haravan.vn,Haravan,Sales Director,retail,50,0977401329
Đỗ Hữu Giang,do.huu.giang.15167@momo.vn,MoMo,Sales Director,software,25,0324299302
Vũ Đức Hà,vu.duc.ha.15168@gmail.com,Vinmec,Procurement Manager,software,1500,0966392270
Lý Thanh Hùng,ly.thanh.hung.15169@gmail.com,KiotViet,Marketing Manager,retail,1500,0868722817
Đỗ Văn Khánh,do.van.khanh.15170@thacoindustr.vn,Thaco Industries,CTO,software,250,0907810437
Lê Thanh Linh,le.thanh.linh.15171@viettiengarm.vn,Viet Tien Garment,CEO,manufacturing,1500,0326464405
Hồ Hữu Giang,ho.huu.giang.15172@momo.vn,MoMo,Product Manager,ecommerce,120,0702036731
Hoàng Ngọc Việt,hoang.ngoc.viet.15173@thecoffeehou.vn,The Coffee House,Marketing Manager,retail,500,0707199277
Võ Hữu Việt,vo.huu.viet.15174@pnj.vn,PNJ,Head of Finance,ecommerce,50,0906784573
Võ Ngọc An,vo.ngoc.an.15175@tiki.vn,Tiki,CFO,manufacturing,120,0322507525
Đỗ Quang Bình,do.quang.binh.15176@gemadeptlogi.vn,Gemadept Logistics,Operations Manager,fintech,250,0326902963
Nguyễn Quang Dũng,nguyen.quang.dung.15177@viettiengarm.vn,Viet Tien Garment,CTO,ecommerce,10,0912779991
Lý Hồng Mai,ly.hong.mai.15178@vinmec.vn,Vinmec,Head of Finance,education,10,0903528877
Phạm Thanh Việt,pham.thanh.viet.15179@vngcorporati.vn,VNG Corporation,Marketing Manager,logistics,50,0356516003
Vũ Văn Tâm,vu.van.tam.15180@pnj.vn,PNJ,CEO,fintech,120,0907650138
Đỗ Thị Linh,do.thi.linh.15181@vngcorporati.vn,VNG Corporation,CFO,fintech,1500,0932628474
Hồ Hữu Nam,ho.huu.nam.15182@pnj.vn,PNJ,Sales Director,logistics,250,0904531151
Vũ Đức Linh,vu.duc.linh.15183@haravan.vn,Haravan,Marketing Manager,manufacturing,50,0939321639
Lý Văn Dũng,ly.van.dung.15184@gemadeptlogi.vn,Gemadept Logistics,Product Manager,healthcare,120,0914216963
Phan Minh Hà,phan.minh.ha.15185@haravan.vn,Haravan,Operations Manager,software,250,0866623096
Nguyễn Quang Châu,nguyen.quang.chau.15186@gmail.com,Gemadept Logistics,Marketing Manager,retail,120,0938627354
Phạm Thị Giang,pham.thi.giang.15187@basevn.vn,Base.vn,Procurement Manager,retail,50,0970258409
Võ Ngọc Giang,vo.ngoc.giang.15188@gmail.com,PNJ,CTO,manufacturing,50,0326535817
Đặng Ngọc Dũng,dang.ngoc.dung.15189@tiki.vn,Tiki,CFO,fintech,25,0908416886
Nguyễn Thanh Dũng,nguyen.thanh.dung.15190@fptsoftware.vn,FPT Software,Procurement Manager,retail,120,0707885250
Bùi Đức Tâm,bui.duc.tam.15191@thacoindustr.vn,Thaco Industries,Kế toán trưởng,retail,120,0863989161
Hoàng Xuân Quân,hoang.xuan.quan.15192@gmail.com,Tiki,Operations Manager,retail,250,0902859524
Phạm Hữu Trang,pham.huu.trang.15193@kiotviet.vn,KiotViet,Operations Manager,manufacturing,250,0967116160
Đỗ Quang Hà,do.quang.ha.15194@tiki.vn,Tiki,Procurement Manager,software,120,0707360246
Trần Văn Châu,tran.van.chau.15195@kiotviet.vn,KiotViet,CFO,education,25,0860192099
Dương Minh Việt,duong.minh.viet.15196@gmail.com,Base.vn,Procurement Manager,ecommerce,250,0939817392
Phạm Xuân Khánh,pham.xuan.khanh.15197@gmail.com,FPT Software,Procurement Manager,retail,10,0321209552
Ngô Minh Oanh,ngo.minh.oanh.15198@viettiengarm.vn,Viet Tien Garment,Operations Manager,ecommerce,1500,0936348231
Đặng Thanh Oanh,dang.thanh.oanh.15199@gmail.com,Gemadept Logistics,Marketing Manager,retail,1500,0709137377
Đặng Minh Bình,dang.minh.binh.15200@shopeevietna.vn,Shopee Vietnam,Head of Finance,manufacturing,10,0901373081
Hoàng Thanh Việt,hoang.thanh.viet.15201@gmail.com,Hoà Phát,CFO,healthcare,250,0355826449
Trần Ngọc Nam,tran.ngoc.nam.15202@gmail.com,Thaco Industries,Operations Manager,education,25,0706866378
Hoàng Quang Châu,hoang.quang.chau.15203@tiki.vn,Tiki,CFO,fintech,500,0978646996
Ngô Ngọc Khánh,ngo.ngoc.khanh.15204@gmail.com,Tiki,Head of Finance,logistics,25,0938286468
Hoàng Ngọc Trang,hoang.ngoc.trang.15205@gmail.com,Thaco Industries,Operations Manager,education,50,0961546025
Bùi Thị Trang,bui.thi.trang.15206@cenland.vn,CenLand,Procurement Manager,logistics,1500,0972332179
Nguyễn Minh Hà,nguyen.minh.ha.15207@vinmec.vn,Vinmec,Head of Finance,ecommerce,10,0700103626
Ngô Ngọc Dũng,ngo.ngoc.dung.15208@vngcorporati.vn,VNG Corporation,Head of Finance,logistics,10,0978631800
Phạm Quang Phúc,pham.quang.phuc.15209@haravan.vn,Haravan,Marketing Manager,retail,120,0973296469
Hoàng Hồng Linh,hoang.hong.linh.15210@shopeevietna.vn,Shopee Vietnam,Operations Manager,fintech,50,0353103517
Lý Hồng Tâm,ly.hong.tam.15211@momo.vn,MoMo,CEO,manufacturing,10,0322116525
Trần Thanh Linh,tran.thanh.linh.15212@duytanplasti.vn,Duy Tan Plastics,Procurement Manager,education,250,0960608871
Võ Ngọc Quân,vo.ngoc.quan.15213@vinamilk.vn,Vinamilk,CTO,retail,10,0356522246
Phan Hữu Phúc,phan.huu.phuc.15214@vinamilk.vn,Vinamilk,Product Manager,retail,120,0861423765
Đặng Xuân Giang,dang.xuan.giang.15215@gmail.com,Haravan,CFO,manufacturing,500,0356621472
Dương Quang Nam,duong.quang.nam.15216@hoaphat.vn,Hoà Phát,CTO,fintech,1500,0904327750
Dương Minh Hùng,duong.minh.hung.15217@vinmec.vn,Vinmec,Sales Director,manufacturing,250,0933392505
Lý Thanh Quân,ly.thanh.quan.15218@basevn.vn,Base.vn,Head of Finance,retail,250,0930043093
Ngô Thị Oanh,ngo.thi.oanh.15219@shopeevietna.vn,Shopee Vietnam,CFO,logistics,10,0915005057
Vũ Quang Trang,vu.quang.trang.15220@gmail.com,VNG Corporation,Marketing Manager,ecommerce,1500,0320214265
Đặng Ngọc Quân,dang.ngoc.quan.15221@cenland.vn,CenLand,Operations Manager,logistics,50,0352550624
Ngô Hồng Việt,ngo.hong.viet.15222@gmail.com,FPT Software,CFO,software,120,0938952024
Nguyễn Ngọc An,nguyen.ngoc.an.15223@pharmacity.vn,Pharmacity,CEO,education,120,0703453130
Lý Thị Dũng,ly.thi.dung.15224@gmail.com,Pharmacity,Operations Manager,education,500,0918378818
Ngô Minh Linh,ngo.minh.linh.15225@gmail.com,Pharmacity,CEO,logistics,500,0324641773
Hoàng Đức Nam,hoang.duc.nam.15226@gmail.com,Duy Tan Plastics,Sales Director,healthcare,1500,0320839549
Trần Đức Châu,tran.duc.chau.15227@pnj.vn,PNJ,CEO,education,50,0910624547
Bùi Đức Phúc,bui.duc.phuc.15228@vinmec.vn,Vinmec,Procurement Manager,fintech,250,0326139681
Hồ Thị Hà,ho.thi.ha.15229@basevn.vn,Base.vn,CEO,retail,25,0976076993
Hồ Quang Bình,ho.quang.binh.15230@haravan.vn,Haravan,CFO,manufacturing,250,0324211574
Hoàng Xuân Oanh,hoang.xuan.oanh.15231@vngcorporati.vn,VNG Corporation,Product Manager,healthcare,1500,0965625527
Dương Thị An,duong.thi.an.15232@vinamilk.vn,Vinamilk,CFO,retail,1500,0702148777
Lê Quang Oanh,le.quang.oanh.15233@vngcorporati.vn,VNG Corporation,Head of Finance,manufacturing,500,0979251683
Phạm Hồng Giang,pham.hong.giang.15234@gmail.com,TopCV,Product Manager,manufacturing,500,0931380421
Dương Hồng Mai,duong.hong.mai.15235@shopeevietna.vn,Shopee Vietnam,Kế toán trưởng,healthcare,1500,0358071535
Phạm Xuân Lan,pham.xuan.lan.15236@vinamilk.vn,Vinamilk,Operations Manager,education,1500,0708539177
Đặng Đức Linh,dang.duc.linh.15237@gmail.com,Gemadept Logistics,CTO,software,250,0359020992
Đỗ Đức Khánh,do.duc.khanh.15238@gmail.com,KiotViet,Marketing Manager,logistics,120,0707475025
Đỗ Hữu Tuấn,do.huu.tuan.15239@duytanplasti.vn,Duy Tan Plastics,Product Manager,retail,50,0350244798
Võ Thanh Oanh,vo.thanh.oanh.15240@gmail.com,Base.vn,Procurement Manager,retail,250,0960711588
Dương Thanh Bình,duong.thanh.binh.15241@vinamilk.vn,Vinamilk,Operations Manager,software,500,0350136741
Bùi Thanh Phúc,bui.thanh.phuc.15242@fptsoftware.vn,FPT Software,Kế toán trưởng,fintech,10,0707670963
Dương Xuân Quân,duong.xuan.quan.15243@tiki.vn,Tiki,CTO,logistics,10,0866068411
Bùi Hồng Mai,bui.hong.mai.15244@haravan.vn,Haravan,CFO,logistics,500,0965235426
Vũ Đức Châu,vu.duc.chau.15245@thecoffeehou.vn,The Coffee House,Head of Finance,logistics,50,0700864586
Vũ Minh Bình,vu.minh.binh.15246@shopeevietna.vn,Shopee Vietnam,Operations Manager,manufacturing,25,0864543022
Phạm Đức Hùng,pham.duc.hung.15247@gmail.com,Thaco Industries,Operations Manager,ecommerce,120,0969793822
Hoàng Thanh Giang,hoang.thanh.giang.15248@thacoindustr.vn,Thaco Industries,CFO,fintech,10,0863482241
Hoàng Ngọc Oanh,hoang.ngoc.oanh.15249@duytanplasti.vn,Duy Tan Plastics,Kế toán trưởng,fintech,10,0704258233
Hoàng Hữu Oanh,hoang.huu.oanh.15250@thecoffeehou.vn,The Coffee House,CFO,manufacturing,1500,0930568301
Phạm Quang Phúc,pham.quang.phuc.15251@gmail.com,FPT Software,Product Manager,education,500,0903097285
Dương Ngọc Dũng,duong.ngoc.dung.15252@gmail.com,The Coffee House,Sales Director,retail,1500,0916114226
Dương Đức Trang,duong.duc.trang.15253@gmail.com,Pharmacity,Product Manager,software,10,0866698921
Lê Minh Oanh,le.minh.oanh.15254@kiotviet.vn,KiotViet,Operations Manager,logistics,500,0359778551
Hoàng Văn Giang,hoang.van.giang.15255@viettiengarm.vn,Viet Tien Garment,Operations Manager,software,1500,0866704284
Phạm Hồng Giang,pham.hong.giang.15256@thecoffeehou.vn,The Coffee House,Product Manager,logistics,25,0974179647
Lê Thị Quân,le.thi.quan.15257@thecoffeehou.vn,The Coffee House,Marketing Manager,healthcare,50,0328506139
Vũ Hồng Mai,vu.hong.mai.15258@gmail.com,Haravan,CTO,retail,1500,0321743384
Dương Đức Giang,duong.duc.giang.15259@thecoffeehou.vn,The Coffee House,Product Manager,retail,50,0706819920
Ngô Hữu Hùng,ngo.huu.hung.15260@thecoffeehou.vn,The Coffee House,Sales Director,logistics,50,0964693167
Vũ Ngọc Khánh,vu.ngoc.khanh.15261@gmail.com,TopCV,Kế toán trưởng,retail,25,0329685115
Phan Thị Việt,phan.thi.viet.15262@vinamilk.vn,Vinamilk,CTO,software,500,0965091522
Vũ Ngọc Lan,vu.ngoc.lan.15263@pnj.vn,PNJ,CEO,education,120,0357974639
Võ Hồng Trang,vo.hong.trang.15264@duytanplasti.vn,Duy Tan Plastics,Product Manager,software,1500,0902185332
Ngô Xuân An,ngo.xuan.an.15265@tiki.vn,Tiki,Head of Finance,education,50,0960509418
Dương Ngọc Mai,duong.ngoc.mai.15266@pnj.vn,PNJ,Product Manager,logistics,250,0862823788
Đặng Quang Châu,dang.quang.chau.15267@vinmec.vn,Vinmec,CTO,ecommerce,1500,0327921281
Bùi Thị Dũng,bui.thi.dung.15268@gmail.com,The Coffee House,Product Manager,software,25,0354635748
Trần Ngọc Giang,tran.ngoc.giang.15269@gemadeptlogi.vn,Gemadept Logistics,Marketing Manager,fintech,120,0355337263
Lê Minh Oanh,le.minh.oanh.15270@gmail.com,The Coffee House,Operations Manager,fintech,25,0979270606
Trần Văn Dũng,tran.van.dung.15271@thacoindustr.vn,Thaco Industries,Kế toán trưởng,fintech,50,0704817630
Dương Thanh Bình,duong.thanh.binh.15272@gmail.com,Base.vn,CEO,manufacturing,50,0931618818
Trần Đức Việt,tran.duc.viet.15273@vngcorporati.vn,VNG Corporation,Sales Director,software,1500,0702351398
Nguyễn Hữu Linh,nguyen.huu.linh.15274@basevn.vn,Base.vn,CFO,logistics,250,0974943890
Đỗ Minh Hùng,do.minh.hung.15275@gmail.com,Vinamilk,Sales Director,software,500,0914216582
Bùi Ngọc Lan,bui.ngoc.lan.15276@gmail.com,Viet Tien Garment,Procurement Manager,fintech,10,0352184398
Hoàng Quang Trang,hoang.quang.trang.15277@gemadeptlogi.vn,Gemadept Logistics,CFO,manufacturing,120,0914687751
Phạm Ngọc Linh,pham.ngoc.linh.15278@gmail.com,PNJ,Product Manager,fintech,1500,0865064424
Ngô Ngọc Tuấn,ngo.ngoc.tuan.15279@topcv.vn,TopCV,Head of Finance,retail,10,0908265090
Hoàng Thị Hà,hoang.thi.ha.15280@vinmec.vn,Vinmec,Kế toán trưởng,ecommerce,500,0908469485
Hoàng Minh Bình,hoang.minh.binh.15281@gmail.com,VNG Corporation,CFO,fintech,120,0359418614
Võ Quang Trang,vo.quang.trang.15282@momo.vn,MoMo,Head of Finance,fintech,1500,0930537983
Ngô Thị Hùng,ngo.thi.hung.15283@viettiengarm.vn,Viet Tien Garment,CEO,manufacturing,1500,0359080744
Trần Thị Linh,tran.thi.linh.15284@vinamilk.vn,Vinamilk,CTO,education,25,0356877618
Ngô Đức Quân,ngo.duc.quan.15285@vinamilk.vn,Vinamilk,Procurement Manager,retail,1500,0869219211
Phan Xuân Oanh,phan.xuan.oanh.15286@thecoffeehou.vn,The Coffee House,Marketing Manager,retail,10,0905725974
Ngô Thanh Tuấn,ngo.thanh.tuan.15287@gmail.com,Base.vn,CFO,logistics,120,0352919288
Phan Ngọc Linh,phan.ngoc.linh.15288@gmail.com,PNJ,Operations Manager,healthcare,250,0327235745
Đặng Minh Lan,dang.minh.lan.15289@gmail.com,Haravan,CTO,healthcare,10,0901826970
Phan Thị Việt,phan.thi.viet.15290@thacoindustr.vn,Thaco Industries,CFO,logistics,50,0325240577
Dương Ngọc Hà,duong.ngoc.ha.15291@shopeevietna.vn,Shopee Vietnam,Product Manager,logistics,250,0703430069
Nguyễn Thanh Tâm,nguyen.thanh.tam.15292@hoaphat.vn,Hoà Phát,CFO,ecommerce,500,0936694477
Ngô Hồng Việt,ngo.hong.viet.15293@momo.vn,MoMo,Sales Director,retail,250,0351872120
Bùi Xuân Tâm,bui.xuan.tam.15294@haravan.vn,Haravan,Kế toán trưởng,fintech,1500,0866169764
Phạm Thị Hà,pham.thi.ha.15295@gmail.com,Gemadept Logistics,Kế toán trưởng,logistics,50,0867725834
Ngô Hồng Mai,ngo.hong.mai.15296@gmail.com,Pharmacity,CTO,manufacturing,250,0708698017
Võ Hồng Sơn,vo.hong.son.15297@gmail.com,Pharmacity,Head of Finance,manufacturing,1500,0707771089
Dương Hồng Mai,duong.hong.mai.15298@basevn.vn,Base.vn,CFO,education,250,0863024791
Phạm Đức Bình,pham.duc.binh.15299@gmail.com,CenLand,CEO,ecommerce,25,0973497798
Lê Xuân Khánh,le.xuan.khanh.15300@basevn.vn,Base.vn,Kế toán trưởng,logistics,500,0933413516
Trần Thanh Nam,tran.thanh.nam.15301@basevn.vn,Base.vn,CFO,ecommerce,120,0961689169
Hồ Quang Quân,ho.quang.quan.15302@thacoindustr.vn,Thaco Industries,Marketing Manager,healthcare,50,0917390718
Bùi Văn An,bui.van.an.15303@vngcorporati.vn,VNG Corporation,Procurement Manager,ecommerce,1500,0863819975
Vũ Văn Khánh,vu.van.khanh.15304@vinmec.vn,Vinmec,CEO,retail,25,0962624233
Lý Hữu Phúc,ly.huu.phuc.15305@thacoindustr.vn,Thaco Industries,CFO,healthcare,10,0325186489
Vũ Minh Oanh,vu.minh.oanh.15306@pharmacity.vn,Pharmacity,CTO,logistics,500,0703121315
Lý Thị Hà,ly.thi.ha.15307@cenland.vn,CenLand,CTO,fintech,10,0863973456
Đỗ Minh Châu,do.minh.chau.15308@vinmec.vn,Vinmec,Kế toán trưởng,retail,10,0703035618
Dương Thị Phúc,duong.thi.phuc.15309@vngcorporati.vn,VNG Corporation,Product Manager,fintech,50,0320311463
Lê Minh Phúc,le.minh.phuc.15310@topcv.vn,TopCV,Kế toán trưởng,education,120,0962964878
Lê Thị Giang,le.thi.giang.15311@gmail.com,VNG Corporation,Kế toán trưởng,software,120,0907987820
Trần Xuân Hùng,tran.xuan.hung.15312@vinmec.vn,Vinmec,Sales Director,fintech,25,0323062102
Phạm Quang Oanh,pham.quang.oanh.15313@tiki.vn,Tiki,CFO,education,10,0329436323
Phạm Hữu Dũng,pham.huu.dung.15314@kiotviet.vn,KiotViet,Procurement Manager,retail,50,0707106966
Lý Đức Giang,ly.duc.giang.15315@tiki.vn,Tiki,Kế toán trưởng,education,500,0904205754
Dương Đức Dũng,duong.duc.dung.15316@tiki.vn,Tiki,CFO,healthcare,25,0324767595
Hoàng Thị Sơn,hoang.thi.son.15317@vinamilk.vn,Vinamilk,CFO,fintech,25,0357347027
Võ Xuân Mai,vo.xuan.mai.15318@fptsoftware.vn,FPT Software,CFO,logistics,500,0705060160
Hoàng Xuân Phúc,hoang.xuan.phuc.15319@pharmacity.vn,Pharmacity,Sales Director,education,1500,0861318916
Lê Minh Linh,le.minh.linh.15320@thacoindustr.vn,Thaco Industries,Head of Finance,logistics,1500,0353874690
Võ Quang Tâm,vo.quang.tam.15321@haravan.vn,Haravan,CFO,education,500,0904014647
Phạm Hữu Linh,pham.huu.linh.15322@thacoindustr.vn,Thaco Industries,Product Manager,education,25,0930334939
Đặng Xuân Giang,dang.xuan.giang.15323@thecoffeehou.vn,The Coffee House,CEO,healthcare,10,0906599750
Lý Quang Phúc,ly.quang.phuc.15324@momo.vn,MoMo,CFO,healthcare,10,0354651543
Đỗ Thanh Tâm,do.thanh.tam.15325@momo.vn,MoMo,Procurement Manager,retail,1500,0975770748
Phạm Hồng Oanh,pham.hong.oanh.15326@gmail.com,Vinamilk,Head of Finance,education,1500,0905668939
Đặng Hữu Hà,dang.huu.ha.15327@pharmacity.vn,Pharmacity,Marketing Manager,retail,120,0913534524
Trần Ngọc Quân,tran.ngoc.quan.15328@thacoindustr.vn,Thaco Industries,Kế toán trưởng,manufacturing,1500,0975750673
Ngô Đức Châu,ngo.duc.chau.15329@shopeevietna.vn,Shopee Vietnam,Product Manager,education,25,0933918489
Hoàng Ngọc Mai,hoang.ngoc.mai.15330@thecoffeehou.vn,The Coffee House,Procurement Manager,logistics,1500,0321400199
Ngô Thị Mai,ngo.thi.mai.15331@thecoffeehou.vn,The Coffee House,Kế toán trưởng,logistics,500,0907406010
Hồ Minh Dũng,ho.minh.dung.15332@gmail.com,VNG Corporation,Operations Manager,software,120,0911407777
Võ Minh An,vo.minh.an.15333@gemadeptlogi.vn,Gemadept Logistics,CTO,logistics,10,0702841275
Trần Thị Lan,tran.thi.lan.15334@pharmacity.vn,Pharmacity,Procurement Manager,software,120,0863801857
Võ Hữu Sơn,vo.huu.son.15335@pharmacity.vn,Pharmacity,Sales Director,manufacturing,25,0354968473
Phan Minh Trang,phan.minh.trang.15336@gmail.com,Pharmacity,Head of Finance,healthcare,500,0352403254
Dương Hồng Tâm,duong.hong.tam.15337@momo.vn,MoMo,Operations Manager,software,25,0962763680
Hồ Thanh Châu,ho.thanh.chau.15338@vngcorporati.vn,VNG Corporation,CEO,education,120,0933906575
Lý Thanh Mai,ly.thanh.mai.15339@basevn.vn,Base.vn,Operations Manager,education,120,0325189373
Trần Minh Mai,tran.minh.mai.15340@hoaphat.vn,Hoà Phát,CEO,retail,10,0935843811
Nguyễn Quang Quân,nguyen.quang.quan.15341@gmail.com,Pharmacity,CTO,logistics,500,0938651012
Hồ Minh Oanh,ho.minh.oanh.15342@thacoindustr.vn,Thaco Industries,CFO,ecommerce,250,0964072163
Vũ Thị Hà,vu.thi.ha.15343@shopeevietna.vn,Shopee Vietnam,Kế toán trưởng,ecommerce,10,0966873912
Lý Quang Tâm,ly.quang.tam.15344@momo.vn,MoMo,Operations Manager,healthcare,10,0866673902
Phạm Hữu Bình,pham.huu.binh.15345@gmail.com,Thaco Industries,Marketing Manager,healthcare,25,0979818663
Dương Thị Tuấn,duong.thi.tuan.15346@vinmec.vn,Vinmec,CEO,fintech,500,0359327399
Lý Quang Lan,ly.quang.lan.15347@gmail.com,Haravan,Kế toán trưởng,manufacturing,50,0934981331
Phạm Hồng Hùng,pham.hong.hung.15348@gmail.com,KiotViet,CTO,fintech,1500,0930109855
Hồ Thị Quân,ho.thi.quan.15349@gmail.com,KiotViet,Product Manager,healthcare,50,0931195720
Trần Đức An,tran.duc.an.15350@momo.vn,MoMo,CFO,logistics,120,0978216590
Phan Thị Tuấn,phan.thi.tuan.15351@gmail.com,Thaco Industries,Sales Director,education,50,0902304233
Nguyễn Minh Lan,nguyen.minh.lan.15352@vinamilk.vn,Vinamilk,Procurement Manager,retail,10,0914352844
Phan Hồng Phúc,phan.hong.phuc.15353@gmail.com,PNJ,Operations Manager,manufacturing,10,0900610825
Dương Hồng Giang,duong.hong.giang.15354@cenland.vn,CenLand,CEO,ecommerce,500,0961449509
Hoàng Minh Khánh,hoang.minh.khanh.15355@topcv.vn,TopCV,Operations Manager,fintech,1500,0918471250
Bùi Quang Lan,bui.quang.lan.15356@duytanplasti.vn,Duy Tan Plastics,Kế toán trưởng,fintech,1500,0863608663
Phan Ngọc Hùng,phan.ngoc.hung.15357@gmail.com,MoMo,Product Manager,logistics,250,0911058770
Bùi Hồng Tâm,bui.hong.tam.15358@gmail.com,Base.vn,Procurement Manager,fintech,25,0978119033
Hoàng Hữu Khánh,hoang.huu.khanh.15359@shopeevietna.vn,Shopee Vietnam,Marketing Manager,healthcare,250,0933441404
Vũ Đức Hà,vu.duc.ha.15360@pnj.vn,PNJ,CTO,manufacturing,50,0703950817
Lý Ngọc Lan,ly.ngoc.lan.15361@kiotviet.vn,KiotViet,CFO,healthcare,25,0860246021
Bùi Minh Mai,bui.minh.mai.15362@vinamilk.vn,Vinamilk,Operations Manager,software,50,0358757777
Hoàng Thị Tuấn,hoang.thi.tuan.15363@gmail.com,CenLand,CEO,manufacturing,1500,0960692936
Phan Hồng Giang,phan.hong.giang.15364@haravan.vn,Haravan,Operations Manager,education,1500,0700671984
Đặng Minh Việt,dang.minh.viet.15365@gmail.com,VNG Corporation,CEO,manufacturing,500,0701246564
Lý Văn Dũng,ly.van.dung.15366@hoaphat.vn,Hoà Phát,CFO,healthcare,1500,0907971071
Ngô Xuân Bình,ngo.xuan.binh.15367@momo.vn,MoMo,Marketing Manager,manufacturing,25,0963959788
Đặng Văn Châu,dang.van.chau.15368@haravan.vn,Haravan,CTO,retail,50,0912452390
Vũ Đức Linh,vu.duc.linh.15369@fptsoftware.vn,FPT Software,Sales Director,retail,10,0329037698
Lê Văn An,le.van.an.15370@topcv.vn,TopCV,CTO,fintech,500,0354535218
Bùi Minh Giang,bui.minh.giang.15371@fptsoftware.vn,FPT Software,Operations Manager,software,500,0706705454
Trần Văn Mai,tran.van.mai.15372@pharmacity.vn,Pharmacity,Operations Manager,healthcare,500,0357636287
Nguyễn Ngọc Quân,nguyen.ngoc.quan.15373@gemadeptlogi.vn,Gemadept Logistics,CEO,logistics,50,0354648964
Dương Văn Mai,duong.van.mai.15374@duytanplasti.vn,Duy Tan Plastics,Operations Manager,logistics,10,0866830788
Bùi Minh Việt,bui.minh.viet.15375@vinamilk.vn,Vinamilk,CTO,ecommerce,1500,0970171313
Nguyễn Đức Châu,nguyen.duc.chau.15376@duytanplasti.vn,Duy Tan Plastics,CEO,ecommerce,500,0705843961
Vũ Văn Hà,vu.van.ha.15377@viettiengarm.vn,Viet Tien Garment,Head of Finance,software,120,0869505940
Nguyễn Xuân Oanh,nguyen.xuan.oanh.15378@basevn.vn,Base.vn,CFO,retail,50,0866243755
Hoàng Ngọc An,hoang.ngoc.an.15379@fptsoftware.vn,FPT Software,CFO,retail,50,0868257479
Hoàng Hồng Trang,hoang.hong.trang.15380@momo.vn,MoMo,Kế toán trưởng,logistics,50,0902817314
Vũ Xuân Mai,vu.xuan.mai.15381@gmail.com,CenLand,Product Manager,healthcare,10,0709682306
Ngô Ngọc Quân,ngo.ngoc.quan.15382@vinamilk.vn,Vinamilk,Head of Finance,software,1500,0966146396
Lý Đức Dũng,ly.duc.dung.15383@pharmacity.vn,Pharmacity,Sales Director,fintech,250,0709529685
Phan Hữu Châu,phan.huu.chau.15384@gemadeptlogi.vn,Gemadept Logistics,Product Manager,ecommerce,500,0351590790
Dương Ngọc Việt,duong.ngoc.viet.15385@pnj.vn,PNJ,CFO,education,250,0865476979
Hoàng Thị Sơn,hoang.thi.son.15386@momo.vn,MoMo,Product Manager,education,120,0860259354
Phạm Thị Quân,pham.thi.quan.15387@gmail.com,KiotViet,Kế toán trưởng,fintech,250,0971631359
Hoàng Hồng Việt,hoang.hong.viet.15388@gmail.com,Vinamilk,Procurement Manager,manufacturing,1500,0961984993
Lý Đức Khánh,ly.duc.khanh.15389@gmail.com,VNG Corporation,Marketing Manager,manufacturing,120,0906082584
Đỗ Xuân Lan,do.xuan.lan.15390@cenland.vn,CenLand,Procurement Manager,education,120,0326528532
Đặng Hồng Tuấn,dang.hong.tuan.15391@hoaphat.vn,Hoà Phát,CFO,healthcare,25,0700314082
Lý Văn Việt,ly.van.viet.15392@pnj.vn,PNJ,Product Manager,logistics,25,0976699039
Ngô Ngọc Dũng,ngo.ngoc.dung.15393@gmail.com,CenLand,Procurement Manager,ecommerce,10,0321635766
Lý Văn Hà,ly.van.ha.15394@haravan.vn,Haravan,Marketing Manager,ecommerce,120,0906750912
Hoàng Quang Sơn,hoang.quang.son.15395@gmail.com,The Coffee House,CTO,retail,500,0938847284
Hồ Minh Hùng,ho.minh.hung.15396@gmail.com,Base.vn,Procurement Manager,ecommerce,120,0328879523
Đỗ Đức Trang,do.duc.trang.15397@gmail.com,Thaco Industries,Sales Director,education,120,0320971407
Phạm Hữu Châu,pham.huu.chau.15398@gemadeptlogi.vn,Gemadept Logistics,Kế toán trưởng,healthcare,10,0907712154
Nguyễn Ngọc Hà,nguyen.ngoc.ha.15399@basevn.vn,Base.vn,Procurement Manager,healthcare,250,0701736162
Đặng Thị Giang,dang.thi.giang.15400@gmail.com,The Coffee House,Kế toán trưởng,logistics,120,0909174402
Hồ Thanh Dũng,ho.thanh.dung.15401@gmail.com,Thaco Industries,CFO,education,1500,0932027893
Dương Đức Mai,duong.duc.mai.15402@thecoffeehou.vn,The Coffee House,CEO,software,500,0966028987
Lê Thị An,le.thi.an.15403@thacoindustr.vn,Thaco Industries,Product Manager,manufacturing,250,0865081701
Dương Ngọc An,duong.ngoc.an.15404@viettiengarm.vn,Viet Tien Garment,CEO,manufacturing,50,0327465869
Võ Minh Sơn,vo.minh.son.15405@basevn.vn,Base.vn,Product Manager,retail,500,0918467476
Ngô Thanh Mai,ngo.thanh.mai.15406@gmail.com,The Coffee House,Kế toán trưởng,healthcare,10,0351878592
Trần Văn Sơn,tran.van.son.15407@basevn.vn,Base.vn,Sales Director,software,50,0707732595
Đỗ Minh Châu,do.minh.chau.15408@gmail.com,Base.vn,Product Manager,ecommerce,500,0918998073
Phạm Thanh Việt,pham.thanh.viet.15409@haravan.vn,Haravan,Procurement Manager,manufacturing,10,0901999597
Phan Thanh Linh,phan.thanh.linh.15410@cenland.vn,CenLand,CFO,ecommerce,25,0934516325
Hoàng Xuân Tuấn,hoang.xuan.tuan.15411@basevn.vn,Base.vn,CEO,manufacturing,1500,0937693940
Ngô Xuân Oanh,ngo.xuan.oanh.15412@kiotviet.vn,KiotViet,Kế toán trưởng,fintech,500,0934934889
Trần Minh Trang,tran.minh.trang.15413@vinmec.vn,Vinmec,Kế toán trưởng,logistics,50,0965063420
Nguyễn Thị Việt,nguyen.thi.viet.15414@duytanplasti.vn,Duy Tan Plastics,Operations Manager,retail,500,0357521324
Trần Đức Hà,tran.duc.ha.15415@gmail.com,Viet Tien Garment,Sales Director,manufacturing,25,0966589782
Hồ Hữu Phúc,ho.huu.phuc.15416@gmail.com,Vinmec,Operations Manager,healthcare,1500,0970867377
Trần Xuân Khánh,tran.xuan.khanh.15417@gmail.com,PNJ,Kế toán trưởng,ecommerce,250,0702877023
Lý Đức Châu,ly.duc.chau.15418@topcv.vn,TopCV,Operations Manager,logistics,25,0979376951
Dương Hồng Linh,duong.hong.linh.15419@gmail.com,Duy Tan Plastics,Kế toán trưởng,retail,120,0329481479
Hoàng Thị Mai,hoang.thi.mai.15420@thacoindustr.vn,Thaco Industries,Kế toán trưởng,healthcare,120,0970165745
Đỗ Quang Oanh,do.quang.oanh.15421@viettiengarm.vn,Viet Tien Garment,Head of Finance,fintech,1500,0704417400
Dương Quang Trang,duong.quang.trang.15422@vinmec.vn,Vinmec,Product Manager,logistics,50,0936559545
Nguyễn Đức Hùng,nguyen.duc.hung.15423@thecoffeehou.vn,The Coffee House,Kế toán trưởng,manufacturing,25,0912827773
Hoàng Văn Phúc,hoang.van.phuc.15424@haravan.vn,Haravan,CEO,healthcare,10,0932170939
Ngô Đức Châu,ngo.duc.chau.15425@vinmec.vn,Vinmec,Procurement Manager,retail,500,0324594996
Đỗ Ngọc Khánh,do.ngoc.khanh.15426@gmail.com,Tiki,Product Manager,fintech,1500,0934919648
Phan Thanh Nam,phan.thanh.nam.15427@vinmec.vn,Vinmec,Operations Manager,fintech,250,0320302578
Trần Quang Khánh,tran.quang.khanh.15428@vinamilk.vn,Vinamilk,Sales Director,healthcare,10,0357072041
Bùi Quang Bình,bui.quang.binh.15429@fptsoftware.vn,FPT Software,Head of Finance,ecommerce,1500,0329773181
Nguyễn Thị An,nguyen.thi.an.15430@gmail.com,TopCV,Procurement Manager,education,50,0970680680
Vũ Xuân Việt,vu.xuan.viet.15431@pharmacity.vn,Pharmacity,Head of Finance,software,25,0358028373
Lê Hồng Dũng,le.hong.dung.15432@hoaphat.vn,Hoà Phát,Kế toán trưởng,healthcare,500,0931750670
Đỗ Hữu Tâm,do.huu.tam.15433@gmail.com,MoMo,CFO,education,1500,0357143700
Phạm Minh Linh,pham.minh.linh.15434@vinamilk.vn,Vinamilk,CFO,fintech,120,0354474377
Hoàng Xuân Oanh,hoang.xuan.oanh.15435@kiotviet.vn,KiotViet,Procurement Manager,healthcare,10,0966391714
Ngô Xuân Bình,ngo.xuan.binh.15436@vinamilk.vn,Vinamilk,CTO,education,250,0860044876
Võ Thanh Châu,vo.thanh.chau.15437@tiki.vn,Tiki,Product Manager,software,120,0910855461
Dương Thanh Linh,duong.thanh.linh.15438@cenland.vn,CenLand,CTO,retail,500,0972736467
Hoàng Xuân Việt,hoang.xuan.viet.15439@gmail.com,VNG Corporation,CFO,software,25,0358042775
Đặng Hồng Hùng,dang.hong.hung.15440@gemadeptlogi.vn,Gemadept Logistics,CFO,manufacturing,500,0708398102
Ngô Thanh Sơn,ngo.thanh.son.15441@gmail.com,Shopee Vietnam,Product Manager,manufacturing,500,0354527248
Bùi Hồng Tâm,bui.hong.tam.15442@gmail.com,VNG Corporation,Sales Director,ecommerce,250,0967705690
Lý Xuân Hà,ly.xuan.ha.15443@duytanplasti.vn,Duy Tan Plastics,CEO,logistics,500,0905427704
Phạm Ngọc Khánh,pham.ngoc.khanh.15444@momo.vn,MoMo,Sales Director,retail,1500,0700552346
Ngô Hữu Dũng,ngo.huu.dung.15445@gmail.com,The Coffee House,Procurement Manager,software,25,0359567096
Hồ Ngọc Linh,ho.ngoc.linh.15446@viettiengarm.vn,Viet Tien Garment,Procurement Manager,logistics,120,0325232337
Nguyễn Ngọc Châu,nguyen.ngoc.chau.15447@pharmacity.vn,Pharmacity,Operations Manager,fintech,50,0359347152
Lý Thanh An,ly.thanh.an.15448@kiotviet.vn,KiotViet,Marketing Manager,software,120,0933304326
Ngô Văn Quân,ngo.van.quan.15449@thacoindustr.vn,Thaco Industries,Operations Manager,retail,120,0902733373
Lý Ngọc Dũng,ly.ngoc.dung.15450@basevn.vn,Base.vn,Product Manager,software,500,0967005148
Bùi Minh Sơn,bui.minh.son.15451@pnj.vn,PNJ,Head of Finance,retail,1500,0869359641
Ngô Quang Linh,ngo.quang.linh.15452@tiki.vn,Tiki,Product Manager,logistics,250,0934021997
Dương Hồng Linh,duong.hong.linh.15453@gmail.com,Thaco Industries,CTO,healthcare,10,0322922632
Nguyễn Hữu Nam,nguyen.huu.nam.15454@gmail.com,Tiki,CEO,ecommerce,50,0706941015
Phạm Ngọc Giang,pham.ngoc.giang.15455@momo.vn,MoMo,Marketing Manager,healthcare,10,0325463149
Vũ Đức Hùng,vu.duc.hung.15456@gemadeptlogi.vn,Gemadept Logistics,Product Manager,manufacturing,10,0965185218
Dương Thanh Châu,duong.thanh.chau.15457@fptsoftware.vn,FPT Software,CFO,retail,250,0907296448
Bùi Quang Việt,bui.quang.viet.15458@gmail.com,Hoà Phát,Marketing Manager,manufacturing,120,0914956584
Vũ Thanh Giang,vu.thanh.giang.15459@hoaphat.vn,Hoà Phát,Kế toán trưởng,healthcare,250,0327001373
Ngô Ngọc Lan,ngo.ngoc.lan.15460@thecoffeehou.vn,The Coffee House,Product Manager,healthcare,120,0703600587
Phạm Minh Hà,pham.minh.ha.15461@pnj.vn,PNJ,CEO,retail,500,0353941507
Đỗ Văn Khánh,do.van.khanh.15462@shopeevietna.vn,Shopee Vietnam,Operations Manager,retail,120,0324285677
Đỗ Xuân Oanh,do.xuan.oanh.15463@gmail.com,PNJ,Sales Director,retail,25,0917247546
Đặng Văn Mai,dang.van.mai.15464@shopeevietna.vn,Shopee Vietnam,Operations Manager,healthcare,500,0865281801
Đặng Minh Hà,dang.minh.ha.15465@tiki.vn,Tiki,CTO,retail,120,0970760535
Đặng Ngọc Khánh,dang.ngoc.khanh.15466@gemadeptlogi.vn,Gemadept Logistics,CTO,logistics,120,0976277100
Phạm Hồng Hùng,pham.hong.hung.15467@pnj.vn,PNJ,Kế toán trưởng,education,1500,0907758246
Ngô Thị Hùng,ngo.thi.hung.15468@gemadeptlogi.vn,Gemadept Logistics,CTO,fintech,120,0934576312
Phạm Hữu Giang,pham.huu.giang.15469@gmail.com,Pharmacity,Kế toán trưởng,manufacturing,25,0904243107
Hoàng Thanh Dũng,hoang.thanh.dung.15470@cenland.vn,CenLand,Operations Manager,fintech,120,0351246217
Lê Văn Châu,le.van.chau.15471@basevn.vn,Base.vn,Marketing Manager,logistics,1500,0917550286
Nguyễn Thị An,nguyen.thi.an.15472@haravan.vn,Haravan,CEO,healthcare,25,0913750111
Phạm Minh Hùng,pham.minh.hung.15473@gmail.com,Shopee Vietnam,Marketing Manager,software,1500,0324644753
Lý Xuân Tuấn,ly.xuan.tuan.15474@haravan.vn,Haravan,CTO,ecommerce,50,0935373959
Dương Thị Trang,duong.thi.trang.15475@thacoindustr.vn,Thaco Industries,Sales Director,software,50,0704341785
Lý Hồng Dũng,ly.hong.dung.15476@gmail.com,FPT Software,Sales Director,ecommerce,120,0863653413
Ngô Thị Tâm,ngo.thi.tam.15477@gmail.com,Pharmacity,Kế toán trưởng,education,250,0350122047
Lê Xuân Bình,le.xuan.binh.15478@tiki.vn,Tiki,Head of Finance,education,250,0972615585
Dương Đức Châu,duong.duc.chau.15479@topcv.vn,TopCV,CEO,logistics,10,0352902708
Lê Ngọc Lan,le.ngoc.lan.15480@haravan.vn,Haravan,Product Manager,ecommerce,25,0353086699
Ngô Quang Oanh,ngo.quang.oanh.15481@gmail.com,TopCV,CEO,software,10,0320689960
Hồ Ngọc Giang,ho.ngoc.giang.15482@gmail.com,Gemadept Logistics,CFO,logistics,120,0868241584
Ngô Ngọc An,ngo.ngoc.an.15483@gemadeptlogi.vn,Gemadept Logistics,Sales Director,logistics,500,0352779129
Phan Đức Châu,phan.duc.chau.15484@vinamilk.vn,Vinamilk,Product Manager,software,1500,0905884582
Ngô Quang Hùng,ngo.quang.hung.15485@viettiengarm.vn,Viet Tien Garment,Sales Director,education,250,0356498251
Lý Đức Việt,ly.duc.viet.15486@fptsoftware.vn,FPT Software,Sales Director,retail,250,0359323516
Phan Quang Lan,phan.quang.lan.15487@viettiengarm.vn,Viet Tien Garment,Head of Finance,education,120,0914580155
Lê Xuân Nam,le.xuan.nam.15488@gmail.com,Hoà Phát,CEO,retail,1500,0703084725
Đặng Hữu An,dang.huu.an.15489@momo.vn,MoMo,CFO,fintech,500,0358035230
Vũ Xuân Bình,vu.xuan.binh.15490@gmail.com,Viet Tien Garment,CTO,ecommerce,500,0323184519
Lý Thị Hà,ly.thi.ha.15491@haravan.vn,Haravan,CEO,software,50,0919938688
Dương Hồng Nam,duong.hong.nam.15492@gemadeptlogi.vn,Gemadept Logistics,Marketing Manager,retail,1500,0915037246
Hoàng Thanh Lan,hoang.thanh.lan.15493@gmail.com,KiotViet,Product Manager,education,1500,0329649147
Đỗ Quang Trang,do.quang.trang.15494@hoaphat.vn,Hoà Phát,Product Manager,software,25,0977140647
Võ Hữu Lan,vo.huu.lan.15495@gemadeptlogi.vn,Gemadept Logistics,Head of Finance,manufacturing,1500,0930856632
Trần Đức Linh,tran.duc.linh.15496@thecoffeehou.vn,The Coffee House,CEO,healthcare,1500,0351999873
Ngô Văn Mai,ngo.van.mai.15497@tiki.vn,Tiki,CFO,education,10,0352380704
Lý Văn Bình,ly.van.binh.15498@shopeevietna.vn,Shopee Vietnam,Procurement Manager,education,120,0978664969
Phan Thanh Châu,phan.thanh.chau.15499@basevn.vn,Base.vn,CEO,ecommerce,25,0352279255
Hoàng Thị Sơn,hoang.thi.son.15500@gmail.com,FPT Software,CTO,software,120,0350578260
Vũ Minh Nam,vu.minh.nam.15501@thecoffeehou.vn,The Coffee House,Sales Director,healthcare,120,0910104275
Võ Ngọc Hà,vo.ngoc.ha.15502@viettiengarm.vn,Viet Tien Garment,Operations Manager,ecommerce,25,0962667576
Võ Ngọc Lan,vo.ngoc.lan.15503@shopeevietna.vn,Shopee Vietnam,Product Manager,manufacturing,10,0973225960
Lê Thanh Lan,le.thanh.lan.15504@gmail.com,Thaco Industries,CEO,retail,500,0977021794
Dương Hồng Việt,duong.hong.viet.15505@momo.vn,MoMo,Product Manager,healthcare,25,0972968934
Đỗ Hữu Lan,do.huu.lan.15506@viettiengarm.vn,Viet Tien Garment,Head of Finance,manufacturing,250,0869419036
Phạm Hữu An,pham.huu.an.15507@thecoffeehou.vn,The Coffee House,Product Manager,logistics,10,0911486548
Hoàng Ngọc Dũng,hoang.ngoc.dung.15508@haravan.vn,Haravan,Product Manager,retail,120,0701601284
Vũ Đức Linh,vu.duc.linh.15509@gmail.com,Vinmec,Procurement Manager,fintech,500,0913485572
Đặng Hồng Trang,dang.hong.trang.15510@thecoffeehou.vn,The Coffee House,Sales Director,logistics,50,0934099181
Dương Xuân Trang,duong.xuan.trang.15511@gemadeptlogi.vn,Gemadept Logistics,CEO,manufacturing,25,0917131042
Võ Hồng Oanh,vo.hong.oanh.15512@gmail.com,Base.vn,Head of Finance,ecommerce,25,0865589956
Hồ Minh Bình,ho.minh.binh.15513@topcv.vn,TopCV,CEO,healthcare,10,0320309739
Bùi Ngọc Châu,bui.ngoc.chau.15514@viettiengarm.vn,Viet Tien Garment,Kế toán trưởng,fintech,120,0965595798
Ngô Văn An,ngo.van.an.15515@haravan.vn,Haravan,Kế toán trưởng,fintech,1500,0860581986
Lý Hữu Quân,ly.huu.quan.15516@vinamilk.vn,Vinamilk,Head of Finance,healthcare,120,0905648740
Hồ Ngọc Mai,ho.ngoc.mai.15517@cenland.vn,CenLand,Head of Finance,retail,50,0971471512
Võ Ngọc Hà,vo.ngoc.ha.15518@vinmec.vn,Vinmec,Product Manager,ecommerce,25,0960693781
Nguyễn Quang Lan,nguyen.quang.lan.15519@viettiengarm.vn,Viet Tien Garment,CFO,retail,25,0935944597
Đỗ Minh Quân,do.minh.quan.15520@vngcorporati.vn,VNG Corporation,Procurement Manager,retail,25,0937866342
Dương Đức Hùng,duong.duc.hung.15521@gmail.com,KiotViet,Sales Director,healthcare,250,0908647275
Nguyễn Đức Linh,nguyen.duc.linh.15522@pharmacity.vn,Pharmacity,Kế toán trưởng,manufacturing,250,0967200157
Trần Thị Mai,tran.thi.mai.15523@thacoindustr.vn,Thaco Industries,Procurement Manager,manufacturing,1500,0358977852
Nguyễn Văn Giang,nguyen.van.giang.15524@haravan.vn,Haravan,CFO,software,250,0903250088
Võ Quang Trang,vo.quang.trang.15525@pharmacity.vn,Pharmacity,Head of Finance,manufacturing,120,0964709095
Hồ Xuân Khánh,ho.xuan.khanh.15526@duytanplasti.vn,Duy Tan Plastics,Sales Director,software,1500,0974196306
Hoàng Minh Lan,hoang.minh.lan.15527@haravan.vn,Haravan,Head of Finance,software,50,0865839903
Phan Hồng Bình,phan.hong.binh.15528@gmail.com,Gemadept Logistics,Operations Manager,logistics,25,0329293787
Hoàng Hồng Khánh,hoang.hong.khanh.15529@haravan.vn,Haravan,Head of Finance,healthcare,1500,0329152963
Đặng Thanh Giang,dang.thanh.giang.15530@basevn.vn,Base.vn,Operations Manager,education,25,0966565286
Phạm Hồng Tâm,pham.hong.tam.15531@tiki.vn,Tiki,Marketing Manager,ecommerce,250,0903350728
Ngô Xuân Giang,ngo.xuan.giang.15532@gmail.com,Duy Tan Plastics,Product Manager,manufacturing,120,0706461435
Lý Đức Quân,ly.duc.quan.15533@vinamilk.vn,Vinamilk,Sales Director,ecommerce,25,0978721064
Vũ Thị Tâm,vu.thi.tam.15534@vinamilk.vn,Vinamilk,Product Manager,fintech,10,0971303716
Trần Hồng Giang,tran.hong.giang.15535@gmail.com,TopCV,Operations Manager,healthcare,10,0350905233
Đặng Quang Lan,dang.quang.lan.15536@gmail.com,Haravan,Marketing Manager,manufacturing,10,0965878753
Trần Quang Mai,tran.quang.mai.15537@gmail.com,Shopee Vietnam,CFO,education,120,0935481465
Lê Thị Việt,le.thi.viet.15538@gmail.com,Viet Tien Garment,CTO,ecommerce,50,0913989655
Vũ Quang Mai,vu.quang.mai.15539@vinmec.vn,Vinmec,CFO,education,1500,0938298963
Lê Xuân Bình,le.xuan.binh.15540@tiki.vn,Tiki,CTO,manufacturing,500,0867367848
Đỗ Quang Lan,do.quang.lan.15541@vngcorporati.vn,VNG Corporation,Head of Finance,retail,50,0867304047
Lý Thị Mai,ly.thi.mai.15542@pnj.vn,PNJ,Marketing Manager,logistics,1500,0353479496
Võ Đức Châu,vo.duc.chau.15543@fptsoftware.vn,FPT Software,CFO,retail,120,0709727492
Ngô Hồng Bình,ngo.hong.binh.15544@thecoffeehou.vn,The Coffee House,CTO,healthcare,50,0900535449
Đỗ Ngọc Oanh,do.ngoc.oanh.15545@gmail.com,CenLand,Sales Director,software,250,0354272815
Bùi Minh Tuấn,bui.minh.tuan.15546@cenland.vn,CenLand,CTO,healthcare,10,0962510711
Lý Đức Dũng,ly.duc.dung.15547@vinamilk.vn,Vinamilk,Kế toán trưởng,software,120,0970158950
Hồ Đức Linh,ho.duc.linh.15548@gemadeptlogi.vn,Gemadept Logistics,Head of Finance,fintech,25,0919603156
Võ Văn Trang,vo.van.trang.15549@cenland.vn,CenLand,CEO,education,120,0357839169
Trần Hữu Linh,tran.huu.linh.15550@viettiengarm.vn,Viet Tien Garment,Kế toán trưởng,ecommerce,250,0978512016
Lê Thanh Tâm,le.thanh.tam.15551@topcv.vn,TopCV,Sales Director,logistics,10,0704832761
Đỗ Quang Phúc,do.quang.phuc.15552@gmail.com,The Coffee House,Operations Manager,manufacturing,250,0320388062
Lê Ngọc Giang,le.ngoc.giang.15553@gmail.com,Viet Tien Garment,Kế toán trưởng,healthcare,250,0977028744
Bùi Xuân Phúc,bui.xuan.phuc.15554@hoaphat.vn,Hoà Phát,Kế toán trưởng,ecommerce,50,0971048306
Dương Ngọc Bình,duong.ngoc.binh.15555@shopeevietna.vn,Shopee Vietnam,Marketing Manager,fintech,25,0971535215
Ngô Xuân Sơn,ngo.xuan.son.15556@gmail.com,Haravan,CTO,retail,120,0708170444
Phan Xuân Nam,phan.xuan.nam.15557@gmail.com,Tiki,Kế toán trưởng,healthcare,250,0938319109
Ngô Xuân Hà,ngo.xuan.ha.15558@duytanplasti.vn,Duy Tan Plastics,CTO,healthcare,250,0974857490
Hồ Quang Hà,ho.quang.ha.15559@vinmec.vn,Vinmec,Operations Manager,retail,50,0917295854
Phạm Thị An,pham.thi.an.15560@fptsoftware.vn,FPT Software,CFO,manufacturing,50,0967562889
Vũ Văn Bình,vu.van.binh.15561@basevn.vn,Base.vn,Head of Finance,fintech,500,0861229932
Đặng Xuân Linh,dang.xuan.linh.15562@gmail.com,CenLand,CEO,education,10,0352027019
Nguyễn Thị Châu,nguyen.thi.chau.15563@vinamilk.vn,Vinamilk,Marketing Manager,logistics,120,0974768401
Hồ Văn Quân,ho.van.quan.15564@gmail.com,CenLand,Product Manager,fintech,500,0976740757
Đặng Văn Dũng,dang.van.dung.15565@gmail.com,TopCV,Product Manager,retail,10,0938273807
Hoàng Hữu Sơn,hoang.huu.son.15566@gmail.com,Thaco Industries,Head of Finance,manufacturing,120,0329123907
Lý Văn Linh,ly.van.linh.15567@fptsoftware.vn,FPT Software,Kế toán trưởng,retail,10,0322689574
Trần Thị Nam,tran.thi.nam.15568@gmail.com,MoMo,Kế toán trưởng,fintech,50,0912125879
Đặng Đức Sơn,dang.duc.son.15569@gmail.com,Pharmacity,CFO,manufacturing,50,0351851990
Trần Quang Khánh,tran.quang.khanh.15570@gmail.com,VNG Corporation,Operations Manager,education,1500,0904906754
Dương Hữu Bình,duong.huu.binh.15571@momo.vn,MoMo,Operations Manager,logistics,500,0901185136
Lê Minh Châu,le.minh.chau.15572@hoaphat.vn,Hoà Phát,Head of Finance,fintech,250,0962808172
Hồ Ngọc Hà,ho.ngoc.ha.15573@gmail.com,Haravan,Marketing Manager,ecommerce,1500,0913368421
Lý Văn Bình,ly.van.binh.15574@gmail.com,Tiki,Marketing Manager,ecommerce,10,0934274573
Phạm Đức Lan,pham.duc.lan.15575@gmail.com,CenLand,Kế toán trưởng,fintech,25,0912648095
Đỗ Minh Việt,do.minh.viet.15576@thacoindustr.vn,Thaco Industries,Product Manager,ecommerce,500,0329047889
Phạm Thị Phúc,pham.thi.phuc.15577@gmail.com,MoMo,Sales Director,retail,500,0709751788
Lý Quang Khánh,ly.quang.khanh.15578@topcv.vn,TopCV,CEO,education,50,0903227206
Lê Thanh Oanh,le.thanh.oanh.15579@gmail.com,Gemadept Logistics,Procurement Manager,healthcare,50,0860227136
Lý Minh Sơn,ly.minh.son.15580@gmail.com,Base.vn,Sales Director,healthcare,120,0976000095
Trần Thanh Châu,tran.thanh.chau.15581@topcv.vn,TopCV,Kế toán trưởng,retail,50,0939174025
Đỗ Hồng Khánh,do.hong.khanh.15582@duytanplasti.vn,Duy Tan Plastics,Sales Director,retail,50,0706140491
Đặng Thanh Sơn,dang.thanh.son.15583@topcv.vn,TopCV,Procurement Manager,retail,500,0938027800
Đỗ Ngọc Tâm,do.ngoc.tam.15584@shopeevietna.vn,Shopee Vietnam,Marketing Manager,software,120,0901685718
Lý Quang Sơn,ly.quang.son.15585@vinmec.vn,Vinmec,CTO,manufacturing,120,0869565935
Lê Ngọc Bình,le.ngoc.binh.15586@gmail.com,Haravan,Kế toán trưởng,logistics,25,0709714915
Dương Thị Trang,duong.thi.trang.15587@duytanplasti.vn,Duy Tan Plastics,Sales Director,logistics,500,0324411176
Trần Xuân Trang,tran.xuan.trang.15588@kiotviet.vn,KiotViet,CFO,education,25,0936696234
Hồ Đức Bình,ho.duc.binh.15589@duytanplasti.vn,Duy Tan Plastics,Kế toán trưởng,retail,50,0976047672
Đặng Hữu Nam,dang.huu.nam.15590@thacoindustr.vn,Thaco Industries,Procurement Manager,manufacturing,10,0902871931
Bùi Quang Nam,bui.quang.nam.15591@thecoffeehou.vn,The Coffee House,CEO,fintech,250,0700977197
Trần Xuân Giang,tran.xuan.giang.15592@momo.vn,MoMo,CFO,manufacturing,250,0977496609
Nguyễn Minh Mai,nguyen.minh.mai.15593@pharmacity.vn,Pharmacity,Operations Manager,retail,25,0706949139
Lý Ngọc Mai,ly.ngoc.mai.15594@gmail.com,KiotViet,CTO,education,500,0971521311
Hoàng Quang Lan,hoang.quang.lan.15595@pnj.vn,PNJ,Head of Finance,manufacturing,1500,0907439440
Hồ Minh Phúc,ho.minh.phuc.15596@fptsoftware.vn,FPT Software,CFO,manufacturing,250,0976890380
Võ Thanh Quân,vo.thanh.quan.15597@thacoindustr.vn,Thaco Industries,CEO,software,1500,0705993438
Bùi Minh Hà,bui.minh.ha.15598@vinamilk.vn,Vinamilk,Procurement Manager,fintech,10,0977995464
Đỗ Quang Khánh,do.quang.khanh.15599@gmail.com,Thaco Industries,Head of Finance,education,250,0967878696
Phan Minh Sơn,phan.minh.son.15600@tiki.vn,Tiki,Marketing Manager,manufacturing,10,0963586418
Nguyễn Hồng Quân,nguyen.hong.quan.15601@gmail.com,Gemadept Logistics,Sales Director,logistics,500,0708887378
Bùi Hồng Sơn,bui.hong.son.15602@gmail.com,Vinamilk,CEO,healthcare,250,0325186150
Trần Xuân Oanh,tran.xuan.oanh.15603@gmail.com,TopCV,CTO,ecommerce,25,0326432803
Hồ Minh Hà,ho.minh.ha.15604@kiotviet.vn,KiotViet,CEO,education,500,0906494124
Phan Hữu Tuấn,phan.huu.tuan.15605@pharmacity.vn,Pharmacity,CTO,ecommerce,25,0970726824
Phạm Hồng Linh,pham.hong.linh.15606@viettiengarm.vn,Viet Tien Garment,Sales Director,ecommerce,120,0704982050
Dương Thị Quân,duong.thi.quan.15607@gmail.com,MoMo,Head of Finance,retail,10,0915564455
Phạm Thanh Quân,pham.thanh.quan.15608@shopeevietna.vn,Shopee Vietnam,Marketing Manager,logistics,500,0704723386
Trần Hữu Phúc,tran.huu.phuc.15609@momo.vn,MoMo,Procurement Manager,manufacturing,10,0904501006
Trần Xuân Lan,tran.xuan.lan.15610@hoaphat.vn,Hoà Phát,Procurement Manager,healthcare,250,0932027300
Lê Văn An,le.van.an.15611@gmail.com,Shopee Vietnam,Head of Finance,logistics,120,0939569281
Trần Xuân Hùng,tran.xuan.hung.15612@thacoindustr.vn,Thaco Industries,CTO,manufacturing,50,0971633870
Đỗ Thanh Việt,do.thanh.viet.15613@tiki.vn,Tiki,Head of Finance,fintech,250,0969476631
Phan Thanh An,phan.thanh.an.15614@vngcorporati.vn,VNG Corporation,CFO,logistics,25,0977791691
Lý Hồng Châu,ly.hong.chau.15615@thacoindustr.vn,Thaco Industries,Sales Director,fintech,10,0321071863
Đỗ Hồng Giang,do.hong.giang.15616@topcv.vn,TopCV,Kế toán trưởng,fintech,500,0935037801
Vũ Ngọc Sơn,vu.ngoc.son.15617@vinamilk.vn,Vinamilk,CFO,healthcare,250,0907870413
Đặng Hữu Sơn,dang.huu.son.15618@hoaphat.vn,Hoà Phát,CTO,software,25,0703212050
Lê Minh Phúc,le.minh.phuc.15619@thacoindustr.vn,Thaco Industries,Marketing Manager,ecommerce,120,0973507108
Bùi Thị Dũng,bui.thi.dung.15620@duytanplasti.vn,Duy Tan Plastics,CFO,logistics,1500,0972832225
Võ Minh Dũng,vo.minh.dung.15621@thecoffeehou.vn,The Coffee House,Product Manager,retail,1500,0901623520
Nguyễn Thị Quân,nguyen.thi.quan.15622@momo.vn,MoMo,Head of Finance,ecommerce,10,0353795789
Đặng Đức Châu,dang.duc.chau.15623@thecoffeehou.vn,The Coffee House,CEO,fintech,120,0905471242
Trần Quang Trang,tran.quang.trang.15624@gmail.com,Vinmec,Operations Manager,logistics,500,0912342833
Vũ Văn Bình,vu.van.binh.15625@thecoffeehou.vn,The Coffee House,Procurement Manager,retail,500,0700303420
Bùi Ngọc Giang,bui.ngoc.giang.15626@basevn.vn,Base.vn,CFO,retail,120,0329904400
Nguyễn Thị Hà,nguyen.thi.ha.15627@vinmec.vn,Vinmec,CEO,ecommerce,500,0910837461
Dương Quang Hùng,duong.quang.hung.15628@thecoffeehou.vn,The Coffee House,Product Manager,healthcare,50,0906444835
Hồ Hữu Phúc,ho.huu.phuc.15629@vinmec.vn,Vinmec,CFO,retail,250,0970773829
Hồ Thị Khánh,ho.thi.khanh.15630@fptsoftware.vn,FPT Software,Product Manager,retail,10,0703110205
Hoàng Ngọc Tuấn,hoang.ngoc.tuan.15631@gemadeptlogi.vn,Gemadept Logistics,Head of Finance,logistics,10,0860558141
Phan Đức Giang,phan.duc.giang.15632@thecoffeehou.vn,The Coffee House,Operations Manager,retail,120,0938411756
Đặng Hồng Quân,dang.hong.quan.15633@hoaphat.vn,Hoà Phát,Product Manager,ecommerce,500,0911748612
Dương Văn Hùng,duong.van.hung.15634@gmail.com,Vinamilk,Sales Director,ecommerce,50,0906541878
Hồ Đức Trang,ho.duc.trang.15635@tiki.vn,Tiki,Kế toán trưởng,software,10,0322418265
Ngô Minh Dũng,ngo.minh.dung.15636@gmail.com,Viet Tien Garment,Operations Manager,healthcare,500,0359644041
Hoàng Xuân An,hoang.xuan.an.15637@vinmec.vn,Vinmec,Procurement Manager,education,25,0328422075
Bùi Quang Hà,bui.quang.ha.15638@hoaphat.vn,Hoà Phát,CEO,fintech,120,0868549426
Lê Thanh Quân,le.thanh.quan.15639@momo.vn,MoMo,Sales Director,logistics,10,0969525713
Lý Xuân An,ly.xuan.an.15640@thacoindustr.vn,Thaco Industries,Marketing Manager,ecommerce,500,0354254628
Lý Thị Châu,ly.thi.chau.15641@pnj.vn,PNJ,Marketing Manager,fintech,250,0911344710
Lý Hữu Hà,ly.huu.ha.15642@tiki.vn,Tiki,Procurement Manager,education,120,0707799804
Trần Ngọc Lan,tran.ngoc.lan.15643@vinmec.vn,Vinmec,CTO,ecommerce,10,0323746644
Hoàng Ngọc Tâm,hoang.ngoc.tam.15644@hoaphat.vn,Hoà Phát,Procurement Manager,retail,25,0905442815
Đỗ Đức Tâm,do.duc.tam.15645@pnj.vn,PNJ,CTO,fintech,25,0903586676
Nguyễn Thị Hùng,nguyen.thi.hung.15646@gmail.com,MoMo,Operations Manager,education,1500,0964092035
Lê Hữu Việt,le.huu.viet.15647@gmail.com,PNJ,CEO,logistics,50,0905342236
Hồ Minh Hà,ho.minh.ha.15648@shopeevietna.vn,Shopee Vietnam,CTO,healthcare,500,0328392922
Hoàng Thanh Tâm,hoang.thanh.tam.15649@hoaphat.vn,Hoà Phát,CTO,software,50,0702854345
Dương Ngọc Sơn,duong.ngoc.son.15650@thecoffeehou.vn,The Coffee House,Kế toán trưởng,healthcare,50,0936241753
Hồ Thị Hà,ho.thi.ha.15651@momo.vn,MoMo,Sales Director,fintech,1500,0973575829
Đặng Hữu Linh,dang.huu.linh.15652@viettiengarm.vn,Viet Tien Garment,Product Manager,fintech,50,0968045623
Phan Hữu Khánh,phan.huu.khanh.15653@pnj.vn,PNJ,Kế toán trưởng,software,50,0960864617
Lý Ngọc Dũng,ly.ngoc.dung.15654@gmail.com,The Coffee House,CFO,retail,1500,0860893504
Bùi Thanh Mai,bui.thanh.mai.15655@cenland.vn,CenLand,CEO,fintech,10,0960162750
Đỗ Đức Tâm,do.duc.tam.15656@thecoffeehou.vn,The Coffee House,CTO,education,120,0974818536
Bùi Ngọc Oanh,bui.ngoc.oanh.15657@topcv.vn,TopCV,Operations Manager,healthcare,50,0709738425
Võ Đức Oanh,vo.duc.oanh.15658@gmail.com,PNJ,Head of Finance,retail,1500,0325940071
Ngô Hữu Lan,ngo.huu.lan.15659@vinmec.vn,Vinmec,Head of Finance,fintech,10,0863905888
Đỗ Quang Tâm,do.quang.tam.15660@pharmacity.vn,Pharmacity,Head of Finance,logistics,10,0975221804
Võ Ngọc Giang,vo.ngoc.giang.15661@thacoindustr.vn,Thaco Industries,Marketing Manager,logistics,1500,0355492106
Nguyễn Đức Oanh,nguyen.duc.oanh.15662@gmail.com,Duy Tan Plastics,Head of Finance,ecommerce,10,0938750438
Võ Đức Giang,vo.duc.giang.15663@gemadeptlogi.vn,Gemadept Logistics,Marketing Manager,manufacturing,250,0972847021
Hồ Đức Oanh,ho.duc.oanh.15664@gmail.com,Haravan,Operations Manager,logistics,10,0708386869
Võ Ngọc Phúc,vo.ngoc.phuc.15665@hoaphat.vn,Hoà Phát,CEO,education,25,0355286235
Phạm Hữu Tuấn,pham.huu.tuan.15666@pnj.vn,PNJ,Procurement Manager,logistics,500,0868877791
Phạm Hồng Giang,pham.hong.giang.15667@shopeevietna.vn,Shopee Vietnam,CEO,manufacturing,10,0703488041
Lê Thanh Phúc,le.thanh.phuc.15668@gmail.com,Thaco Industries,CFO,manufacturing,120,0700427812
Phan Hữu Hà,phan.huu.ha.15669@cenland.vn,CenLand,CTO,logistics,250,0907274483
Lý Minh Nam,ly.minh.nam.15670@pnj.vn,PNJ,CEO,healthcare,120,0970832443
Trần Hồng Nam,tran.hong.nam.15671@gmail.com,TopCV,CFO,manufacturing,1500,0327780655
Hoàng Quang Châu,hoang.quang.chau.15672@vinmec.vn,Vinmec,CEO,software,25,0918939347
Bùi Hữu Tuấn,bui.huu.tuan.15673@basevn.vn,Base.vn,CEO,healthcare,1500,0974878107
Vũ Minh Lan,vu.minh.lan.15674@gmail.com,Vinmec,Product Manager,retail,25,0358028089
Hồ Quang Nam,ho.quang.nam.15675@gmail.com,Viet Tien Garment,CTO,logistics,120,0324269603
Hồ Thị Mai,ho.thi.mai.15676@gmail.com,Vinamilk,Marketing Manager,logistics,25,0359813164
Bùi Minh Hùng,bui.minh.hung.15677@vngcorporati.vn,VNG Corporation,Operations Manager,ecommerce,25,0904746060
Hồ Hữu Phúc,ho.huu.phuc.15678@hoaphat.vn,Hoà Phát,Sales Director,education,250,0903061012
Hồ Đức Lan,ho.duc.lan.15679@thecoffeehou.vn,The Coffee House,Procurement Manager,healthcare,250,0909306109
Võ Xuân Hà,vo.xuan.ha.15680@haravan.vn,Haravan,Head of Finance,retail,250,0704375825
Hoàng Ngọc Quân,hoang.ngoc.quan.15681@gmail.com,MoMo,Sales Director,ecommerce,50,0970946235
Hoàng Xuân Quân,hoang.xuan.quan.15682@gmail.com,Haravan,CEO,software,1500,0973335301
Lý Ngọc Tuấn,ly.ngoc.tuan.15683@gmail.com,Base.vn,Operations Manager,manufacturing,500,0328127814
Hồ Quang Sơn,ho.quang.son.15684@kiotviet.vn,KiotViet,Product Manager,logistics,25,0902795271
Đặng Ngọc Tuấn,dang.ngoc.tuan.15685@shopeevietna.vn,Shopee Vietnam,Product Manager,education,250,0900555074
Trần Hữu Việt,tran.huu.viet.15686@gmail.com,Pharmacity,Head of Finance,ecommerce,10,0938036032
Đỗ Hồng Trang,do.hong.trang.15687@shopeevietna.vn,Shopee Vietnam,CEO,fintech,120,0930392821
Lý Thanh Bình,ly.thanh.binh.15688@duytanplasti.vn,Duy Tan Plastics,CTO,logistics,1500,0322819386
Ngô Minh Hà,ngo.minh.ha.15689@pnj.vn,PNJ,Marketing Manager,fintech,120,0978763382
Dương Minh Nam,duong.minh.nam.15690@gmail.com,Tiki,CFO,retail,25,0350422215
Lý Xuân Châu,ly.xuan.chau.15691@hoaphat.vn,Hoà Phát,Operations Manager,software,10,0932440269
Hoàng Quang Nam,hoang.quang.nam.15692@tiki.vn,Tiki,Product Manager,fintech,50,0963368193
Phan Minh Châu,phan.minh.chau.15693@hoaphat.vn,Hoà Phát,CFO,fintech,250,0937257321
Trần Văn Hùng,tran.van.hung.15694@viettiengarm.vn,Viet Tien Garment,Product Manager,manufacturing,10,0974411399
Hoàng Xuân Trang,hoang.xuan.trang.15695@gmail.com,Haravan,Kế toán trưởng,software,10,0963960460
Phạm Thị Bình,pham.thi.binh.15696@gemadeptlogi.vn,Gemadept Logistics,Kế toán trưởng,manufacturing,1500,0358048532
Dương Ngọc Oanh,duong.ngoc.oanh.15697@gmail.com,Pharmacity,CTO,logistics,250,0320309721
Nguyễn Văn Khánh,nguyen.van.khanh.15698@gmail.com,Gemadept Logistics,Procurement Manager,logistics,250,0709749231
Phạm Hồng Dũng,pham.hong.dung.15699@gemadeptlogi.vn,Gemadept Logistics,Marketing Manager,retail,50,0972268550
Phạm Hữu Khánh,pham.huu.khanh.15700@vngcorporati.vn,VNG Corporation,CTO,software,250,0325764339
Đỗ Thanh Hà,do.thanh.ha.15701@duytanplasti.vn,Duy Tan Plastics,Head of Finance,manufacturing,250,0320472087
Dương Thị Giang,duong.thi.giang.15702@gmail.com,Base.vn,Kế toán trưởng,retail,1500,0962763240
Hoàng Thanh Châu,hoang.thanh.chau.15703@gmail.com,FPT Software,Operations Manager,fintech,25,0863366345
Đặng Văn Hà,dang.van.ha.15704@basevn.vn,Base.vn,Procurement Manager,logistics,120,0323681064
Đặng Ngọc Châu,dang.ngoc.chau.15705@gmail.com,KiotViet,Kế toán trưởng,ecommerce,10,0321313972
Đặng Quang Việt,dang.quang.viet.15706@gmail.com,Viet Tien Garment,Sales Director,retail,500,0930327807
Trần Minh Nam,tran.minh.nam.15707@vngcorporati.vn,VNG Corporation,CTO,retail,1500,0939573505
Đặng Quang Sơn,dang.quang.son.15708@vinamilk.vn,Vinamilk,Product Manager,healthcare,120,0860269392
Trần Hồng Trang,tran.hong.trang.15709@thecoffeehou.vn,The Coffee House,CTO,retail,25,0938081523
Võ Hồng Việt,vo.hong.viet.15710@pnj.vn,PNJ,Product Manager,education,25,0351531566
Phan Hữu Tuấn,phan.huu.tuan.15711@duytanplasti.vn,Duy Tan Plastics,Product Manager,logistics,10,0356607033
Trần Xuân Linh,tran.xuan.linh.15712@pharmacity.vn,Pharmacity,Kế toán trưởng,ecommerce,1500,0863007424
Phạm Thanh Châu,pham.thanh.chau.15713@gmail.com,CenLand,Procurement Manager,software,50,0707045313
Ngô Quang Bình,ngo.quang.binh.15714@thecoffeehou.vn,The Coffee House,CEO,manufacturing,25,0327591079
Lê Hồng Hùng,le.hong.hung.15715@haravan.vn,Haravan,Procurement Manager,fintech,25,0979580230
Hoàng Hữu Nam,hoang.huu.nam.15716@tiki.vn,Tiki,Marketing Manager,logistics,1500,0971472049
Nguyễn Hồng Quân,nguyen.hong.quan.15717@vinmec.vn,Vinmec,Head of Finance,software,250,0972239954
Đặng Văn Bình,dang.van.binh.15718@gmail.com,TopCV,Product Manager,retail,10,0960392385
Bùi Văn Nam,bui.van.nam.15719@gmail.com,Haravan,Kế toán trưởng,retail,500,0972716869
Đỗ Hữu Hà,do.huu.ha.15720@pharmacity.vn,Pharmacity,Head of Finance,healthcare,50,0704404134
Phan Thanh Hùng,phan.thanh.hung.15721@vinamilk.vn,Vinamilk,CTO,software,1500,0320003546
Dương Thị Tâm,duong.thi.tam.15722@vngcorporati.vn,VNG Corporation,CTO,fintech,25,0979826483
Phạm Đức Tuấn,pham.duc.tuan.15723@thecoffeehou.vn,The Coffee House,Head of Finance,healthcare,50,0967646462
Lê Quang Trang,le.quang.trang.15724@fptsoftware.vn,FPT Software,Marketing Manager,software,250,0903257040
Vũ Hữu Giang,vu.huu.giang.15725@vinmec.vn,Vinmec,Procurement Manager,ecommerce,50,0932701928
Lý Ngọc Giang,ly.ngoc.giang.15726@duytanplasti.vn,Duy Tan Plastics,Head of Finance,manufacturing,250,0969931303
Trần Đức Linh,tran.duc.linh.15727@fptsoftware.vn,FPT Software,CTO,fintech,500,0357141744
Phan Đức Phúc,phan.duc.phuc.15728@gmail.com,The Coffee House,Product Manager,software,1500,0971743099
Hồ Hữu Phúc,ho.huu.phuc.15729@gemadeptlogi.vn,Gemadept Logistics,Sales Director,education,25,0329339772
Nguyễn Xuân An,nguyen.xuan.an.15730@cenland.vn,CenLand,Operations Manager,manufacturing,1500,0320904310
Bùi Ngọc Tuấn,bui.ngoc.tuan.15731@vinmec.vn,Vinmec,Operations Manager,education,1500,0964735373
Phạm Hữu Quân,pham.huu.quan.15732@shopeevietna.vn,Shopee Vietnam,CTO,retail,120,0866628817
Lê Thanh Khánh,le.thanh.khanh.15733@vinmec.vn,Vinmec,Marketing Manager,healthcare,25,0869933697
Nguyễn Hữu Hà,nguyen.huu.ha.15734@pharmacity.vn,Pharmacity,Procurement Manager,logistics,1500,0904253008
Dương Thanh Dũng,duong.thanh.dung.15735@gmail.com,Tiki,Operations Manager,healthcare,25,0359176535
Đỗ Ngọc Giang,do.ngoc.giang.15736@gmail.com,Gemadept Logistics,Operations Manager,fintech,120,0709070488
Bùi Đức Khánh,bui.duc.khanh.15737@gmail.com,Shopee Vietnam,CFO,healthcare,500,0353633176
Hoàng Văn An,hoang.van.an.15738@viettiengarm.vn,Viet Tien Garment,CTO,retail,250,0358132038
Nguyễn Ngọc Quân,nguyen.ngoc.quan.15739@gmail.com,PNJ,Sales Director,logistics,500,0867891863
Lý Xuân Trang,ly.xuan.trang.15740@vinmec.vn,Vinmec,Kế toán trưởng,software,250,0903238107
Phan Thị Dũng,phan.thi.dung.15741@gmail.com,VNG Corporation,CTO,software,10,0936034461
Phạm Quang Phúc,pham.quang.phuc.15742@hoaphat.vn,Hoà Phát,Kế toán trưởng,fintech,50,0965851352
Hồ Ngọc An,ho.ngoc.an.15743@gmail.com,TopCV,Sales Director,logistics,250,0707104387
Võ Xuân Việt,vo.xuan.viet.15744@pharmacity.vn,Pharmacity,CEO,education,25,0971143781
Phan Xuân Bình,phan.xuan.binh.15745@tiki.vn,Tiki,Head of Finance,healthcare,50,0903351745
Dương Thị Khánh,duong.thi.khanh.15746@haravan.vn,Haravan,Operations Manager,logistics,50,0902121870
Hoàng Hồng Trang,hoang.hong.trang.15747@viettiengarm.vn,Viet Tien Garment,CTO,logistics,25,0869111025
Bùi Quang Lan,bui.quang.lan.15748@tiki.vn,Tiki,CTO,fintech,1500,0938424019
Hoàng Thị Việt,hoang.thi.viet.15749@gmail.com,Thaco Industries,Product Manager,logistics,25,0936838191
Hồ Quang Oanh,ho.quang.oanh.15750@momo.vn,MoMo,Sales Director,education,10,0329226272
Lý Minh Quân,ly.minh.quan.15751@pharmacity.vn,Pharmacity,Procurement Manager,logistics,1500,0860968986
Lý Văn Việt,ly.van.viet.15752@vngcorporati.vn,VNG Corporation,CFO,logistics,120,0702643184
Dương Quang Trang,duong.quang.trang.15753@thacoindustr.vn,Thaco Industries,Operations Manager,fintech,250,0966985802
Phan Thanh An,phan.thanh.an.15754@vngcorporati.vn,VNG Corporation,CTO,education,1500,0932180760
Hoàng Đức Trang,hoang.duc.trang.15755@gmail.com,PNJ,Sales Director,ecommerce,120,0939407749
Lý Xuân Hùng,ly.xuan.hung.15756@cenland.vn,CenLand,CEO,ecommerce,250,0914693684
Hoàng Hồng Giang,hoang.hong.giang.15757@pharmacity.vn,Pharmacity,Product Manager,software,25,0937792157
Trần Văn Oanh,tran.van.oanh.15758@momo.vn,MoMo,Sales Director,healthcare,500,0863538303
Ngô Thị Bình,ngo.thi.binh.15759@tiki.vn,Tiki,Procurement Manager,manufacturing,50,0916022016
Võ Văn Bình,vo.van.binh.15760@gmail.com,VNG Corporation,Product Manager,retail,1500,0972638985
Lý Minh Hà,ly.minh.ha.15761@gmail.com,Tiki,CFO,logistics,500,0911613621
Phan Quang An,phan.quang.an.15762@gmail.com,CenLand,Head of Finance,ecommerce,50,0968826063
Lê Ngọc Dũng,le.ngoc.dung.15763@topcv.vn,TopCV,Sales Director,logistics,10,0979514586
Hoàng Hồng Tâm,hoang.hong.tam.15764@pnj.vn,PNJ,Marketing Manager,education,500,0702672138
Đặng Hữu Linh,dang.huu.linh.15765@kiotviet.vn,KiotViet,Operations Manager,manufacturing,50,0939533596
Trần Ngọc Sơn,tran.ngoc.son.15766@vinmec.vn,Vinmec,Procurement Manager,education,250,0974170899
Vũ Quang Khánh,vu.quang.khanh.15767@gmail.com,Haravan,CTO,software,1500,0352678257
Võ Xuân Hùng,vo.xuan.hung.15768@gmail.com,Tiki,Procurement Manager,manufacturing,120,0974716374
Hồ Thị Sơn,ho.thi.son.15769@gmail.com,Tiki,Product Manager,fintech,250,0700991309
Bùi Hữu Tuấn,bui.huu.tuan.15770@gmail.com,Gemadept Logistics,Kế toán trưởng,logistics,25,0862218616
Đỗ Hồng Oanh,do.hong.oanh.15771@gmail.com,FPT Software,Head of Finance,retail,120,0903585787
Ngô Xuân Hà,ngo.xuan.ha.15772@fptsoftware.vn,FPT Software,CTO,fintech,120,0911005050
Lý Hữu Dũng,ly.huu.dung.15773@gemadeptlogi.vn,Gemadept Logistics,CTO,logistics,250,0916434071
Hoàng Đức Việt,hoang.duc.viet.15774@gemadeptlogi.vn,Gemadept Logistics,CEO,fintech,25,0707901391
Nguyễn Ngọc Sơn,nguyen.ngoc.son.15775@momo.vn,MoMo,Marketing Manager,manufacturing,10,0913761300
Hoàng Thanh Trang,hoang.thanh.trang.15776@gemadeptlogi.vn,Gemadept Logistics,CEO,software,10,0903020689
Đặng Quang Trang,dang.quang.trang.15777@momo.vn,MoMo,CFO,ecommerce,1500,0702968261
Vũ Hữu Quân,vu.huu.quan.15778@haravan.vn,Haravan,Operations Manager,fintech,1500,0913869053
Lê Xuân Lan,le.xuan.lan.15779@gmail.com,Pharmacity,Procurement Manager,retail,50,0909668328
Đỗ Thanh Việt,do.thanh.viet.15780@pnj.vn,PNJ,Sales Director,fintech,500,0902242548
Bùi Quang An,bui.quang.an.15781@viettiengarm.vn,Viet Tien Garment,Sales Director,logistics,25,0969400030
Dương Thị Quân,duong.thi.quan.15782@gmail.com,Haravan,CTO,manufacturing,1500,0355470678
Dương Xuân Dũng,duong.xuan.dung.15783@momo.vn,MoMo,CTO,retail,10,0975487617
Nguyễn Đức Trang,nguyen.duc.trang.15784@thacoindustr.vn,Thaco Industries,Head of Finance,healthcare,250,0914854606
Lê Hồng Lan,le.hong.lan.15785@tiki.vn,Tiki,CEO,software,500,0354099972
Nguyễn Thị Trang,nguyen.thi.trang.15786@thecoffeehou.vn,The Coffee House,Marketing Manager,manufacturing,1500,0919887764
Đỗ Hồng An,do.hong.an.15787@gmail.com,Vinamilk,Procurement Manager,manufacturing,10,0909303720
Dương Minh Hùng,duong.minh.hung.15788@vinmec.vn,Vinmec,Marketing Manager,ecommerce,50,0359869170
Phan Văn Bình,phan.van.binh.15789@hoaphat.vn,Hoà Phát,CEO,software,1500,0900341044
Bùi Ngọc Trang,bui.ngoc.trang.15790@topcv.vn,TopCV,Operations Manager,software,50,0358408913
Đỗ Văn Trang,do.van.trang.15791@gmail.com,TopCV,CFO,education,10,0708183642
Hoàng Thanh Tuấn,hoang.thanh.tuan.15792@gmail.com,KiotViet,Product Manager,logistics,25,0973937366
Bùi Đức Phúc,bui.duc.phuc.15793@vinmec.vn,Vinmec,Marketing Manager,healthcare,500,0357559077
Bùi Xuân Sơn,bui.xuan.son.15794@gmail.com,Viet Tien Garment,CTO,healthcare,250,0904592892
Đỗ Quang Trang,do.quang.trang.15795@pharmacity.vn,Pharmacity,Product Manager,ecommerce,10,0932206735
Dương Văn An,duong.van.an.15796@basevn.vn,Base.vn,CTO,healthcare,120,0914998893
Trần Thanh Bình,tran.thanh.binh.15797@gmail.com,Gemadept Logistics,Marketing Manager,software,50,0869590566
Đặng Hồng Mai,dang.hong.mai.15798@gemadeptlogi.vn,Gemadept Logistics,CEO,manufacturing,1500,0328503772
Phạm Thanh Nam,pham.thanh.nam.15799@gmail.com,FPT Software,Procurement Manager,healthcare,50,0325212807
Hoàng Quang Khánh,hoang.quang.khanh.15800@tiki.vn,Tiki,Kế toán trưởng,fintech,250,0961781512
Hồ Thanh Hùng,ho.thanh.hung.15801@cenland.vn,CenLand,Procurement Manager,manufacturing,250,0357624128
Bùi Xuân Lan,bui.xuan.lan.15802@tiki.vn,Tiki,Operations Manager,manufacturing,120,0353495227
Lê Văn Phúc,le.van.phuc.15803@gmail.com,VNG Corporation,Kế toán trưởng,software,120,0917470574
Bùi Hồng Dũng,bui.hong.dung.15804@gemadeptlogi.vn,Gemadept Logistics,CTO,education,500,0966668315
Trần Quang Bình,tran.quang.binh.15805@shopeevietna.vn,Shopee Vietnam,Kế toán trưởng,fintech,1500,0704331013
Võ Ngọc Hà,vo.ngoc.ha.15806@cenland.vn,CenLand,Product Manager,logistics,25,0322073339
Phan Minh Tuấn,phan.minh.tuan.15807@tiki.vn,Tiki,Marketing Manager,fintech,250,0701579317
Dương Hữu Châu,duong.huu.chau.15808@gmail.com,Tiki,CEO,software,1500,0916800546
Bùi Văn Lan,bui.van.lan.15809@cenland.vn,CenLand,Marketing Manager,logistics,25,0973833469
Lê Hữu Tâm,le.huu.tam.15810@vinamilk.vn,Vinamilk,Sales Director,ecommerce,25,0907723693
Trần Đức Sơn,tran.duc.son.15811@gmail.com,Thaco Industries,CTO,retail,10,0971414121
Lê Đức Sơn,le.duc.son.15812@gmail.com,Thaco Industries,Product Manager,ecommerce,500,0351565342
Hồ Minh Châu,ho.minh.chau.15813@momo.vn,MoMo,Marketing Manager,education,1500,0703550993
Vũ Ngọc Khánh,vu.ngoc.khanh.15814@pharmacity.vn,Pharmacity,Sales Director,fintech,250,0970828920
Bùi Hữu Lan,bui.huu.lan.15815@fptsoftware.vn,FPT Software,CFO,software,10,0706823922
Phạm Đức Việt,pham.duc.viet.15816@vinmec.vn,Vinmec,Head of Finance,ecommerce,120,0324650377
Đặng Hồng Quân,dang.hong.quan.15817@gemadeptlogi.vn,Gemadept Logistics,Kế toán trưởng,education,1500,0706279235
Phan Hồng Oanh,phan.hong.oanh.15818@gmail.com,Viet Tien Garment,CTO,healthcare,250,0908048510
Ngô Hồng An,ngo.hong.an.15819@thacoindustr.vn,Thaco Industries,CFO,manufacturing,50,0901609296
Võ Văn Quân,vo.van.quan.15820@fptsoftware.vn,FPT Software,CTO,software,1500,0704597512
Phan Thị Lan,phan.thi.lan.15821@gmail.com,Haravan,CTO,healthcare,120,0938190061
Dương Văn Tuấn,duong.van.tuan.15822@fptsoftware.vn,FPT Software,Operations Manager,manufacturing,25,0976823934
Lê Văn Tuấn,le.van.tuan.15823@gmail.com,Viet Tien Garment,Marketing Manager,retail,120,0862590012
Bùi Minh Oanh,bui.minh.oanh.15824@thecoffeehou.vn,The Coffee House,CEO,software,250,0862329616
Dương Minh Hùng,duong.minh.hung.15825@vinamilk.vn,Vinamilk,Marketing Manager,logistics,500,0909088369
Lý Thanh Giang,ly.thanh.giang.15826@topcv.vn,TopCV,Product Manager,manufacturing,50,0357261817
Nguyễn Thanh Hà,nguyen.thanh.ha.15827@duytanplasti.vn,Duy Tan Plastics,Sales Director,fintech,1500,0329222510
Hồ Minh Giang,ho.minh.giang.15828@viettiengarm.vn,Viet Tien Garment,CFO,fintech,500,0976556057
Phạm Đức Bình,pham.duc.binh.15829@kiotviet.vn,KiotViet,Head of Finance,fintech,25,0705720706
Vũ Ngọc Dũng,vu.ngoc.dung.15830@gmail.com,Vinmec,Marketing Manager,healthcare,1500,0706263152
Bùi Quang Khánh,bui.quang.khanh.15831@tiki.vn,Tiki,CEO,education,25,0708569596
Nguyễn Thị Hà,nguyen.thi.ha.15832@thecoffeehou.vn,The Coffee House,Sales Director,software,10,0974460920
Trần Thanh Tuấn,tran.thanh.tuan.15833@gmail.com,FPT Software,Operations Manager,manufacturing,50,0968007934
Bùi Thị Linh,bui.thi.linh.15834@hoaphat.vn,Hoà Phát,Marketing Manager,education,50,0321969837
Vũ Văn Bình,vu.van.binh.15835@thecoffeehou.vn,The Coffee House,Sales Director,fintech,50,0979059696
Lý Thanh Quân,ly.thanh.quan.15836@gmail.com,Tiki,Marketing Manager,retail,25,0329860318
Lê Ngọc Giang,le.ngoc.giang.15837@haravan.vn,Haravan,Kế toán trưởng,ecommerce,500,0700669997
Nguyễn Thị Quân,nguyen.thi.quan.15838@vinmec.vn,Vinmec,Head of Finance,manufacturing,25,0901214420
Nguyễn Hữu Sơn,nguyen.huu.son.15839@gmail.com,VNG Corporation,Procurement Manager,logistics,50,0703303462
Võ Đức Tuấn,vo.duc.tuan.15840@gemadeptlogi.vn,Gemadept Logistics,Product Manager,logistics,10,0901411249
Đỗ Minh Tuấn,do.minh.tuan.15841@tiki.vn,Tiki,Head of Finance,retail,25,0938108624
Phan Đức Châu,phan.duc.chau.15842@vinmec.vn,Vinmec,Kế toán trưởng,retail,500,0974031569
Võ Văn An,vo.van.an.15843@fptsoftware.vn,FPT Software,Kế toán trưởng,healthcare,25,0706669656
Lê Ngọc Khánh,le.ngoc.khanh.15844@basevn.vn,Base.vn,Head of Finance,ecommerce,50,0329362998
Trần Minh Hà,tran.minh.ha.15845@gmail.com,TopCV,Product Manager,logistics,25,0357404969
Hoàng Hữu Linh,hoang.huu.linh.15846@vinmec.vn,Vinmec,Kế toán trưởng,healthcare,1500,0935468582
Võ Hữu Mai,vo.huu.mai.15847@vngcorporati.vn,VNG Corporation,Product Manager,logistics,50,0919527211
Ngô Minh Quân,ngo.minh.quan.15848@shopeevietna.vn,Shopee Vietnam,CTO,ecommerce,10,0912372891
Hồ Thanh Khánh,ho.thanh.khanh.15849@viettiengarm.vn,Viet Tien Garment,Marketing Manager,manufacturing,500,0350727521
Trần Hồng Khánh,tran.hong.khanh.15850@vngcorporati.vn,VNG Corporation,Marketing Manager,education,500,0709534612
Hoàng Đức Quân,hoang.duc.quan.15851@gmail.com,Haravan,Procurement Manager,software,250,0869126728
Trần Ngọc Giang,tran.ngoc.giang.15852@thacoindustr.vn,Thaco Industries,CTO,logistics,250,0917122960
Dương Ngọc Nam,duong.ngoc.nam.15853@gmail.com,Haravan,Head of Finance,ecommerce,120,0861233430
Bùi Văn Việt,bui.van.viet.15854@basevn.vn,Base.vn,Head of Finance,healthcare,50,0964689658
Dương Văn Châu,duong.van.chau.15855@pnj.vn,PNJ,Head of Finance,retail,120,0930170350
Dương Hữu Oanh,duong.huu.oanh.15856@hoaphat.vn,Hoà Phát,Head of Finance,healthcare,1500,0973957433
Phan Ngọc Hùng,phan.ngoc.hung.15857@viettiengarm.vn,Viet Tien Garment,Kế toán trưởng,ecommerce,25,0867353448
Phan Minh Bình,phan.minh.binh.15858@topcv.vn,TopCV,Sales Director,healthcare,25,0325124903
Ngô Ngọc Lan,ngo.ngoc.lan.15859@topcv.vn,TopCV,Product Manager,healthcare,120,0931927639
Dương Xuân Châu,duong.xuan.chau.15860@gmail.com,Haravan,Procurement Manager,ecommerce,500,0350587202
Lý Hữu Nam,ly.huu.nam.15861@gmail.com,Haravan,CFO,ecommerce,250,0901511045
Ngô Quang Tuấn,ngo.quang.tuan.15862@shopeevietna.vn,Shopee Vietnam,CEO,education,50,0901991345
Võ Xuân Hùng,vo.xuan.hung.15863@cenland.vn,CenLand,CEO,ecommerce,120,0326087791
Hồ Xuân An,ho.xuan.an.15864@gmail.com,VNG Corporation,CEO,ecommerce,25,0708560007
Ngô Hồng Linh,ngo.hong.linh.15865@tiki.vn,Tiki,Marketing Manager,ecommerce,50,0911732248
Phan Thanh Tâm,phan.thanh.tam.15866@vinmec.vn,Vinmec,Head of Finance,healthcare,10,0901281288
Bùi Hữu Linh,bui.huu.linh.15867@pharmacity.vn,Pharmacity,Product Manager,logistics,120,0704351679
Hoàng Thị Oanh,hoang.thi.oanh.15868@tiki.vn,Tiki,Operations Manager,retail,500,0931085357
Đỗ Hữu Phúc,do.huu.phuc.15869@haravan.vn,Haravan,Head of Finance,retail,250,0961852430
Hồ Thanh Tuấn,ho.thanh.tuan.15870@haravan.vn,Haravan,CFO,software,120,0327519973
Đỗ Thanh Tuấn,do.thanh.tuan.15871@gmail.com,Vinamilk,Operations Manager,retail,250,0901842699
Đặng Thị Phúc,dang.thi.phuc.15872@gmail.com,FPT Software,CFO,ecommerce,500,0862878567
Nguyễn Hồng Việt,nguyen.hong.viet.15873@shopeevietna.vn,Shopee Vietnam,CTO,logistics,50,0321599691
Ngô Ngọc Châu,ngo.ngoc.chau.15874@momo.vn,MoMo,Operations Manager,logistics,10,0937993757
Trần Hữu An,tran.huu.an.15875@pharmacity.vn,Pharmacity,Procurement Manager,retail,1500,0909323182
Lê Ngọc Sơn,le.ngoc.son.15876@gmail.com,FPT Software,Operations Manager,logistics,25,0708818535
Lý Thị Tuấn,ly.thi.tuan.15877@hoaphat.vn,Hoà Phát,CEO,ecommerce,120,0324094375
Đặng Xuân Hùng,dang.xuan.hung.15878@thacoindustr.vn,Thaco Industries,CFO,manufacturing,10,0900760381
Lê Đức Bình,le.duc.binh.15879@gmail.com,KiotViet,Marketing Manager,retail,25,0865969242
Lê Quang Trang,le.quang.trang.15880@pnj.vn,PNJ,CEO,fintech,250,0963216342
Hồ Xuân Dũng,ho.xuan.dung.15881@gmail.com,KiotViet,Procurement Manager,logistics,1500,0918355972
Dương Hồng Tâm,duong.hong.tam.15882@thecoffeehou.vn,The Coffee House,CFO,fintech,120,0328459770
Hoàng Đức An,hoang.duc.an.15883@topcv.vn,TopCV,Sales Director,education,10,0968449859
Lê Thanh Hùng,le.thanh.hung.15884@gmail.com,The Coffee House,Sales Director,manufacturing,120,0326510334
Phan Thị Tuấn,phan.thi.tuan.15885@fptsoftware.vn,FPT Software,CEO,healthcare,10,0905110246
Võ Ngọc Tâm,vo.ngoc.tam.15886@hoaphat.vn,Hoà Phát,Product Manager,manufacturing,120,0969029428
Bùi Xuân Quân,bui.xuan.quan.15887@gmail.com,Hoà Phát,Marketing Manager,software,25,0325642937
Vũ Thanh Tâm,vu.thanh.tam.15888@vngcorporati.vn,VNG Corporation,CFO,manufacturing,500,0353546365
Lê Quang Mai,le.quang.mai.15889@cenland.vn,CenLand,Marketing Manager,software,25,0907488779
Lê Hồng Giang,le.hong.giang.15890@shopeevietna.vn,Shopee Vietnam,Kế toán trưởng,retail,250,0918984194
Đỗ Ngọc Oanh,do.ngoc.oanh.15891@hoaphat.vn,Hoà Phát,Marketing Manager,healthcare,120,0962032231
Trần Quang Bình,tran.quang.binh.15892@thacoindustr.vn,Thaco Industries,Head of Finance,retail,25,0868667496
Võ Minh Trang,vo.minh.trang.15893@thecoffeehou.vn,The Coffee House,CTO,ecommerce,25,0320040294
Hồ Hồng Hà,ho.hong.ha.15894@cenland.vn,CenLand,CFO,fintech,1500,0707769486
Phan Thanh Hà,phan.thanh.ha.15895@momo.vn,MoMo,Kế toán trưởng,logistics,50,0974377009
Lý Xuân Việt,ly.xuan.viet.15896@gmail.com,MoMo,CEO,healthcare,10,0931673593
Nguyễn Thị Trang,nguyen.thi.trang.15897@thacoindustr.vn,Thaco Industries,Head of Finance,logistics,120,0864562098
Hồ Thanh Lan,ho.thanh.lan.15898@gmail.com,Duy Tan Plastics,Product Manager,retail,1500,0972607368
Phan Văn Tuấn,phan.van.tuan.15899@vngcorporati.vn,VNG Corporation,Operations Manager,ecommerce,50,0967378849
Bùi Quang Tuấn,bui.quang.tuan.15900@shopeevietna.vn,Shopee Vietnam,CEO,education,10,0919573446
Bùi Văn Oanh,bui.van.oanh.15901@gmail.com,MoMo,Operations Manager,education,50,0913242022
Dương Văn Châu,duong.van.chau.15902@tiki.vn,Tiki,Operations Manager,manufacturing,1500,0357479081
Võ Hồng Quân,vo.hong.quan.15903@gmail.com,Shopee Vietnam,Kế toán trưởng,retail,500,0329465901
Bùi Ngọc Trang,bui.ngoc.trang.15904@gmail.com,Hoà Phát,CEO,manufacturing,500,0978615057
Hoàng Thanh Quân,hoang.thanh.quan.15905@duytanplasti.vn,Duy Tan Plastics,CFO,logistics,120,0860085564
Võ Văn Tâm,vo.van.tam.15906@gmail.com,Viet Tien Garment,Product Manager,fintech,25,0911478639
Ngô Hữu An,ngo.huu.an.15907@thecoffeehou.vn,The Coffee House,CEO,software,250,0868711224
Võ Ngọc Lan,vo.ngoc.lan.15908@viettiengarm.vn,Viet Tien Garment,Product Manager,software,120,0968546612
Bùi Minh Tuấn,bui.minh.tuan.15909@haravan.vn,Haravan,Product Manager,education,500,0704503721
Bùi Minh Hùng,bui.minh.hung.15910@thecoffeehou.vn,The Coffee House,Procurement Manager,retail,120,0358728583
Đặng Hữu Nam,dang.huu.nam.15911@gmail.com,Duy Tan Plastics,Product Manager,manufacturing,120,0863815153
Vũ Thanh Quân,vu.thanh.quan.15912@gmail.com,MoMo,Product Manager,software,10,0900738816
Nguyễn Xuân Hùng,nguyen.xuan.hung.15913@gmail.com,Viet Tien Garment,CFO,ecommerce,120,0701523742
Lê Quang Oanh,le.quang.oanh.15914@vinmec.vn,Vinmec,Sales Director,education,120,0918571894
Vũ Đức Giang,vu.duc.giang.15915@vinmec.vn,Vinmec,Kế toán trưởng,ecommerce,120,0962729298
Trần Hữu Tuấn,tran.huu.tuan.15916@vngcorporati.vn,VNG Corporation,Procurement Manager,retail,500,0917024123
Hồ Ngọc Khánh,ho.ngoc.khanh.15917@gmail.com,PNJ,Marketing Manager,education,120,0866116031
Ngô Minh Hà,ngo.minh.ha.15918@pharmacity.vn,Pharmacity,CTO,fintech,25,0862597729
Vũ Minh Giang,vu.minh.giang.15919@thecoffeehou.vn,The Coffee House,Product Manager,healthcare,10,0702519490
Phan Xuân Hà,phan.xuan.ha.15920@gmail.com,Duy Tan Plastics,CFO,software,25,0905023588
Lý Thị Phúc,ly.thi.phuc.15921@gmail.com,Tiki,Procurement Manager,education,1500,0701661994
Phạm Ngọc Phúc,pham.ngoc.phuc.15922@gmail.com,The Coffee House,Head of Finance,education,1500,0329090495
Phan Hồng Sơn,phan.hong.son.15923@shopeevietna.vn,Shopee Vietnam,CTO,ecommerce,120,0352650808
Lê Thanh Phúc,le.thanh.phuc.15924@haravan.vn,Haravan,Sales Director,software,500,0350825431
Lê Đức Giang,le.duc.giang.15925@gmail.com,Gemadept Logistics,CEO,retail,120,0972653427
Hồ Thị Giang,ho.thi.giang.15926@hoaphat.vn,Hoà Phát,CEO,retail,50,0860220504
Võ Thanh Việt,vo.thanh.viet.15927@thecoffeehou.vn,The Coffee House,CFO,logistics,50,0917187981
Lê Thị Giang,le.thi.giang.15928@gmail.com,CenLand,Sales Director,healthcare,50,0358000014
Dương Thị Lan,duong.thi.lan.15929@gmail.com,FPT Software,Sales Director,ecommerce,1500,0977077644
Nguyễn Xuân Trang,nguyen.xuan.trang.15930@momo.vn,MoMo,CFO,education,10,0910936712
Đỗ Văn Oanh,do.van.oanh.15931@fptsoftware.vn,FPT Software,CFO,healthcare,120,0907554173
Phạm Minh Giang,pham.minh.giang.15932@fptsoftware.vn,FPT Software,Product Manager,ecommerce,25,0975889066
Phan Đức Phúc,phan.duc.phuc.15933@gmail.com,Pharmacity,CEO,logistics,120,0706676117
Vũ Minh Hùng,vu.minh.hung.15934@gmail.com,TopCV,Sales Director,ecommerce,50,0911446436
Phan Quang Dũng,phan.quang.dung.15935@tiki.vn,Tiki,Sales Director,fintech,500,0919950548
Bùi Ngọc Phúc,bui.ngoc.phuc.15936@gmail.com,Viet Tien Garment,Sales Director,logistics,1500,0358396221
Vũ Hữu Tâm,vu.huu.tam.15937@vinmec.vn,Vinmec,Procurement Manager,software,10,0865834045
Hồ Thị Mai,ho.thi.mai.15938@tiki.vn,Tiki,Kế toán trưởng,healthcare,50,0918704122
Đỗ Đức Khánh,do.duc.khanh.15939@gmail.com,Thaco Industries,Kế toán trưởng,software,1500,0328871164
Võ Văn Mai,vo.van.mai.15940@gmail.com,The Coffee House,Head of Finance,software,500,0932565432
Vũ Thị Hùng,vu.thi.hung.15941@vinmec.vn,Vinmec,Kế toán trưởng,fintech,1500,0966303836
Bùi Ngọc Trang,bui.ngoc.trang.15942@gmail.com,Tiki,CFO,healthcare,50,0350833851
Võ Hồng Dũng,vo.hong.dung.15943@kiotviet.vn,KiotViet,CFO,manufacturing,25,0861779433
Lê Quang Lan,le.quang.lan.15944@gmail.com,Gemadept Logistics,Head of Finance,ecommerce,1500,0326676315
Đỗ Minh Tuấn,do.minh.tuan.15945@thacoindustr.vn,Thaco Industries,Sales Director,retail,500,0931530275
Phan Thị Khánh,phan.thi.khanh.15946@haravan.vn,Haravan,Operations Manager,retail,120,0860176056
Lê Hữu Mai,le.huu.mai.15947@gmail.com,Pharmacity,Kế toán trưởng,education,1500,0932184682
Lý Đức Lan,ly.duc.lan.15948@gmail.com,Vinmec,CTO,retail,50,0937205067
Lê Xuân Bình,le.xuan.binh.15949@viettiengarm.vn,Viet Tien Garment,CTO,logistics,1500,0979704653
Trần Quang Tuấn,tran.quang.tuan.15950@gmail.com,VNG Corporation,CEO,manufacturing,10,0960426870
Đỗ Quang Khánh,do.quang.khanh.15951@thecoffeehou.vn,The Coffee House,Sales Director,retail,50,0970813586
Trần Thị Mai,tran.thi.mai.15952@pharmacity.vn,Pharmacity,CEO,healthcare,120,0970082441
Hoàng Văn Quân,hoang.van.quan.15953@hoaphat.vn,Hoà Phát,CFO,education,25,0965459826
Đỗ Văn Việt,do.van.viet.15954@hoaphat.vn,Hoà Phát,Marketing Manager,manufacturing,1500,0965616003
Vũ Thanh Linh,vu.thanh.linh.15955@topcv.vn,TopCV,Marketing Manager,healthcare,250,0907208940
Võ Văn Hà,vo.van.ha.15956@kiotviet.vn,KiotViet,Product Manager,software,50,0979898429
Hồ Quang Phúc,ho.quang.phuc.15957@vinamilk.vn,Vinamilk,Sales Director,fintech,120,0971498730
Lý Văn Tâm,ly.van.tam.15958@shopeevietna.vn,Shopee Vietnam,Product Manager,ecommerce,1500,0972461904
Hồ Thị Oanh,ho.thi.oanh.15959@gmail.com,The Coffee House,CEO,healthcare,25,0706392832
Trần Đức Giang,tran.duc.giang.15960@viettiengarm.vn,Viet Tien Garment,Marketing Manager,education,50,0906245216
Võ Hồng Bình,vo.hong.binh.15961@thacoindustr.vn,Thaco Industries,Operations Manager,ecommerce,500,0322377071
Hồ Hồng Giang,ho.hong.giang.15962@basevn.vn,Base.vn,Procurement Manager,software,25,0350152589
Võ Hồng Việt,vo.hong.viet.15963@gmail.com,Pharmacity,Kế toán trưởng,retail,1500,0934069306
Phạm Minh Giang,pham.minh.giang.15964@pnj.vn,PNJ,CFO,ecommerce,250,0907159612
Nguyễn Thanh Việt,nguyen.thanh.viet.15965@gmail.com,Base.vn,Operations Manager,logistics,25,0935216610
Phạm Minh Dũng,pham.minh.dung.15966@fptsoftware.vn,FPT Software,Marketing Manager,retail,1500,0352561505
Vũ Hữu Nam,vu.huu.nam.15967@hoaphat.vn,Hoà Phát,Procurement Manager,logistics,25,0976507997
Đặng Văn Tâm,dang.van.tam.15968@thecoffeehou.vn,The Coffee House,Kế toán trưởng,fintech,1500,0961778442
Đỗ Thanh Nam,do.thanh.nam.15969@duytanplasti.vn,Duy Tan Plastics,CFO,ecommerce,500,0900998215
Phạm Hữu Khánh,pham.huu.khanh.15970@thacoindustr.vn,Thaco Industries,Procurement Manager,software,120,0350269801
Lý Xuân Lan,ly.xuan.lan.15971@thecoffeehou.vn,The Coffee House,Operations Manager,ecommerce,50,0917093915
Vũ Hữu Phúc,vu.huu.phuc.15972@thecoffeehou.vn,The Coffee House,Kế toán trưởng,fintech,250,0868501046
Vũ Thanh Khánh,vu.thanh.khanh.15973@haravan.vn,Haravan,Marketing Manager,manufacturing,120,0356905857
Dương Minh Sơn,duong.minh.son.15974@pnj.vn,PNJ,CEO,education,250,0967043090
Nguyễn Ngọc An,nguyen.ngoc.an.15975@vinmec.vn,Vinmec,Head of Finance,software,10,0354750532
Trần Đức Tuấn,tran.duc.tuan.15976@gmail.com,PNJ,CFO,fintech,250,0329658247
Nguyễn Thanh Tuấn,nguyen.thanh.tuan.15977@gmail.com,FPT Software,CTO,manufacturing,250,0903753446
Hồ Ngọc Quân,ho.ngoc.quan.15978@viettiengarm.vn,Viet Tien Garment,Product Manager,logistics,1500,0938260199
Phan Văn Nam,phan.van.nam.15979@cenland.vn,CenLand,CEO,manufacturing,1500,0708232644
Hồ Hữu Tâm,ho.huu.tam.15980@vinamilk.vn,Vinamilk,Kế toán trưởng,fintech,1500,0354071674
Đỗ Văn Trang,do.van.trang.15981@pharmacity.vn,Pharmacity,Procurement Manager,healthcare,10,0967377573
Ngô Đức Hà,ngo.duc.ha.15982@gmail.com,Vinamilk,Product Manager,education,500,0911076083
Phạm Hữu Khánh,pham.huu.khanh.15983@vngcorporati.vn,VNG Corporation,CFO,education,50,0862783514
Hoàng Hữu Sơn,hoang.huu.son.15984@pharmacity.vn,Pharmacity,Marketing Manager,education,120,0918312048
Phạm Thanh Linh,pham.thanh.linh.15985@vngcorporati.vn,VNG Corporation,Operations Manager,ecommerce,1500,0323553446
Đỗ Quang Lan,do.quang.lan.15986@momo.vn,MoMo,CEO,ecommerce,120,0932998971
Phan Ngọc Lan,phan.ngoc.lan.15987@vinmec.vn,Vinmec,Procurement Manager,ecommerce,25,0966899391
Dương Thị Châu,duong.thi.chau.15988@gmail.com,CenLand,Operations Manager,logistics,250,0919324735
Đặng Thanh Tâm,dang.thanh.tam.15989@topcv.vn,TopCV,CEO,logistics,50,0975749776
Võ Hữu Sơn,vo.huu.son.15990@vinmec.vn,Vinmec,CEO,education,10,0912459952
Bùi Quang An,bui.quang.an.15991@viettiengarm.vn,Viet Tien Garment,Operations Manager,manufacturing,120,0865617178
Đỗ Văn Khánh,do.van.khanh.15992@fptsoftware.vn,FPT Software,Marketing Manager,healthcare,120,0965817598
Lý Thanh Châu,ly.thanh.chau.15993@gmail.com,Tiki,CFO,healthcare,50,0907590182
Trần Thanh Tuấn,tran.thanh.tuan.15994@pharmacity.vn,Pharmacity,Head of Finance,logistics,1500,0329763617
Phạm Đức Việt,pham.duc.viet.15995@gmail.com,Gemadept Logistics,Kế toán trưởng,manufacturing,50,0703635120
Phạm Hồng Khánh,pham.hong.khanh.15996@pnj.vn,PNJ,Procurement Manager,logistics,120,0325632204
Hồ Hồng Mai,ho.hong.mai.15997@duytanplasti.vn,Duy Tan Plastics,CEO,fintech,120,0868439965
Lê Xuân Tâm,le.xuan.tam.15998@cenland.vn,CenLand,Operations Manager,manufacturing,25,0960352846
Hồ Đức Hà,ho.duc.ha.15999@hoaphat.vn,Hoà Phát,CTO,healthcare,1500,0916491902
Hồ Văn Sơn,ho.van.son.16000@duytanplasti.vn,Duy Tan Plastics,Operations Manager,manufacturing,10,0322902108
Đỗ Xuân Tuấn,do.xuan.tuan.16001@gmail.com,Haravan,Kế toán trưởng,healthcare,25,0701523351
Bùi Xuân Quân,bui.xuan.quan.16002@thecoffeehou.vn,The Coffee House,CEO,healthcare,50,0901504558
Phan Xuân Hà,phan.xuan.ha.16003@haravan.vn,Haravan,Kế toán trưởng,healthcare,500,0913882902
Lý Thị Linh,ly.thi.linh.16004@duytanplasti.vn,Duy Tan Plastics,Head of Finance,education,1500,0964717729
Đặng Thị Phúc,dang.thi.phuc.16005@gmail.com,VNG Corporation,Head of Finance,healthcare,50,0919098199
Nguyễn Minh Hà,nguyen.minh.ha.16006@gemadeptlogi.vn,Gemadept Logistics,Product Manager,logistics,250,0964003498
Trần Ngọc Quân,tran.ngoc.quan.16007@gemadeptlogi.vn,Gemadept Logistics,Head of Finance,manufacturing,10,0701242929
Phạm Thanh Châu,pham.thanh.chau.16008@gmail.com,KiotViet,Head of Finance,logistics,500,0919669368
Dương Minh Mai,duong.minh.mai.16009@gmail.com,Haravan,Operations Manager,logistics,50,0351685932
Bùi Quang Sơn,bui.quang.son.16010@gmail.com,Vinamilk,Product Manager,education,500,0931835266
Ngô Hồng Giang,ngo.hong.giang.16011@tiki.vn,Tiki,Head of Finance,education,120,0355894307
Lý Thị Oanh,ly.thi.oanh.16012@gmail.com,TopCV,CEO,ecommerce,25,0865987433
Hoàng Đức Lan,hoang.duc.lan.16013@gmail.com,Thaco Industries,Product Manager,ecommerce,500,0351989545
Trần Văn Hà,tran.van.ha.16014@momo.vn,MoMo,Procurement Manager,fintech,25,0914312844
Nguyễn Văn Giang,nguyen.van.giang.16015@cenland.vn,CenLand,CFO,manufacturing,1500,0701872422
Đặng Thanh Việt,dang.thanh.viet.16016@kiotviet.vn,KiotViet,CTO,retail,10,0861384703
Bùi Ngọc Việt,bui.ngoc.viet.16017@gmail.com,VNG Corporation,Product Manager,retail,120,0865986341
Lê Hữu Hà,le.huu.ha.16018@gmail.com,FPT Software,Head of Finance,software,120,0910137050
Ngô Quang Hùng,ngo.quang.hung.16019@haravan.vn,Haravan,Head of Finance,software,50,0905003820
Bùi Văn Trang,bui.van.trang.16020@thacoindustr.vn,Thaco Industries,Product Manager,software,1500,0973612941
Đặng Ngọc Linh,dang.ngoc.linh.16021@pnj.vn,PNJ,CTO,retail,10,0916861244
Bùi Thị Việt,bui.thi.viet.16022@topcv.vn,TopCV,CFO,education,250,0963504097
Lý Hồng Giang,ly.hong.giang.16023@viettiengarm.vn,Viet Tien Garment,CFO,manufacturing,120,0969010482
Bùi Hữu Lan,bui.huu.lan.16024@gmail.com,Gemadept Logistics,CTO,software,250,0704397390
Đỗ Văn Châu,do.van.chau.16025@basevn.vn,Base.vn,Operations Manager,education,120,0708815637
Đặng Thanh Châu,dang.thanh.chau.16026@gmail.com,Duy Tan Plastics,Kế toán trưởng,education,10,0978270713
Vũ Quang Nam,vu.quang.nam.16027@vinamilk.vn,Vinamilk,Marketing Manager,education,50,0900649832
Hồ Ngọc Quân,ho.ngoc.quan.16028@fptsoftware.vn,FPT Software,Head of Finance,fintech,1500,0975303292
Lý Đức Hùng,ly.duc.hung.16029@vinamilk.vn,Vinamilk,CTO,logistics,50,0868810396
Võ Minh Hà,vo.minh.ha.16030@hoaphat.vn,Hoà Phát,CTO,healthcare,500,0350353743
Lê Văn Oanh,le.van.oanh.16031@gmail.com,Vinamilk,Operations Manager,ecommerce,10,0867087482
Ngô Xuân Lan,ngo.xuan.lan.16032@gmail.com,PNJ,Marketing Manager,ecommerce,250,0868353257
Lê Quang Châu,le.quang.chau.16033@vinmec.vn,Vinmec,Marketing Manager,fintech,1500,0976706464
Đặng Ngọc Trang,dang.ngoc.trang.16034@fptsoftware.vn,FPT Software,CEO,software,50,0934982615
Bùi Đức An,bui.duc.an.16035@thacoindustr.vn,Thaco Industries,CEO,manufacturing,50,0964142211
Ngô Văn Quân,ngo.van.quan.16036@thecoffeehou.vn,The Coffee House,Kế toán trưởng,education,500,0869569273
Đỗ Hữu Việt,do.huu.viet.16037@thacoindustr.vn,Thaco Industries,Kế toán trưởng,retail,250,0913687971
Đỗ Ngọc Oanh,do.ngoc.oanh.16038@kiotviet.vn,KiotViet,Procurement Manager,logistics,120,0934597912
Lý Xuân Sơn,ly.xuan.son.16039@vinamilk.vn,Vinamilk,Procurement Manager,logistics,500,0709311773
Phan Thị Oanh,phan.thi.oanh.16040@momo.vn,MoMo,CFO,ecommerce,10,0965083536
Phạm Ngọc Phúc,pham.ngoc.phuc.16041@duytanplasti.vn,Duy Tan Plastics,Marketing Manager,manufacturing,10,0329949190
Hoàng Thị Trang,hoang.thi.trang.16042@shopeevietna.vn,Shopee Vietnam,Operations Manager,retail,250,0861685220
Võ Hữu Giang,vo.huu.giang.16043@thecoffeehou.vn,The Coffee House,CFO,healthcare,500,0933624182
Võ Hồng Hà,vo.hong.ha.16044@fptsoftware.vn,FPT Software,CFO,healthcare,500,0705299310
Vũ Thị Giang,vu.thi.giang.16045@gmail.com,Tiki,Procurement Manager,retail,120,0963070331
Phạm Hữu Giang,pham.huu.giang.16046@cenland.vn,CenLand,Head of Finance,logistics,250,0860314558
Hoàng Quang Dũng,hoang.quang.dung.16047@gmail.com,The Coffee House,Marketing Manager,software,1500,0869990539
Phan Ngọc Bình,phan.ngoc.binh.16048@gmail.com,Haravan,CEO,fintech,500,0866269101
Nguyễn Thanh Sơn,nguyen.thanh.son.16049@gmail.com,CenLand,Head of Finance,fintech,1500,0903687507
Hồ Quang Oanh,ho.quang.oanh.16050@hoaphat.vn,Hoà Phát,Operations Manager,fintech,120,0971892478
Vũ Văn Bình,vu.van.binh.16051@viettiengarm.vn,Viet Tien Garment,Sales Director,ecommerce,25,0358312050
Lý Minh Khánh,ly.minh.khanh.16052@gemadeptlogi.vn,Gemadept Logistics,CTO,healthcare,250,0860518291
Ngô Minh Tuấn,ngo.minh.tuan.16053@gmail.com,Tiki,Marketing Manager,education,500,0906188437
Đặng Hồng Trang,dang.hong.trang.16054@viettiengarm.vn,Viet Tien Garment,CEO,fintech,10,0706991036
Phạm Ngọc Giang,pham.ngoc.giang.16055@tiki.vn,Tiki,Product Manager,ecommerce,120,0933017435
Lê Minh Oanh,le.minh.oanh.16056@viettiengarm.vn,Viet Tien Garment,Kế toán trưởng,retail,120,0351435509
Trần Hồng Nam,tran.hong.nam.16057@fptsoftware.vn,FPT Software,Head of Finance,fintech,250,0708526056
Ngô Đức Khánh,ngo.duc.khanh.16058@hoaphat.vn,Hoà Phát,Product Manager,education,25,0327902208
Nguyễn Đức Phúc,nguyen.duc.phuc.16059@momo.vn,MoMo,CTO,manufacturing,50,0967975126
Dương Văn Hà,duong.van.ha.16060@haravan.vn,Haravan,Kế toán trưởng,software,50,0939941729
Phan Thị Bình,phan.thi.binh.16061@vngcorporati.vn,VNG Corporation,Head of Finance,education,250,0326472132
Hoàng Văn Phúc,hoang.van.phuc.16062@momo.vn,MoMo,CEO,logistics,25,0906751224
Đặng Xuân Trang,dang.xuan.trang.16063@pharmacity.vn,Pharmacity,Marketing Manager,logistics,250,0978371956
Đặng Đức Tâm,dang.duc.tam.16064@gmail.com,Base.vn,Product Manager,ecommerce,10,0861760877
Hoàng Thị Oanh,hoang.thi.oanh.16065@gmail.com,FPT Software,Head of Finance,logistics,10,0912805164
Vũ Ngọc Mai,vu.ngoc.mai.16066@gmail.com,Duy Tan Plastics,Marketing Manager,manufacturing,50,0867305167
Đặng Thanh Sơn,dang.thanh.son.16067@cenland.vn,CenLand,Kế toán trưởng,manufacturing,10,0961572595
Lý Ngọc Trang,ly.ngoc.trang.16068@duytanplasti.vn,Duy Tan Plastics,CTO,education,1500,0861533980
Ngô Hồng Hùng,ngo.hong.hung.16069@gmail.com,Vinamilk,CTO,retail,50,0321235398
Lê Hồng Mai,le.hong.mai.16070@gmail.com,MoMo,CFO,software,250,0934163198
Võ Thanh Dũng,vo.thanh.dung.16071@momo.vn,MoMo,CFO,logistics,120,0907976413
Bùi Thị Tâm,bui.thi.tam.16072@gmail.com,CenLand,Marketing Manager,logistics,50,0323091319
Võ Hữu Quân,vo.huu.quan.16073@fptsoftware.vn,FPT Software,Sales Director,ecommerce,250,0869758382
Hồ Quang Hùng,ho.quang.hung.16074@tiki.vn,Tiki,Kế toán trưởng,retail,25,0328134058
Phan Ngọc Nam,phan.ngoc.nam.16075@gmail.com,Base.vn,Sales Director,software,50,0867406390
Phan Hồng Việt,phan.hong.viet.16076@vinmec.vn,Vinmec,Marketing Manager,fintech,50,0862836013
Dương Quang Lan,duong.quang.lan.16077@vngcorporati.vn,VNG Corporation,CEO,manufacturing,500,0700913135
Lê Thị Tuấn,le.thi.tuan.16078@fptsoftware.vn,FPT Software,Product Manager,ecommerce,250,0962186137
Ngô Văn Giang,ngo.van.giang.16079@gemadeptlogi.vn,Gemadept Logistics,Product Manager,healthcare,25,0904963784
Bùi Văn Trang,bui.van.trang.16080@gmail.com,Gemadept Logistics,Marketing Manager,healthcare,1500,0704384992
Phan Hồng Nam,phan.hong.nam.16081@vngcorporati.vn,VNG Corporation,Procurement Manager,software,1500,0903078051
Lý Hồng Dũng,ly.hong.dung.16082@pnj.vn,PNJ,Kế toán trưởng,retail,10,0911482486
Phạm Hữu Tâm,pham.huu.tam.16083@vinmec.vn,Vinmec,Marketing Manager,retail,1500,0936211343
Đặng Ngọc Lan,dang.ngoc.lan.16084@gmail.com,Thaco Industries,Procurement Manager,logistics,25,0977147921
Dương Hồng Hà,duong.hong.ha.16085@topcv.vn,TopCV,Kế toán trưởng,ecommerce,250,0708016184
Vũ Thanh Linh,vu.thanh.linh.16086@pharmacity.vn,Pharmacity,Head of Finance,software,50,0861759482
Hoàng Quang Hà,hoang.quang.ha.16087@cenland.vn,CenLand,CFO,education,1500,0915452030
Nguyễn Xuân Châu,nguyen.xuan.chau.16088@kiotviet.vn,KiotViet,Operations Manager,ecommerce,120,0701251442
Phạm Thị Khánh,pham.thi.khanh.16089@haravan.vn,Haravan,Kế toán trưởng,retail,10,0975021562
Trần Minh Trang,tran.minh.trang.16090@pharmacity.vn,Pharmacity,Procurement Manager,healthcare,25,0351007856
Ngô Quang Nam,ngo.quang.nam.16091@tiki.vn,Tiki,Kế toán trưởng,software,120,0903279208
Ngô Xuân Việt,ngo.xuan.viet.16092@gmail.com,VNG Corporation,Marketing Manager,ecommerce,120,0355264412
Ngô Ngọc Khánh,ngo.ngoc.khanh.16093@gmail.com,Shopee Vietnam,Procurement Manager,education,120,0976774124
Trần Thanh Mai,tran.thanh.mai.16094@vngcorporati.vn,VNG Corporation,CFO,logistics,500,0975613101
Vũ Hồng Oanh,vu.hong.oanh.16095@pharmacity.vn,Pharmacity,CTO,fintech,50,0328678165
Hồ Đức Bình,ho.duc.binh.16096@momo.vn,MoMo,CTO,logistics,10,0907481229
Võ Hữu Hà,vo.huu.ha.16097@gmail.com,VNG Corporation,Kế toán trưởng,healthcare,50,0900042942
Hoàng Hữu Nam,hoang.huu.nam.16098@thacoindustr.vn,Thaco Industries,Marketing Manager,manufacturing,10,0352484767
Phan Thanh Sơn,phan.thanh.son.16099@tiki.vn,Tiki,Product Manager,logistics,250,0975660378
Bùi Thanh Nam,bui.thanh.nam.16100@kiotviet.vn,KiotViet,Marketing Manager,software,500,0352755674
Đặng Hồng Linh,dang.hong.linh.16101@gmail.com,Tiki,Product Manager,healthcare,120,0355947909
Trần Quang Phúc,tran.quang.phuc.16102@pharmacity.vn,Pharmacity,CFO,retail,50,0904221781
Lý Hồng Việt,ly.hong.viet.16103@hoaphat.vn,Hoà Phát,Kế toán trưởng,manufacturing,25,0979290249
Phan Ngọc Lan,phan.ngoc.lan.16104@haravan.vn,Haravan,CFO,healthcare,250,0979587921
Vũ Đức An,vu.duc.an.16105@gmail.com,MoMo,Procurement Manager,software,120,0908184916
Dương Minh Linh,duong.minh.linh.16106@duytanplasti.vn,Duy Tan Plastics,Kế toán trưởng,ecommerce,500,0861800967
Vũ Ngọc Phúc,vu.ngoc.phuc.16107@gemadeptlogi.vn,Gemadept Logistics,CFO,ecommerce,120,0962943383
Phạm Quang Hà,pham.quang.ha.16108@pharmacity.vn,Pharmacity,Operations Manager,software,1500,0326999383
Phạm Xuân Mai,pham.xuan.mai.16109@tiki.vn,Tiki,Sales Director,retail,10,0704773004
Lý Đức Oanh,ly.duc.oanh.16110@viettiengarm.vn,Viet Tien Garment,Head of Finance,manufacturing,25,0324184646
Trần Ngọc Nam,tran.ngoc.nam.16111@gmail.com,Base.vn,Head of Finance,education,500,0867541369
Trần Ngọc Khánh,tran.ngoc.khanh.16112@gmail.com,VNG Corporation,Product Manager,ecommerce,25,0961435472
Đặng Văn Tâm,dang.van.tam.16113@vngcorporati.vn,VNG Corporation,CFO,retail,50,0907465918
Lý Ngọc Nam,ly.ngoc.nam.16114@vinmec.vn,Vinmec,Product Manager,retail,250,0321701305
Hoàng Đức Tâm,hoang.duc.tam.16115@gmail.com,Tiki,Marketing Manager,manufacturing,250,0977123921
Ngô Hồng An,ngo.hong.an.16116@thacoindustr.vn,Thaco Industries,Procurement Manager,software,50,0973185476
Phan Ngọc Dũng,phan.ngoc.dung.16117@tiki.vn,Tiki,CFO,education,25,0933715829
Đặng Minh Sơn,dang.minh.son.16118@gmail.com,Vinamilk,CEO,software,500,0938807238
Bùi Xuân Sơn,bui.xuan.son.16119@gmail.com,MoMo,Procurement Manager,ecommerce,500,0706342226
Võ Minh Việt,vo.minh.viet.16120@topcv.vn,TopCV,Head of Finance,retail,250,0904768761
Ngô Thị Linh,ngo.thi.linh.16121@gmail.com,PNJ,CTO,logistics,1500,0935294815
Đỗ Minh Khánh,do.minh.khanh.16122@tiki.vn,Tiki,Marketing Manager,fintech,120,0329102913
Ngô Minh Dũng,ngo.minh.dung.16123@cenland.vn,CenLand,Product Manager,software,120,0911680112
Phan Thanh Tuấn,phan.thanh.tuan.16124@hoaphat.vn,Hoà Phát,Product Manager,fintech,250,0937923462
Dương Đức Hà,duong.duc.ha.16125@hoaphat.vn,Hoà Phát,Procurement Manager,manufacturing,50,0965187308
Hoàng Ngọc Hùng,hoang.ngoc.hung.16126@basevn.vn,Base.vn,Operations Manager,logistics,25,0867245286
Võ Minh Tuấn,vo.minh.tuan.16127@vinamilk.vn,Vinamilk,CEO,logistics,500,0865346444
Võ Thị Trang,vo.thi.trang.16128@viettiengarm.vn,Viet Tien Garment,Operations Manager,education,500,0933554096
Võ Văn Giang,vo.van.giang.16129@gemadeptlogi.vn,Gemadept Logistics,CFO,education,25,0939194480
Ngô Thị Phúc,ngo.thi.phuc.16130@viettiengarm.vn,Viet Tien Garment,Procurement Manager,logistics,500,0707185922
Lý Đức Tâm,ly.duc.tam.16131@kiotviet.vn,KiotViet,Procurement Manager,retail,50,0356614705
Đặng Hữu Hùng,dang.huu.hung.16132@pharmacity.vn,Pharmacity,Head of Finance,ecommerce,25,0867141776
Võ Thị Khánh,vo.thi.khanh.16133@gemadeptlogi.vn,Gemadept Logistics,Kế toán trưởng,fintech,1500,0913066318
Hoàng Văn Hà,hoang.van.ha.16134@topcv.vn,TopCV,Operations Manager,software,1500,0975062684
Phạm Hữu Tuấn,pham.huu.tuan.16135@gemadeptlogi.vn,Gemadept Logistics,Sales Director,retail,250,0357383336
Hoàng Thị Quân,hoang.thi.quan.16136@kiotviet.vn,KiotViet,Kế toán trưởng,retail,500,0353003194
Võ Ngọc Mai,vo.ngoc.mai.16137@gemadeptlogi.vn,Gemadept Logistics,Product Manager,software,120,0911227932
Hoàng Xuân Hà,hoang.xuan.ha.16138@vinamilk.vn,Vinamilk,CTO,education,1500,0867775694
Phan Ngọc Mai,phan.ngoc.mai.16139@gemadeptlogi.vn,Gemadept Logistics,CTO,education,25,0910515926
Lý Thị Mai,ly.thi.mai.16140@vngcorporati.vn,VNG Corporation,Head of Finance,education,1500,0352487571
Dương Hữu Châu,duong.huu.chau.16141@vinamilk.vn,Vinamilk,CFO,retail,120,0320019959
Phạm Thanh Dũng,pham.thanh.dung.16142@momo.vn,MoMo,Operations Manager,education,500,0932361994
Lý Hồng Phúc,ly.hong.phuc.16143@gmail.com,Duy Tan Plastics,Head of Finance,fintech,250,0911264304
Hồ Minh Tuấn,ho.minh.tuan.16144@vinamilk.vn,Vinamilk,Procurement Manager,logistics,120,0909126041
Bùi Hữu Khánh,bui.huu.khanh.16145@gmail.com,MoMo,Operations Manager,education,120,0868713880
Dương Văn Lan,duong.van.lan.16146@thecoffeehou.vn,The Coffee House,Marketing Manager,healthcare,120,0706308229
Phan Hồng Việt,phan.hong.viet.16147@gmail.com,Pharmacity,Kế toán trưởng,fintech,120,0971408619
Hồ Thanh Lan,ho.thanh.lan.16148@tiki.vn,Tiki,Product Manager,education,250,0915443436
Vũ Văn Tâm,vu.van.tam.16149@viettiengarm.vn,Viet Tien Garment,Procurement Manager,fintech,50,0353743801
Nguyễn Văn Linh,nguyen.van.linh.16150@gmail.com,MoMo,Head of Finance,manufacturing,50,0903559033
Vũ Xuân Nam,vu.xuan.nam.16151@basevn.vn,Base.vn,Product Manager,logistics,50,0971330370
Dương Quang Mai,duong.quang.mai.16152@shopeevietna.vn,Shopee Vietnam,Sales Director,retail,500,0966564451
Nguyễn Hữu Tâm,nguyen.huu.tam.16153@gmail.com,Haravan,CEO,manufacturing,500,0973954904
Hồ Văn Linh,ho.van.linh.16154@shopeevietna.vn,Shopee Vietnam,CFO,software,50,0977836433
Phạm Hữu Oanh,pham.huu.oanh.16155@shopeevietna.vn,Shopee Vietnam,CFO,software,25,0960125622
Võ Đức Giang,vo.duc.giang.16156@kiotviet.vn,KiotViet,Head of Finance,logistics,50,0907397783
Trần Thanh Phúc,tran.thanh.phuc.16157@hoaphat.vn,Hoà Phát,Product Manager,retail,10,0935744241
Nguyễn Văn Phúc,nguyen.van.phuc.16158@thacoindustr.vn,Thaco Industries,Product Manager,education,120,0935410567
Phan Xuân Giang,phan.xuan.giang.16159@momo.vn,MoMo,Head of Finance,fintech,120,0977492785
Dương Thị Bình,duong.thi.binh.16160@gmail.com,Base.vn,Operations Manager,software,25,0862822144
Ngô Hữu Linh,ngo.huu.linh.16161@thecoffeehou.vn,The Coffee House,CFO,ecommerce,10,0355305208
Bùi Ngọc Lan,bui.ngoc.lan.16162@vngcorporati.vn,VNG Corporation,Marketing Manager,logistics,500,0916963389
Phạm Hữu Giang,pham.huu.giang.16163@shopeevietna.vn,Shopee Vietnam,Procurement Manager,fintech,50,0359299061
Dương Hồng Mai,duong.hong.mai.16164@gmail.com,MoMo,Sales Director,fintech,500,0358948189
Võ Xuân Sơn,vo.xuan.son.16165@thecoffeehou.vn,The Coffee House,Marketing Manager,logistics,500,0354125704
Dương Thanh Nam,duong.thanh.nam.16166@gmail.com,VNG Corporation,Operations Manager,logistics,25,0323298007
Lê Thị Lan,le.thi.lan.16167@hoaphat.vn,Hoà Phát,Kế toán trưởng,retail,250,0913412344
Hồ Hữu Việt,ho.huu.viet.16168@kiotviet.vn,KiotViet,Marketing Manager,healthcare,250,0353491297
Hoàng Ngọc Bình,hoang.ngoc.binh.16169@pharmacity.vn,Pharmacity,Operations Manager,fintech,25,0907147751
Hồ Quang Sơn,ho.quang.son.16170@gmail.com,FPT Software,Product Manager,fintech,250,0356329557
Phan Quang Bình,phan.quang.binh.16171@topcv.vn,TopCV,Head of Finance,ecommerce,500,0910975238
Nguyễn Minh Châu,nguyen.minh.chau.16172@hoaphat.vn,Hoà Phát,Procurement Manager,fintech,50,0913523880
Đỗ Đức Giang,do.duc.giang.16173@gmail.com,The Coffee House,CEO,education,1500,0970655282
Phạm Đức Quân,pham.duc.quan.16174@shopeevietna.vn,Shopee Vietnam,CTO,retail,1500,0970314644
Lý Quang Hà,ly.quang.ha.16175@gmail.com,MoMo,Kế toán trưởng,retail,50,0930615177
Hoàng Ngọc Quân,hoang.ngoc.quan.16176@cenland.vn,CenLand,CFO,retail,10,0906760159
Đặng Ngọc Phúc,dang.ngoc.phuc.16177@gmail.com,FPT Software,Product Manager,fintech,120,0323942164
Lê Hồng Việt,le.hong.viet.16178@vinamilk.vn,Vinamilk,Procurement Manager,manufacturing,10,0901071636
Phạm Văn Trang,pham.van.trang.16179@thecoffeehou.vn,The Coffee House,Marketing Manager,fintech,10,0902626045
Ngô Văn Việt,ngo.van.viet.16180@kiotviet.vn,KiotViet,Product Manager,education,250,0906022672
Lý Hồng Oanh,ly.hong.oanh.16181@fptsoftware.vn,FPT Software,CEO,healthcare,10,0705092587
Vũ Xuân Bình,vu.xuan.binh.16182@kiotviet.vn,KiotViet,CEO,logistics,1500,0930427439
Phạm Đức An,pham.duc.an.16183@cenland.vn,CenLand,Marketing Manager,education,250,0326106785
Ngô Minh Hùng,ngo.minh.hung.16184@vngcorporati.vn,VNG Corporation,Sales Director,retail,1500,0323922982
Dương Hồng Hùng,duong.hong.hung.16185@cenland.vn,CenLand,Marketing Manager,manufacturing,25,0960348660
Võ Ngọc Linh,vo.ngoc.linh.16186@vinmec.vn,Vinmec,Marketing Manager,retail,1500,0864218466
Đặng Văn Phúc,dang.van.phuc.16187@gmail.com,KiotViet,Product Manager,software,500,0329973901
Đặng Quang Hà,dang.quang.ha.16188@cenland.vn,CenLand,Sales Director,software,10,0907429662
Hoàng Hồng Lan,hoang.hong.lan.16189@viettiengarm.vn,Viet Tien Garment,Procurement Manager,healthcare,120,0912739872
Lý Hữu Tâm,ly.huu.tam.16190@hoaphat.vn,Hoà Phát,Product Manager,retail,1500,0354049979
Lê Minh Giang,le.minh.giang.16191@gmail.com,MoMo,Sales Director,fintech,120,0970812125
Phạm Văn Trang,pham.van.trang.16192@gemadeptlogi.vn,Gemadept Logistics,Product Manager,healthcare,120,0910094270
Lý Minh Oanh,ly.minh.oanh.16193@viettiengarm.vn,Viet Tien Garment,Operations Manager,education,1500,0860358092
Phan Minh Giang,phan.minh.giang.16194@momo.vn,MoMo,Sales Director,education,25,0931933739
Lê Xuân Tuấn,le.xuan.tuan.16195@thecoffeehou.vn,The Coffee House,Kế toán trưởng,ecommerce,1500,0963264480
Võ Quang Bình,vo.quang.binh.16196@hoaphat.vn,Hoà Phát,Head of Finance,retail,1500,0869284334
Đặng Xuân Hà,dang.xuan.ha.16197@gemadeptlogi.vn,Gemadept Logistics,Product Manager,education,25,0904903212
Phan Thanh Tâm,phan.thanh.tam.16198@gmail.com,Viet Tien Garment,CTO,retail,500,0939450128
Lê Thanh Linh,le.thanh.linh.16199@vinmec.vn,Vinmec,Product Manager,healthcare,10,0356358774
Phan Thị Hà,phan.thi.ha.16200@tiki.vn,Tiki,Marketing Manager,education,10,0919379726
Đỗ Hồng Dũng,do.hong.dung.16201@pnj.vn,PNJ,Sales Director,software,500,0327628433
Bùi Minh Sơn,bui.minh.son.16202@momo.vn,MoMo,CTO,healthcare,1500,0357175218
Võ Thanh Trang,vo.thanh.trang.16203@haravan.vn,Haravan,Head of Finance,education,500,0329019949
Lê Văn Giang,le.van.giang.16204@pharmacity.vn,Pharmacity,Marketing Manager,software,500,0967745611
Phan Quang Phúc,phan.quang.phuc.16205@gmail.com,Tiki,Marketing Manager,ecommerce,1500,0355930876
Lê Minh Phúc,le.minh.phuc.16206@haravan.vn,Haravan,Product Manager,ecommerce,50,0967615585
Ngô Đức Tâm,ngo.duc.tam.16207@gemadeptlogi.vn,Gemadept Logistics,Procurement Manager,fintech,120,0907728318
Phan Văn Lan,phan.van.lan.16208@fptsoftware.vn,FPT Software,Operations Manager,retail,250,0356122382
Phạm Hữu Linh,pham.huu.linh.16209@basevn.vn,Base.vn,Sales Director,retail,50,0350894392
Lý Hữu Quân,ly.huu.quan.16210@shopeevietna.vn,Shopee Vietnam,Operations Manager,retail,250,0977989069
Dương Hữu Châu,duong.huu.chau.16211@pharmacity.vn,Pharmacity,Marketing Manager,logistics,50,0354658233
Ngô Đức Phúc,ngo.duc.phuc.16212@gmail.com,TopCV,Head of Finance,fintech,25,0913346572
Vũ Hồng Hùng,vu.hong.hung.16213@kiotviet.vn,KiotViet,Operations Manager,retail,25,0976429265
Hoàng Thị Linh,hoang.thi.linh.16214@fptsoftware.vn,FPT Software,Marketing Manager,retail,50,0933596197
Trần Ngọc Châu,tran.ngoc.chau.16215@tiki.vn,Tiki,Procurement Manager,healthcare,1500,0327922715
Bùi Ngọc Hà,bui.ngoc.ha.16216@thecoffeehou.vn,The Coffee House,CEO,retail,120,0910718897
Nguyễn Văn Mai,nguyen.van.mai.16217@gmail.com,VNG Corporation,Sales Director,logistics,25,0868183551
Trần Đức Khánh,tran.duc.khanh.16218@momo.vn,MoMo,Marketing Manager,software,50,0868992855
Dương Quang Châu,duong.quang.chau.16219@gmail.com,TopCV,Head of Finance,ecommerce,500,0704684103
Hoàng Quang Tâm,hoang.quang.tam.16220@basevn.vn,Base.vn,CTO,retail,10,0328735161
Dương Xuân Việt,duong.xuan.viet.16221@vinmec.vn,Vinmec,CTO,education,120,0706398336
Trần Hồng Hùng,tran.hong.hung.16222@tiki.vn,Tiki,CTO,fintech,10,0938339606
Dương Minh Dũng,duong.minh.dung.16223@gmail.com,PNJ,Kế toán trưởng,manufacturing,25,0861029102
Đặng Ngọc Dũng,dang.ngoc.dung.16224@gmail.com,Vinamilk,CEO,education,250,0913331809
Dương Quang Mai,duong.quang.mai.16225@basevn.vn,Base.vn,Head of Finance,fintech,1500,0970000016
Đặng Minh Bình,dang.minh.binh.16226@duytanplasti.vn,Duy Tan Plastics,CFO,fintech,50,0704818208
Lý Thanh Bình,ly.thanh.binh.16227@thecoffeehou.vn,The Coffee House,Sales Director,fintech,25,0356040230
Đỗ Minh Phúc,do.minh.phuc.16228@pharmacity.vn,Pharmacity,Operations Manager,logistics,500,0979658748
Nguyễn Đức Tuấn,nguyen.duc.tuan.16229@vngcorporati.vn,VNG Corporation,Head of Finance,retail,1500,0702302931
Đỗ Đức Oanh,do.duc.oanh.16230@gmail.com,Haravan,CTO,retail,250,0909395665
Hoàng Quang Tâm,hoang.quang.tam.16231@basevn.vn,Base.vn,Sales Director,fintech,500,0357334871
Ngô Hữu Oanh,ngo.huu.oanh.16232@tiki.vn,Tiki,Procurement Manager,healthcare,500,0901946005
Vũ Hữu Châu,vu.huu.chau.16233@basevn.vn,Base.vn,Sales Director,retail,25,0907077416
Dương Hồng Oanh,duong.hong.oanh.16234@gemadeptlogi.vn,Gemadept Logistics,Operations Manager,fintech,500,0705914874
Vũ Thanh Dũng,vu.thanh.dung.16235@gmail.com,Shopee Vietnam,Operations Manager,software,250,0703448250
Hồ Quang Bình,ho.quang.binh.16236@tiki.vn,Tiki,Procurement Manager,ecommerce,1500,0700885046
Dương Quang Quân,duong.quang.quan.16237@vinmec.vn,Vinmec,Operations Manager,healthcare,1500,0975595630
Đỗ Hữu Phúc,do.huu.phuc.16238@vinamilk.vn,Vinamilk,CTO,healthcare,50,0325910181
Dương Hồng Hùng,duong.hong.hung.16239@thacoindustr.vn,Thaco Industries,CTO,healthcare,50,0979588621
Bùi Xuân Trang,bui.xuan.trang.16240@gmail.com,Pharmacity,Marketing Manager,software,1500,0351825804
Đặng Đức Linh,dang.duc.linh.16241@gmail.com,MoMo,Operations Manager,manufacturing,10,0911047732
Lý Thanh Tâm,ly.thanh.tam.16242@gmail.com,MoMo,Head of Finance,fintech,250,0968204974
Ngô Xuân Trang,ngo.xuan.trang.16243@fptsoftware.vn,FPT Software,CFO,fintech,1500,0970934539
Đỗ Hữu Tâm,do.huu.tam.16244@pharmacity.vn,Pharmacity,CTO,software,25,0869622244
Trần Văn Tuấn,tran.van.tuan.16245@vngcorporati.vn,VNG Corporation,CTO,fintech,10,0906536382
Phạm Quang Châu,pham.quang.chau.16246@thacoindustr.vn,Thaco Industries,Sales Director,retail,25,0701936725
Lê Thanh Oanh,le.thanh.oanh.16247@thecoffeehou.vn,The Coffee House,Product Manager,ecommerce,25,0860014534
Vũ Văn Linh,vu.van.linh.16248@gmail.com,Viet Tien Garment,Head of Finance,education,1500,0968381157
Phan Hữu Linh,phan.huu.linh.16249@gmail.com,Base.vn,CEO,logistics,250,0703693774
Hoàng Ngọc Mai,hoang.ngoc.mai.16250@duytanplasti.vn,Duy Tan Plastics,Operations Manager,education,1500,0975446590
Phan Thị Sơn,phan.thi.son.16251@duytanplasti.vn,Duy Tan Plastics,Product Manager,ecommerce,500,0913842747
Hồ Xuân Linh,ho.xuan.linh.16252@vinmec.vn,Vinmec,Operations Manager,manufacturing,120,0939928882
Ngô Quang Lan,ngo.quang.lan.16253@kiotviet.vn,KiotViet,CTO,logistics,10,0905298874
Lê Đức Bình,le.duc.binh.16254@gmail.com,VNG Corporation,Marketing Manager,education,50,0913701351
Ngô Ngọc Việt,ngo.ngoc.viet.16255@viettiengarm.vn,Viet Tien Garment,CEO,logistics,10,0707610364
Ngô Hữu Oanh,ngo.huu.oanh.16256@tiki.vn,Tiki,Kế toán trưởng,healthcare,1500,0867237546
Nguyễn Hồng Oanh,nguyen.hong.oanh.16257@pharmacity.vn,Pharmacity,CTO,retail,25,0972320947
Hoàng Thanh Sơn,hoang.thanh.son.16258@kiotviet.vn,KiotViet,Head of Finance,ecommerce,500,0701680687
Hồ Hồng Tâm,ho.hong.tam.16259@thecoffeehou.vn,The Coffee House,CFO,education,500,0936846838
Trần Thanh Lan,tran.thanh.lan.16260@gmail.com,Vinamilk,CEO,retail,120,0967625201
Vũ Minh An,vu.minh.an.16261@cenland.vn,CenLand,Sales Director,education,500,0961796057
Lê Thanh Việt,le.thanh.viet.16262@gmail.com,Duy Tan Plastics,Product Manager,education,10,0706852314
Ngô Quang Bình,ngo.quang.binh.16263@basevn.vn,Base.vn,Procurement Manager,healthcare,10,0914500862
Phan Thị Giang,phan.thi.giang.16264@pnj.vn,PNJ,Product Manager,manufacturing,50,0352879724
Lý Hồng Trang,ly.hong.trang.16265@momo.vn,MoMo,Head of Finance,logistics,50,0708400810
Vũ Ngọc Nam,vu.ngoc.nam.16266@thecoffeehou.vn,The Coffee House,Sales Director,software,250,0353151756
Phan Văn Giang,phan.van.giang.16267@gmail.com,Gemadept Logistics,CFO,retail,500,0328176975
Đặng Thị Bình,dang.thi.binh.16268@gmail.com,Haravan,Sales Director,logistics,10,0933332710
Phan Hồng Trang,phan.hong.trang.16269@momo.vn,MoMo,Marketing Manager,retail,120,0905965688
Lê Hồng Tâm,le.hong.tam.16270@haravan.vn,Haravan,Marketing Manager,logistics,25,0703174301
Phan Minh Trang,phan.minh.trang.16271@vinamilk.vn,Vinamilk,Operations Manager,software,120,0320834572
Vũ Hồng Bình,vu.hong.binh.16272@gmail.com,Vinmec,CTO,logistics,120,0867665820
Hoàng Thanh Hà,hoang.thanh.ha.16273@thacoindustr.vn,Thaco Industries,Marketing Manager,retail,25,0938497927
Võ Hồng Linh,vo.hong.linh.16274@gemadeptlogi.vn,Gemadept Logistics,Sales Director,retail,120,0866575968
Đỗ Văn Tuấn,do.van.tuan.16275@gmail.com,Duy Tan Plastics,CEO,retail,10,0900884078
Đỗ Thanh Phúc,do.thanh.phuc.16276@basevn.vn,Base.vn,CTO,software,1500,0709396088
Ngô Ngọc Dũng,ngo.ngoc.dung.16277@viettiengarm.vn,Viet Tien Garment,Product Manager,healthcare,120,0969072928
Phan Hồng Hùng,phan.hong.hung.16278@topcv.vn,TopCV,Operations Manager,manufacturing,250,0935262672
Vũ Hữu Nam,vu.huu.nam.16279@pnj.vn,PNJ,Operations Manager,healthcare,25,0933275005
Hoàng Thanh Châu,hoang.thanh.chau.16280@vngcorporati.vn,VNG Corporation,Head of Finance,software,25,0707235235
Vũ Hồng Châu,vu.hong.chau.16281@gemadeptlogi.vn,Gemadept Logistics,Operations Manager,manufacturing,25,0932410873
Võ Đức Khánh,vo.duc.khanh.16282@gmail.com,Base.vn,Operations Manager,logistics,10,0357438280
Phạm Minh Châu,pham.minh.chau.16283@hoaphat.vn,Hoà Phát,Head of Finance,retail,25,0707021459
Võ Đức Dũng,vo.duc.dung.16284@thecoffeehou.vn,The Coffee House,Sales Director,fintech,1500,0355038396
Hồ Đức Hà,ho.duc.ha.16285@gmail.com,Pharmacity,CFO,software,120,0917050294
Trần Thanh Giang,tran.thanh.giang.16286@thacoindustr.vn,Thaco Industries,Marketing Manager,logistics,500,0907998366
Lê Thị Hà,le.thi.ha.16287@tiki.vn,Tiki,Marketing Manager,manufacturing,250,0931725170
Trần Quang Giang,tran.quang.giang.16288@gmail.com,TopCV,Head of Finance,ecommerce,1500,0962321152
Lê Ngọc Hùng,le.ngoc.hung.16289@vinmec.vn,Vinmec,Procurement Manager,education,50,0709564306
Phạm Hồng Hùng,pham.hong.hung.16290@gmail.com,Vinmec,CEO,fintech,10,0358447679
Phan Thị Oanh,phan.thi.oanh.16291@gmail.com,Gemadept Logistics,Product Manager,fintech,500,0919575055
Trần Thanh Việt,tran.thanh.viet.16292@gmail.com,KiotViet,Head of Finance,retail,500,0930632869
Phan Quang Linh,phan.quang.linh.16293@topcv.vn,TopCV,CEO,fintech,1500,0961159585
Lê Đức Lan,le.duc.lan.16294@tiki.vn,Tiki,Sales Director,fintech,1500,0353469760
Hồ Đức Tâm,ho.duc.tam.16295@gmail.com,Tiki,CEO,fintech,10,0972014804
Hoàng Thanh Dũng,hoang.thanh.dung.16296@gmail.com,PNJ,Operations Manager,software,120,0860248288
Lý Thanh Khánh,ly.thanh.khanh.16297@gmail.com,Haravan,Kế toán trưởng,retail,50,0869210070
Vũ Minh Châu,vu.minh.chau.16298@topcv.vn,TopCV,Operations Manager,retail,120,0919410408
Lý Xuân Lan,ly.xuan.lan.16299@gemadeptlogi.vn,Gemadept Logistics,Marketing Manager,manufacturing,10,0935449847
Đặng Thị Châu,dang.thi.chau.16300@pnj.vn,PNJ,Sales Director,software,1500,0900978487
Nguyễn Quang Linh,nguyen.quang.linh.16301@pharmacity.vn,Pharmacity,CTO,fintech,250,0358478057
Đỗ Quang Tâm,do.quang.tam.16302@gemadeptlogi.vn,Gemadept Logistics,Head of Finance,ecommerce,250,0708712935
Bùi Văn Trang,bui.van.trang.16303@tiki.vn,Tiki,Sales Director,healthcare,500,0351669580
Nguyễn Xuân Sơn,nguyen.xuan.son.16304@duytanplasti.vn,Duy Tan Plastics,Procurement Manager,ecommerce,25,0864022142
Lý Hồng Nam,ly.hong.nam.16305@shopeevietna.vn,Shopee Vietnam,Sales Director,software,25,0976159393
Hoàng Hữu Linh,hoang.huu.linh.16306@gmail.com,KiotViet,CFO,software,50,0351442901
Phạm Hữu Châu,pham.huu.chau.16307@gmail.com,Hoà Phát,Operations Manager,ecommerce,50,0323989336
Phạm Xuân Sơn,pham.xuan.son.16308@momo.vn,MoMo,CTO,manufacturing,120,0705790392
Võ Minh Quân,vo.minh.quan.16309@thacoindustr.vn,Thaco Industries,Head of Finance,software,50,0967063559
Ngô Minh Linh,ngo.minh.linh.16310@pnj.vn,PNJ,CEO,education,25,0970551413
Võ Hữu Trang,vo.huu.trang.16311@pharmacity.vn,Pharmacity,Procurement Manager,fintech,250,0913396322
Ngô Hữu Sơn,ngo.huu.son.16312@vinmec.vn,Vinmec,Marketing Manager,healthcare,25,0964027468
Lê Thị An,le.thi.an.16313@gmail.com,Duy Tan Plastics,CEO,manufacturing,10,0322298356
Võ Hồng Dũng,vo.hong.dung.16314@gmail.com,CenLand,CFO,education,500,0704551414
Lý Văn Oanh,ly.van.oanh.16315@vinamilk.vn,Vinamilk,Product Manager,fintech,120,0964788873
Dương Đức Dũng,duong.duc.dung.16316@topcv.vn,TopCV,Kế toán trưởng,manufacturing,120,0907410827
Vũ Quang Khánh,vu.quang.khanh.16317@vngcorporati.vn,VNG Corporation,Sales Director,software,10,0934599055
Phan Hữu Trang,phan.huu.trang.16318@cenland.vn,CenLand,Procurement Manager,retail,25,0936935212
Lý Thị Việt,ly.thi.viet.16319@vinmec.vn,Vinmec,Procurement Manager,fintech,50,0916772567
Đỗ Ngọc Tuấn,do.ngoc.tuan.16320@gmail.com,MoMo,Procurement Manager,ecommerce,25,0915952501
Nguyễn Quang Phúc,nguyen.quang.phuc.16321@haravan.vn,Haravan,CFO,manufacturing,10,0350486418
Lê Ngọc Linh,le.ngoc.linh.16322@haravan.vn,Haravan,CTO,education,50,0353084026
Trần Xuân Tâm,tran.xuan.tam.16323@thecoffeehou.vn,The Coffee House,CTO,logistics,50,0910797958
Dương Hữu Nam,duong.huu.nam.16324@gmail.com,VNG Corporation,Product Manager,logistics,10,0965425318
Đỗ Xuân Dũng,do.xuan.dung.16325@gmail.com,Pharmacity,Procurement Manager,software,500,0356373178
Nguyễn Đức Trang,nguyen.duc.trang.16326@pharmacity.vn,Pharmacity,Sales Director,education,10,0979230975
Lý Thị Khánh,ly.thi.khanh.16327@gmail.com,VNG Corporation,CFO,software,250,0917557502
Dương Xuân Việt,duong.xuan.viet.16328@basevn.vn,Base.vn,Marketing Manager,logistics,120,0907803329
Hoàng Thanh Linh,hoang.thanh.linh.16329@pharmacity.vn,Pharmacity,Kế toán trưởng,software,50,0325428117
Võ Văn Hà,vo.van.ha.16330@fptsoftware.vn,FPT Software,Product Manager,manufacturing,120,0976437313
Bùi Hồng Oanh,bui.hong.oanh.16331@gmail.com,Vinamilk,Sales Director,fintech,500,0705065038
Đặng Hữu Giang,dang.huu.giang.16332@gmail.com,Vinmec,Product Manager,ecommerce,50,0917883589
Đặng Thị Hùng,dang.thi.hung.16333@gemadeptlogi.vn,Gemadept Logistics,Marketing Manager,healthcare,250,0933170422
Dương Đức Châu,duong.duc.chau.16334@viettiengarm.vn,Viet Tien Garment,Operations Manager,ecommerce,250,0351777433
Đặng Minh Trang,dang.minh.trang.16335@gmail.com,MoMo,Operations Manager,software,1500,0706292118
Hoàng Hồng Bình,hoang.hong.binh.16336@haravan.vn,Haravan,Product Manager,healthcare,500,0329828939
Dương Ngọc Hà,duong.ngoc.ha.16337@momo.vn,MoMo,Procurement Manager,fintech,50,0970141523
Lê Hồng Hà,le.hong.ha.16338@vinmec.vn,Vinmec,Sales Director,software,10,0962953889
Hồ Quang Bình,ho.quang.binh.16339@shopeevietna.vn,Shopee Vietnam,Marketing Manager,manufacturing,10,0908413143
Hồ Thị Hùng,ho.thi.hung.16340@hoaphat.vn,Hoà Phát,Product Manager,software,500,0930028156
Ngô Hồng Trang,ngo.hong.trang.16341@gemadeptlogi.vn,Gemadept Logistics,Product Manager,software,250,0914235834
Trần Hồng Mai,tran.hong.mai.16342@vinamilk.vn,Vinamilk,CTO,manufacturing,120,0351375129
Hoàng Hữu Sơn,hoang.huu.son.16343@momo.vn,MoMo,CEO,ecommerce,10,0919156015
Vũ Hồng Linh,vu.hong.linh.16344@gmail.com,VNG Corporation,CEO,healthcare,250,0861336089
Phan Hữu Linh,phan.huu.linh.16345@vngcorporati.vn,VNG Corporation,Kế toán trưởng,ecommerce,10,0705327892
Phạm Quang Dũng,pham.quang.dung.16346@thecoffeehou.vn,The Coffee House,Product Manager,manufacturing,50,0912737151
Nguyễn Minh Quân,nguyen.minh.quan.16347@viettiengarm.vn,Viet Tien Garment,CFO,retail,250,0861170675
Bùi Ngọc Dũng,bui.ngoc.dung.16348@gmail.com,TopCV,Head of Finance,software,50,0864474476
Đỗ Minh Bình,do.minh.binh.16349@vinmec.vn,Vinmec,Operations Manager,fintech,10,0909455856
Vũ Minh Tuấn,vu.minh.tuan.16350@gemadeptlogi.vn,Gemadept Logistics,Product Manager,healthcare,1500,0906515087
Ngô Minh Phúc,ngo.minh.phuc.16351@haravan.vn,Haravan,Procurement Manager,retail,10,0863433604
Võ Xuân Giang,vo.xuan.giang.16352@gmail.com,Thaco Industries,Operations Manager,education,25,0866748475
Lý Xuân Quân,ly.xuan.quan.16353@vinamilk.vn,Vinamilk,Procurement Manager,education,500,0329094455
Lý Đức Nam,ly.duc.nam.16354@pnj.vn,PNJ,Head of Finance,software,50,0864826580
Bùi Ngọc Hà,bui.ngoc.ha.16355@thecoffeehou.vn,The Coffee House,CFO,healthcare,250,0865704578
Phan Quang Giang,phan.quang.giang.16356@pnj.vn,PNJ,CEO,retail,250,0323780649
Bùi Xuân Trang,bui.xuan.trang.16357@gmail.com,Gemadept Logistics,Sales Director,education,120,0963045302
Ngô Hữu Mai,ngo.huu.mai.16358@thecoffeehou.vn,The Coffee House,CTO,software,25,0862998870
Bùi Hữu An,bui.huu.an.16359@gmail.com,Vinmec,Procurement Manager,ecommerce,1500,0968870754
Phạm Xuân Giang,pham.xuan.giang.16360@momo.vn,MoMo,Operations Manager,ecommerce,500,0978163371
Hoàng Minh Phúc,hoang.minh.phuc.16361@haravan.vn,Haravan,CEO,manufacturing,50,0704119216
Đặng Đức Oanh,dang.duc.oanh.16362@thacoindustr.vn,Thaco Industries,CEO,ecommerce,250,0904112988
Hoàng Hồng Linh,hoang.hong.linh.16363@haravan.vn,Haravan,Kế toán trưởng,manufacturing,1500,0916128021
Võ Văn Hà,vo.van.ha.16364@haravan.vn,Haravan,Marketing Manager,education,120,0707020138
Đỗ Ngọc Bình,do.ngoc.binh.16365@momo.vn,MoMo,Product Manager,ecommerce,500,0704883202
Nguyễn Hữu Bình,nguyen.huu.binh.16366@gmail.com,VNG Corporation,Operations Manager,fintech,500,0979981237
Lý Đức Tâm,ly.duc.tam.16367@pnj.vn,PNJ,Operations Manager,retail,1500,0909499662
Võ Thanh Mai,vo.thanh.mai.16368@kiotviet.vn,KiotViet,CFO,logistics,500,0909976798
Lý Đức Oanh,ly.duc.oanh.16369@gmail.com,Duy Tan Plastics,CEO,education,50,0970832990
Võ Thanh Tuấn,vo.thanh.tuan.16370@gmail.com,TopCV,Operations Manager,healthcare,50,0325656739
Đặng Thị Oanh,dang.thi.oanh.16371@topcv.vn,TopCV,Head of Finance,ecommerce,10,0937144235
Vũ Quang Hà,vu.quang.ha.16372@gmail.com,Vinmec,Kế toán trưởng,education,50,0868075967
Hoàng Xuân Việt,hoang.xuan.viet.16373@gmail.com,Duy Tan Plastics,Kế toán trưởng,manufacturing,500,0904830253
Phạm Văn Châu,pham.van.chau.16374@hoaphat.vn,Hoà Phát,Sales Director,ecommerce,50,0908943359
Nguyễn Ngọc Hùng,nguyen.ngoc.hung.16375@duytanplasti.vn,Duy Tan Plastics,Product Manager,manufacturing,1500,0328640784
Nguyễn Thanh Tuấn,nguyen.thanh.tuan.16376@gmail.com,Hoà Phát,Procurement Manager,ecommerce,250,0960375533
Lý Văn Khánh,ly.van.khanh.16377@shopeevietna.vn,Shopee Vietnam,Head of Finance,manufacturing,120,0969454316
Bùi Hữu Nam,bui.huu.nam.16378@thacoindustr.vn,Thaco Industries,Procurement Manager,healthcare,10,0329491630
Đỗ Văn An,do.van.an.16379@fptsoftware.vn,FPT Software,Marketing Manager,retail,10,0973225129
Dương Thị Quân,duong.thi.quan.16380@vinamilk.vn,Vinamilk,Marketing Manager,logistics,25,0918207024
Lê Xuân Nam,le.xuan.nam.16381@hoaphat.vn,Hoà Phát,Kế toán trưởng,fintech,1500,0328759179
Phạm Hữu Mai,pham.huu.mai.16382@shopeevietna.vn,Shopee Vietnam,CTO,manufacturing,500,0908422465
Trần Ngọc Mai,tran.ngoc.mai.16383@vngcorporati.vn,VNG Corporation,CTO,software,250,0971094692
Ngô Thị Quân,ngo.thi.quan.16384@pnj.vn,PNJ,Sales Director,logistics,120,0972218688
Phạm Hồng Bình,pham.hong.binh.16385@vinmec.vn,Vinmec,Procurement Manager,healthcare,500,0975491743
Trần Minh Sơn,tran.minh.son.16386@fptsoftware.vn,FPT Software,Product Manager,healthcare,50,0960271911
Vũ Quang Hùng,vu.quang.hung.16387@hoaphat.vn,Hoà Phát,CEO,manufacturing,1500,0919197565
Ngô Hữu Linh,ngo.huu.linh.16388@duytanplasti.vn,Duy Tan Plastics,Kế toán trưởng,software,1500,0917002115
Vũ Hữu Linh,vu.huu.linh.16389@vngcorporati.vn,VNG Corporation,Kế toán trưởng,education,120,0864289849
Đỗ Hồng Giang,do.hong.giang.16390@kiotviet.vn,KiotViet,Operations Manager,retail,50,0972445582
Ngô Ngọc Giang,ngo.ngoc.giang.16391@pnj.vn,PNJ,Marketing Manager,ecommerce,120,0702809784
Vũ Hữu Phúc,vu.huu.phuc.16392@gemadeptlogi.vn,Gemadept Logistics,CEO,ecommerce,10,0975823992
Võ Thanh Lan,vo.thanh.lan.16393@shopeevietna.vn,Shopee Vietnam,Procurement Manager,manufacturing,1500,0902526353
Phan Ngọc Mai,phan.ngoc.mai.16394@vinmec.vn,Vinmec,Head of Finance,education,500,0973168591
Hoàng Đức Sơn,hoang.duc.son.16395@gmail.com,TopCV,Kế toán trưởng,retail,1500,0960554629
Võ Hữu Giang,vo.huu.giang.16396@haravan.vn,Haravan,Sales Director,manufacturing,50,0864502442
Bùi Đức Oanh,bui.duc.oanh.16397@gmail.com,Vinamilk,CTO,healthcare,50,0966997839
Đỗ Ngọc Châu,do.ngoc.chau.16398@tiki.vn,Tiki,CFO,education,1500,0357564151
Nguyễn Xuân An,nguyen.xuan.an.16399@tiki.vn,Tiki,CFO,fintech,1500,0930335649
Bùi Quang Trang,bui.quang.trang.16400@gmail.com,Viet Tien Garment,CTO,fintech,25,0914493008
Bùi Hồng Trang,bui.hong.trang.16401@thacoindustr.vn,Thaco Industries,Head of Finance,software,250,0902415010
Võ Xuân Dũng,vo.xuan.dung.16402@gmail.com,Haravan,CEO,logistics,50,0932560374
Lý Quang Phúc,ly.quang.phuc.16403@gmail.com,TopCV,Procurement Manager,education,10,0868245532
Đỗ Thị Phúc,do.thi.phuc.16404@kiotviet.vn,KiotViet,CEO,fintech,250,0964499946
Hoàng Thị Oanh,hoang.thi.oanh.16405@vinmec.vn,Vinmec,Procurement Manager,healthcare,50,0702119931
Phạm Hữu Oanh,pham.huu.oanh.16406@gmail.com,Vinamilk,CFO,ecommerce,250,0935008850
Lý Văn Oanh,ly.van.oanh.16407@basevn.vn,Base.vn,Head of Finance,healthcare,120,0938691869
Phạm Thị Khánh,pham.thi.khanh.16408@duytanplasti.vn,Duy Tan Plastics,Kế toán trưởng,logistics,250,0860390027
Bùi Thanh Dũng,bui.thanh.dung.16409@vngcorporati.vn,VNG Corporation,Product Manager,retail,500,0971108964
Võ Xuân Linh,vo.xuan.linh.16410@hoaphat.vn,Hoà Phát,CEO,manufacturing,10,0324508670
Bùi Thanh Mai,bui.thanh.mai.16411@pharmacity.vn,Pharmacity,Head of Finance,education,250,0900943124
Ngô Hồng Trang,ngo.hong.trang.16412@duytanplasti.vn,Duy Tan Plastics,Sales Director,healthcare,1500,0933074159
Ngô Đức Lan,ngo.duc.lan.16413@cenland.vn,CenLand,CEO,fintech,120,0916904793
Dương Minh Linh,duong.minh.linh.16414@basevn.vn,Base.vn,Marketing Manager,education,50,0960494162
Trần Hữu Dũng,tran.huu.dung.16415@fptsoftware.vn,FPT Software,CEO,logistics,250,0321192951
Phan Quang Bình,phan.quang.binh.16416@thacoindustr.vn,Thaco Industries,Marketing Manager,healthcare,500,0351331452
Phan Hữu Dũng,phan.huu.dung.16417@duytanplasti.vn,Duy Tan Plastics,Kế toán trưởng,healthcare,1500,0355704610
Lê Thị Khánh,le.thi.khanh.16418@pnj.vn,PNJ,Procurement Manager,fintech,500,0904253771
Vũ Thanh Châu,vu.thanh.chau.16419@gmail.com,CenLand,Head of Finance,fintech,120,0351031211
Phan Đức Mai,phan.duc.mai.16420@viettiengarm.vn,Viet Tien Garment,Product Manager,fintech,25,0937518147
Dương Thị Tuấn,duong.thi.tuan.16421@gmail.com,CenLand,Operations Manager,logistics,50,0709766433
Dương Thanh Khánh,duong.thanh.khanh.16422@cenland.vn,CenLand,Sales Director,retail,120,0358380382
Phạm Ngọc An,pham.ngoc.an.16423@momo.vn,MoMo,CEO,healthcare,500,0976571384
Lý Xuân Trang,ly.xuan.trang.16424@vinmec.vn,Vinmec,CTO,logistics,1500,0939834298
Hồ Quang Bình,ho.quang.binh.16425@gmail.com,Vinamilk,CEO,manufacturing,120,0937403483
Lý Hồng Oanh,ly.hong.oanh.16426@vinamilk.vn,Vinamilk,CFO,manufacturing,25,0912453206
Đỗ Thị Sơn,do.thi.son.16427@thecoffeehou.vn,The Coffee House,Marketing Manager,retail,120,0965835887
Trần Hữu Tâm,tran.huu.tam.16428@gmail.com,Gemadept Logistics,Sales Director,fintech,250,0705297264
Hoàng Thị Hà,hoang.thi.ha.16429@gmail.com,Thaco Industries,CTO,education,10,0327934841
Lý Hồng Mai,ly.hong.mai.16430@vinamilk.vn,Vinamilk,Kế toán trưởng,fintech,10,0930164484
Võ Ngọc Nam,vo.ngoc.nam.16431@duytanplasti.vn,Duy Tan Plastics,Operations Manager,healthcare,500,0357958836
Hồ Thanh Oanh,ho.thanh.oanh.16432@vngcorporati.vn,VNG Corporation,Sales Director,logistics,250,0914041895
Nguyễn Quang Giang,nguyen.quang.giang.16433@vinamilk.vn,Vinamilk,Marketing Manager,healthcare,250,0931488672
Hồ Thanh Linh,ho.thanh.linh.16434@gmail.com,PNJ,Head of Finance,retail,10,0323366914
Đặng Ngọc Oanh,dang.ngoc.oanh.16435@basevn.vn,Base.vn,CEO,fintech,10,0978704730
Võ Quang Tâm,vo.quang.tam.16436@gmail.com,Shopee Vietnam,Sales Director,logistics,1500,0321132762
Đặng Hữu Quân,dang.huu.quan.16437@gmail.com,Hoà Phát,Sales Director,ecommerce,120,0326177407
Vũ Xuân An,vu.xuan.an.16438@gmail.com,TopCV,Marketing Manager,education,500,0351876240
Vũ Đức Châu,vu.duc.chau.16439@cenland.vn,CenLand,CTO,ecommerce,50,0352549084
Vũ Hữu Nam,vu.huu.nam.16440@hoaphat.vn,Hoà Phát,CEO,retail,250,0356975240
Hồ Quang Oanh,ho.quang.oanh.16441@hoaphat.vn,Hoà Phát,Procurement Manager,software,1500,0908057958
Phạm Minh Châu,pham.minh.chau.16442@gmail.com,VNG Corporation,Head of Finance,education,250,0323387244
Đỗ Văn Quân,do.van.quan.16443@tiki.vn,Tiki,Marketing Manager,software,120,0359512747
Đỗ Hồng Việt,do.hong.viet.16444@shopeevietna.vn,Shopee Vietnam,Product Manager,retail,1500,0966107092
Võ Quang Việt,vo.quang.viet.16445@hoaphat.vn,Hoà Phát,Head of Finance,ecommerce,500,0866747319
Đặng Văn Nam,dang.van.nam.16446@gmail.com,VNG Corporation,CTO,healthcare,500,0709560053
Trần Hồng Hà,tran.hong.ha.16447@basevn.vn,Base.vn,Sales Director,logistics,500,0933041068
Phan Thị Tuấn,phan.thi.tuan.16448@shopeevietna.vn,Shopee Vietnam,Marketing Manager,fintech,120,0329565499
Võ Văn Linh,vo.van.linh.16449@fptsoftware.vn,FPT Software,Procurement Manager,fintech,10,0354957356
Hồ Thanh An,ho.thanh.an.16450@tiki.vn,Tiki,Product Manager,ecommerce,10,0905416670
Phạm Đức Lan,pham.duc.lan.16451@vinamilk.vn,Vinamilk,Head of Finance,education,10,0967220657
Trần Đức Phúc,tran.duc.phuc.16452@gmail.com,TopCV,CTO,fintech,50,0321328831
Vũ Đức Châu,vu.duc.chau.16453@gmail.com,PNJ,Operations Manager,healthcare,120,0966098504
Đặng Ngọc Lan,dang.ngoc.lan.16454@haravan.vn,Haravan,Kế toán trưởng,logistics,250,0936469112
Lê Xuân Khánh,le.xuan.khanh.16455@pnj.vn,PNJ,Sales Director,healthcare,1500,0704788958
Võ Thị Hà,vo.thi.ha.16456@duytanplasti.vn,Duy Tan Plastics,Sales Director,software,25,0321585162
Bùi Minh Linh,bui.minh.linh.16457@gmail.com,Viet Tien Garment,Operations Manager,ecommerce,50,0930962569
Phạm Xuân Bình,pham.xuan.binh.16458@vinamilk.vn,Vinamilk,Procurement Manager,retail,500,0357057733
Vũ Xuân Lan,vu.xuan.lan.16459@basevn.vn,Base.vn,CEO,retail,50,0324650320
Phạm Thị Quân,pham.thi.quan.16460@gemadeptlogi.vn,Gemadept Logistics,Sales Director,fintech,1500,0974293682
Hồ Minh Trang,ho.minh.trang.16461@gmail.com,KiotViet,Marketing Manager,manufacturing,10,0979694925
Ngô Hữu Phúc,ngo.huu.phuc.16462@gemadeptlogi.vn,Gemadept Logistics,CEO,healthcare,1500,0866719165
Đặng Hữu Khánh,dang.huu.khanh.16463@thacoindustr.vn,Thaco Industries,Product Manager,education,250,0864160934
Hồ Thị Oanh,ho.thi.oanh.16464@duytanplasti.vn,Duy Tan Plastics,CEO,education,25,0936039722
Hoàng Thanh Bình,hoang.thanh.binh.16465@gemadeptlogi.vn,Gemadept Logistics,Product Manager,logistics,10,0931170906
Trần Đức Hà,tran.duc.ha.16466@gmail.com,VNG Corporation,CTO,healthcare,120,0704651082
Phan Hữu Oanh,phan.huu.oanh.16467@gmail.com,Haravan,Sales Director,healthcare,120,0703527990
Ngô Ngọc Oanh,ngo.ngoc.oanh.16468@gmail.com,Gemadept Logistics,Marketing Manager,healthcare,25,0977121540
Phan Hồng Giang,phan.hong.giang.16469@gmail.com,Duy Tan Plastics,Operations Manager,healthcare,120,0358533593
Nguyễn Đức Quân,nguyen.duc.quan.16470@gmail.com,VNG Corporation,CTO,manufacturing,50,0867560826
Vũ Thị Hùng,vu.thi.hung.16471@fptsoftware.vn,FPT Software,CTO,fintech,500,0966010909
Đỗ Hữu Bình,do.huu.binh.16472@gemadeptlogi.vn,Gemadept Logistics,Sales Director,retail,250,0866194416
Phan Quang Mai,phan.quang.mai.16473@gemadeptlogi.vn,Gemadept Logistics,CTO,manufacturing,50,0939985367
Lý Hữu Châu,ly.huu.chau.16474@gmail.com,Pharmacity,Head of Finance,healthcare,10,0917167360
Lý Quang Trang,ly.quang.trang.16475@momo.vn,MoMo,CTO,manufacturing,25,0323855997
Dương Văn Giang,duong.van.giang.16476@haravan.vn,Haravan,CFO,logistics,1500,0701639363
Đặng Thị Linh,dang.thi.linh.16477@thecoffeehou.vn,The Coffee House,CEO,manufacturing,500,0355536147
Ngô Minh Dũng,ngo.minh.dung.16478@pnj.vn,PNJ,Procurement Manager,ecommerce,120,0359619916
Đặng Hồng Sơn,dang.hong.son.16479@topcv.vn,TopCV,Operations Manager,manufacturing,250,0972073408
Ngô Hữu Giang,ngo.huu.giang.16480@gmail.com,CenLand,Operations Manager,manufacturing,1500,0934621249
Đặng Ngọc Nam,dang.ngoc.nam.16481@pharmacity.vn,Pharmacity,Sales Director,education,250,0353164619
Bùi Thanh Trang,bui.thanh.trang.16482@gmail.com,VNG Corporation,Product Manager,fintech,250,0327634732
Bùi Xuân Việt,bui.xuan.viet.16483@gmail.com,TopCV,CEO,healthcare,10,0972608767
Hồ Hữu Khánh,ho.huu.khanh.16484@vngcorporati.vn,VNG Corporation,Operations Manager,education,50,0322180015
Đỗ Hồng Sơn,do.hong.son.16485@gmail.com,Vinamilk,Head of Finance,manufacturing,25,0321432423
Ngô Thanh Linh,ngo.thanh.linh.16486@thacoindustr.vn,Thaco Industries,Kế toán trưởng,fintech,120,0970288185
Bùi Quang Trang,bui.quang.trang.16487@pnj.vn,PNJ,Sales Director,logistics,500,0960480570
Bùi Hồng Nam,bui.hong.nam.16488@basevn.vn,Base.vn,Product Manager,retail,50,0969776854
Phạm Xuân Hà,pham.xuan.ha.16489@tiki.vn,Tiki,Operations Manager,logistics,50,0863240052
Dương Minh Trang,duong.minh.trang.16490@vinmec.vn,Vinmec,CTO,education,10,0702936867
Lý Ngọc An,ly.ngoc.an.16491@gmail.com,KiotViet,CEO,logistics,25,0915955465
Ngô Văn Khánh,ngo.van.khanh.16492@thecoffeehou.vn,The Coffee House,Product Manager,software,10,0914391727
Ngô Thị Hùng,ngo.thi.hung.16493@vinmec.vn,Vinmec,CTO,education,1500,0903784004
Nguyễn Minh An,nguyen.minh.an.16494@thacoindustr.vn,Thaco Industries,Operations Manager,education,250,0350196951
Hồ Quang Lan,ho.quang.lan.16495@pharmacity.vn,Pharmacity,Marketing Manager,education,50,0978543230
Đặng Quang Phúc,dang.quang.phuc.16496@gmail.com,Base.vn,Procurement Manager,retail,250,0968580149
Phan Hữu Phúc,phan.huu.phuc.16497@tiki.vn,Tiki,Product Manager,healthcare,120,0700540643
Phạm Thanh Châu,pham.thanh.chau.16498@hoaphat.vn,Hoà Phát,Kế toán trưởng,logistics,50,0358747859
Lý Hữu Hùng,ly.huu.hung.16499@gmail.com,PNJ,Marketing Manager,fintech,1500,0320063079
Đỗ Văn Linh,do.van.linh.16500@viettiengarm.vn,Viet Tien Garment,CFO,logistics,50,0327755207
Đặng Xuân Quân,dang.xuan.quan.16501@pnj.vn,PNJ,Product Manager,healthcare,120,0904744684
Võ Quang Trang,vo.quang.trang.16502@thecoffeehou.vn,The Coffee House,Operations Manager,retail,50,0974193183
Bùi Hồng Châu,bui.hong.chau.16503@hoaphat.vn,Hoà Phát,Marketing Manager,ecommerce,10,0323196733
Bùi Đức Quân,bui.duc.quan.16504@gmail.com,TopCV,CTO,manufacturing,120,0966575432
Phan Xuân Dũng,phan.xuan.dung.16505@vinamilk.vn,Vinamilk,CFO,fintech,25,0866316869
Võ Xuân Trang,vo.xuan.trang.16506@haravan.vn,Haravan,CFO,logistics,25,0906903793
Ngô Xuân Trang,ngo.xuan.trang.16507@tiki.vn,Tiki,CTO,software,10,0912788033
Dương Xuân Giang,duong.xuan.giang.16508@gmail.com,Vinamilk,Procurement Manager,fintech,25,0978474531
Bùi Văn Khánh,bui.van.khanh.16509@fptsoftware.vn,FPT Software,Procurement Manager,logistics,1500,0973311736
Trần Quang Mai,tran.quang.mai.16510@cenland.vn,CenLand,CEO,software,500,0912097785
Vũ Văn Bình,vu.van.binh.16511@gmail.com,Pharmacity,Kế toán trưởng,retail,500,0979979641
Phạm Thị Giang,pham.thi.giang.16512@gmail.com,Base.vn,Procurement Manager,education,250,0937797770
Ngô Xuân Oanh,ngo.xuan.oanh.16513@viettiengarm.vn,Viet Tien Garment,Sales Director,healthcare,1500,0909614767
Dương Ngọc Giang,duong.ngoc.giang.16514@kiotviet.vn,KiotViet,Operations Manager,healthcare,120,0969954743
Lý Hồng Mai,ly.hong.mai.16515@thacoindustr.vn,Thaco Industries,Marketing Manager,software,500,0963430269
Vũ Hồng Tuấn,vu.hong.tuan.16516@hoaphat.vn,Hoà Phát,CEO,education,120,0971208184
Vũ Đức Lan,vu.duc.lan.16517@gmail.com,Hoà Phát,CFO,retail,25,0351715031
Vũ Minh Việt,vu.minh.viet.16518@gmail.com,Thaco Industries,Head of Finance,education,50,0326749813
Lý Minh Linh,ly.minh.linh.16519@tiki.vn,Tiki,Kế toán trưởng,education,25,0869347840
Lý Thị Tuấn,ly.thi.tuan.16520@gmail.com,Pharmacity,Marketing Manager,ecommerce,1500,0708501636
Hồ Thị Tâm,ho.thi.tam.16521@gmail.com,Gemadept Logistics,Procurement Manager,fintech,10,0977741514
Trần Thị Giang,tran.thi.giang.16522@gmail.com,Viet Tien Garment,Marketing Manager,retail,1500,0707321477
Nguyễn Hữu An,nguyen.huu.an.16523@vngcorporati.vn,VNG Corporation,CTO,logistics,50,0904314077
Vũ Hữu Hà,vu.huu.ha.16524@viettiengarm.vn,Viet Tien Garment,Operations Manager,retail,120,0357170357
Ngô Xuân Oanh,ngo.xuan.oanh.16525@gmail.com,Shopee Vietnam,Kế toán trưởng,logistics,1500,0865695834
Võ Hồng Linh,vo.hong.linh.16526@gmail.com,The Coffee House,Marketing Manager,education,120,0932689512
Lê Thị Bình,le.thi.binh.16527@thecoffeehou.vn,The Coffee House,Operations Manager,retail,120,0975245971
Đỗ Thị Dũng,do.thi.dung.16528@gmail.com,Pharmacity,Product Manager,manufacturing,1500,0358773661
Hồ Xuân Linh,ho.xuan.linh.16529@gmail.com,Vinamilk,Kế toán trưởng,ecommerce,50,0350416530
Bùi Văn Trang,bui.van.trang.16530@vngcorporati.vn,VNG Corporation,CFO,retail,500,0933259660
Phạm Hữu Trang,pham.huu.trang.16531@duytanplasti.vn,Duy Tan Plastics,CEO,retail,250,0707470216
Phan Hữu An,phan.huu.an.16532@thacoindustr.vn,Thaco Industries,Sales Director,logistics,25,0353758943
Dương Ngọc Châu,duong.ngoc.chau.16533@duytanplasti.vn,Duy Tan Plastics,Sales Director,fintech,250,0901283884
Hoàng Thị Châu,hoang.thi.chau.16534@haravan.vn,Haravan,Product Manager,logistics,10,0708681299
Lý Đức Tâm,ly.duc.tam.16535@shopeevietna.vn,Shopee Vietnam,Procurement Manager,ecommerce,250,0353185181
Dương Thị Dũng,duong.thi.dung.16536@shopeevietna.vn,Shopee Vietnam,Kế toán trưởng,healthcare,120,0324586544
Nguyễn Hồng Oanh,nguyen.hong.oanh.16537@kiotviet.vn,KiotViet,Kế toán trưởng,education,10,0938867739
Đỗ Quang Tuấn,do.quang.tuan.16538@thacoindustr.vn,Thaco Industries,CFO,ecommerce,500,0918659172
Ngô Xuân Tuấn,ngo.xuan.tuan.16539@basevn.vn,Base.vn,CEO,software,50,0703231368
Bùi Minh Trang,bui.minh.trang.16540@gmail.com,The Coffee House,Operations Manager,retail,1500,0979038928
Phạm Minh Mai,pham.minh.mai.16541@topcv.vn,TopCV,Procurement Manager,manufacturing,25,0973439766
Đỗ Xuân Lan,do.xuan.lan.16542@gmail.com,TopCV,Operations Manager,education,10,0869318023
Hồ Thanh Khánh,ho.thanh.khanh.16543@gmail.com,Thaco Industries,Operations Manager,logistics,500,0706784889
Nguyễn Văn Giang,nguyen.van.giang.16544@gemadeptlogi.vn,Gemadept Logistics,Operations Manager,education,10,0961211985
Phan Minh Sơn,phan.minh.son.16545@viettiengarm.vn,Viet Tien Garment,Kế toán trưởng,software,25,0964733818
Hồ Hữu Oanh,ho.huu.oanh.16546@shopeevietna.vn,Shopee Vietnam,CTO,logistics,10,0703271824
Hồ Ngọc An,ho.ngoc.an.16547@duytanplasti.vn,Duy Tan Plastics,Sales Director,ecommerce,500,0353158838
Ngô Quang An,ngo.quang.an.16548@thecoffeehou.vn,The Coffee House,CEO,healthcare,10,0962418983
Trần Hữu Quân,tran.huu.quan.16549@gmail.com,Duy Tan Plastics,Procurement Manager,ecommerce,50,0321927969
Đỗ Văn Châu,do.van.chau.16550@hoaphat.vn,Hoà Phát,Product Manager,ecommerce,50,0701035756
Lý Xuân Bình,ly.xuan.binh.16551@gmail.com,Hoà Phát,CEO,manufacturing,50,0933829026
Đỗ Thị Lan,do.thi.lan.16552@gmail.com,VNG Corporation,Marketing Manager,ecommerce,1500,0323767523
Hoàng Xuân Oanh,hoang.xuan.oanh.16553@duytanplasti.vn,Duy Tan Plastics,CTO,ecommerce,500,0968958384
Đặng Xuân Hùng,dang.xuan.hung.16554@gmail.com,Shopee Vietnam,CFO,healthcare,250,0900648748
Nguyễn Minh Nam,nguyen.minh.nam.16555@gmail.com,FPT Software,Kế toán trưởng,healthcare,250,0970504764
Đặng Hữu Hà,dang.huu.ha.16556@viettiengarm.vn,Viet Tien Garment,CTO,ecommerce,1500,0901271133
Đặng Ngọc Sơn,dang.ngoc.son.16557@momo.vn,MoMo,Head of Finance,software,500,0868005605
Hoàng Văn Dũng,hoang.van.dung.16558@thacoindustr.vn,Thaco Industries,Head of Finance,fintech,120,0902955760
Dương Hữu Khánh,duong.huu.khanh.16559@gmail.com,Viet Tien Garment,CEO,education,10,0356804227
Phan Quang Trang,phan.quang.trang.16560@kiotviet.vn,KiotViet,Product Manager,ecommerce,25,0359215564
Hoàng Đức Lan,hoang.duc.lan.16561@duytanplasti.vn,Duy Tan Plastics,Head of Finance,ecommerce,250,0863071398
Phan Văn Nam,phan.van.nam.16562@topcv.vn,TopCV,Kế toán trưởng,manufacturing,500,0919280715
Đỗ Đức Linh,do.duc.linh.16563@vinamilk.vn,Vinamilk,CEO,education,25,0907075561
Dương Thị Khánh,duong.thi.khanh.16564@vinmec.vn,Vinmec,Marketing Manager,education,120,0350177631
Ngô Ngọc Phúc,ngo.ngoc.phuc.16565@fptsoftware.vn,FPT Software,CTO,education,120,0326605296
Hoàng Quang Quân,hoang.quang.quan.16566@momo.vn,MoMo,Marketing Manager,logistics,10,0915582126
Đặng Xuân Việt,dang.xuan.viet.16567@thacoindustr.vn,Thaco Industries,Kế toán trưởng,software,500,0900460281
Đặng Xuân Dũng,dang.xuan.dung.16568@vngcorporati.vn,VNG Corporation,Sales Director,healthcare,1500,0908229513
Ngô Hồng An,ngo.hong.an.16569@basevn.vn,Base.vn,Product Manager,logistics,500,0936948652
Trần Hồng An,tran.hong.an.16570@viettiengarm.vn,Viet Tien Garment,Kế toán trưởng,fintech,25,0971593116
Lý Hồng Tâm,ly.hong.tam.16571@thecoffeehou.vn,The Coffee House,Product Manager,logistics,250,0966718961
Nguyễn Đức Châu,nguyen.duc.chau.16572@haravan.vn,Haravan,Marketing Manager,logistics,120,0355135360
Bùi Thị Oanh,bui.thi.oanh.16573@topcv.vn,TopCV,Product Manager,education,120,0705484882
Đỗ Quang Hùng,do.quang.hung.16574@vinamilk.vn,Vinamilk,Procurement Manager,education,250,0916405308
Đặng Văn Lan,dang.van.lan.16575@pnj.vn,PNJ,CFO,education,10,0963256607
Dương Ngọc Hùng,duong.ngoc.hung.16576@topcv.vn,TopCV,Procurement Manager,healthcare,250,0320820972
Dương Minh An,duong.minh.an.16577@thacoindustr.vn,Thaco Industries,Sales Director,education,120,0355926684
Dương Xuân Bình,duong.xuan.binh.16578@vinmec.vn,Vinmec,CFO,education,1500,0968305409
Bùi Văn An,bui.van.an.16579@vinamilk.vn,Vinamilk,Kế toán trưởng,healthcare,25,0323468906
Ngô Thị Dũng,ngo.thi.dung.16580@cenland.vn,CenLand,Procurement Manager,software,500,0320076410
Bùi Xuân Nam,bui.xuan.nam.16581@momo.vn,MoMo,Head of Finance,healthcare,1500,0865359718
Ngô Ngọc Linh,ngo.ngoc.linh.16582@gmail.com,CenLand,Procurement Manager,manufacturing,1500,0353027130
Nguyễn Minh Linh,nguyen.minh.linh.16583@shopeevietna.vn,Shopee Vietnam,Head of Finance,fintech,25,0869229441
Hồ Thanh Linh,ho.thanh.linh.16584@gmail.com,Vinamilk,Product Manager,retail,1500,0868437071
Bùi Quang Phúc,bui.quang.phuc.16585@gmail.com,CenLand,Kế toán trưởng,ecommerce,120,0705590988
Phan Minh Quân,phan.minh.quan.16586@thacoindustr.vn,Thaco Industries,Product Manager,manufacturing,10,0905961339
Ngô Đức Lan,ngo.duc.lan.16587@cenland.vn,CenLand,Sales Director,retail,120,0353269955
Đặng Thị Khánh,dang.thi.khanh.16588@thecoffeehou.vn,The Coffee House,Product Manager,fintech,1500,0916712209
Trần Đức Mai,tran.duc.mai.16589@gmail.com,Shopee Vietnam,Procurement Manager,software,25,0973917647
Vũ Xuân Lan,vu.xuan.lan.16590@gemadeptlogi.vn,Gemadept Logistics,Marketing Manager,retail,500,0934456308
Đỗ Quang Châu,do.quang.chau.16591@pharmacity.vn,Pharmacity,Sales Director,fintech,25,0969196918
Bùi Xuân Phúc,bui.xuan.phuc.16592@vngcorporati.vn,VNG Corporation,CEO,software,120,0966781465
Đặng Quang Nam,dang.quang.nam.16593@thacoindustr.vn,Thaco Industries,Product Manager,ecommerce,50,0916639443
Hoàng Quang Phúc,hoang.quang.phuc.16594@gemadeptlogi.vn,Gemadept Logistics,CFO,education,120,0974932555
Dương Thị Dũng,duong.thi.dung.16595@vngcorporati.vn,VNG Corporation,CEO,logistics,50,0705396583
Bùi Hữu Khánh,bui.huu.khanh.16596@gemadeptlogi.vn,Gemadept Logistics,CEO,education,25,0971183698
Hồ Ngọc Hà,ho.ngoc.ha.16597@vngcorporati.vn,VNG Corporation,Head of Finance,fintech,500,0865277500
Hoàng Ngọc Tâm,hoang.ngoc.tam.16598@hoaphat.vn,Hoà Phát,Sales Director,retail,1500,0975041424
Dương Quang Tâm,duong.quang.tam.16599@pharmacity.vn,Pharmacity,Operations Manager,retail,50,0355190612
Trần Thị Linh,tran.thi.linh.16600@gmail.com,Vinamilk,Head of Finance,retail,1500,0868463264
Phan Đức Khánh,phan.duc.khanh.16601@duytanplasti.vn,Duy Tan Plastics,CEO,fintech,50,0968547307
Trần Thị Châu,tran.thi.chau.16602@gmail.com,Gemadept Logistics,Sales Director,manufacturing,10,0706732531
Lê Quang Trang,le.quang.trang.16603@gmail.com,Vinamilk,Procurement Manager,manufacturing,250,0963167412
Dương Hồng Oanh,duong.hong.oanh.16604@haravan.vn,Haravan,Marketing Manager,logistics,1500,0322634283
Phạm Văn Hà,pham.van.ha.16605@pharmacity.vn,Pharmacity,Product Manager,logistics,500,0975408088
Đặng Đức Tâm,dang.duc.tam.16606@kiotviet.vn,KiotViet,CFO,retail,10,0708365243
Vũ Hữu Hà,vu.huu.ha.16607@gmail.com,Tiki,Product Manager,retail,25,0326495249
Trần Minh Việt,tran.minh.viet.16608@gmail.com,Pharmacity,CFO,education,10,0321445416
Dương Ngọc Bình,duong.ngoc.binh.16609@pnj.vn,PNJ,CEO,manufacturing,10,0967962654
Lê Thị Giang,le.thi.giang.16610@haravan.vn,Haravan,Marketing Manager,retail,250,0934502014
Võ Thị An,vo.thi.an.16611@gmail.com,MoMo,Procurement Manager,logistics,25,0329608519
Lý Hồng Giang,ly.hong.giang.16612@vinamilk.vn,Vinamilk,CEO,education,10,0966853627
Dương Thị Sơn,duong.thi.son.16613@vngcorporati.vn,VNG Corporation,Kế toán trưởng,education,120,0918020405
Trần Đức Phúc,tran.duc.phuc.16614@vinamilk.vn,Vinamilk,Product Manager,manufacturing,500,0964774155
Đỗ Thanh Hà,do.thanh.ha.16615@gmail.com,Hoà Phát,Kế toán trưởng,software,120,0866064141
Ngô Đức Oanh,ngo.duc.oanh.16616@vinmec.vn,Vinmec,Operations Manager,education,250,0976445232
Đặng Thị Lan,dang.thi.lan.16617@haravan.vn,Haravan,Sales Director,ecommerce,1500,0977302995
Đặng Thanh Bình,dang.thanh.binh.16618@gmail.com,Pharmacity,Procurement Manager,manufacturing,50,0930572535
Đặng Hữu Trang,dang.huu.trang.16619@gmail.com,TopCV,Head of Finance,logistics,500,0969807008
Vũ Hồng Giang,vu.hong.giang.16620@gmail.com,The Coffee House,CEO,ecommerce,1500,0353928425
Phan Thị Nam,phan.thi.nam.16621@pharmacity.vn,Pharmacity,Sales Director,healthcare,500,0914350357
Đặng Thị Châu,dang.thi.chau.16622@pharmacity.vn,Pharmacity,Head of Finance,ecommerce,500,0919739175
Bùi Thị Mai,bui.thi.mai.16623@tiki.vn,Tiki,Head of Finance,logistics,120,0703933642
Bùi Minh Phúc,bui.minh.phuc.16624@thacoindustr.vn,Thaco Industries,Operations Manager,manufacturing,120,0701340288
Võ Văn Bình,vo.van.binh.16625@tiki.vn,Tiki,Head of Finance,logistics,1500,0964949665
Hồ Văn Trang,ho.van.trang.16626@gmail.com,FPT Software,Sales Director,education,1500,0353894554
Vũ Ngọc Phúc,vu.ngoc.phuc.16627@basevn.vn,Base.vn,CEO,education,1500,0355078158
Đỗ Ngọc Linh,do.ngoc.linh.16628@duytanplasti.vn,Duy Tan Plastics,Sales Director,education,10,0961460934
Phạm Minh Oanh,pham.minh.oanh.16629@viettiengarm.vn,Viet Tien Garment,CFO,retail,50,0900857593
Ngô Quang Dũng,ngo.quang.dung.16630@gmail.com,MoMo,Product Manager,retail,50,0869337901
Hoàng Ngọc Hà,hoang.ngoc.ha.16631@gmail.com,Shopee Vietnam,Procurement Manager,software,250,0322092076
Bùi Đức Khánh,bui.duc.khanh.16632@kiotviet.vn,KiotViet,Procurement Manager,retail,1500,0932554994
Phạm Hữu Bình,pham.huu.binh.16633@gmail.com,Gemadept Logistics,Head of Finance,fintech,1500,0351505604
Vũ Thanh Giang,vu.thanh.giang.16634@pharmacity.vn,Pharmacity,Marketing Manager,fintech,50,0321462657
Vũ Ngọc Nam,vu.ngoc.nam.16635@hoaphat.vn,Hoà Phát,Sales Director,software,120,0868039098
Nguyễn Quang Phúc,nguyen.quang.phuc.16636@fptsoftware.vn,FPT Software,Kế toán trưởng,ecommerce,25,0350603410
Hồ Thanh Châu,ho.thanh.chau.16637@topcv.vn,TopCV,Kế toán trưởng,fintech,120,0355305758
Hồ Quang Hùng,ho.quang.hung.16638@thacoindustr.vn,Thaco Industries,CFO,fintech,120,0910888726
Bùi Hữu Tuấn,bui.huu.tuan.16639@vinamilk.vn,Vinamilk,Head of Finance,manufacturing,10,0964609295
Trần Hữu Lan,tran.huu.lan.16640@kiotviet.vn,KiotViet,Operations Manager,ecommerce,250,0356859870
Nguyễn Xuân Mai,nguyen.xuan.mai.16641@gmail.com,MoMo,Product Manager,manufacturing,250,0971442691
Phạm Ngọc Châu,pham.ngoc.chau.16642@haravan.vn,Haravan,Sales Director,ecommerce,25,0866574410
Dương Xuân Tâm,duong.xuan.tam.16643@gmail.com,KiotViet,Product Manager,ecommerce,50,0936386734
Đỗ Ngọc Hà,do.ngoc.ha.16644@fptsoftware.vn,FPT Software,CFO,ecommerce,25,0903531467
Vũ Hữu Lan,vu.huu.lan.16645@cenland.vn,CenLand,CTO,manufacturing,250,0912233937
Đỗ Xuân Quân,do.xuan.quan.16646@gmail.com,Hoà Phát,CTO,education,250,0914547053
Phan Minh Sơn,phan.minh.son.16647@kiotviet.vn,KiotViet,Product Manager,software,250,0975195675
Phạm Hữu Linh,pham.huu.linh.16648@gmail.com,FPT Software,Marketing Manager,manufacturing,50,0705681749
Phan Thanh Khánh,phan.thanh.khanh.16649@fptsoftware.vn,FPT Software,Head of Finance,healthcare,250,0328821274
Nguyễn Hữu Phúc,nguyen.huu.phuc.16650@vinamilk.vn,Vinamilk,Marketing Manager,ecommerce,250,0978254057
Phan Xuân Dũng,phan.xuan.dung.16651@haravan.vn,Haravan,Marketing Manager,software,10,0866864044
Võ Minh Sơn,vo.minh.son.16652@duytanplasti.vn,Duy Tan Plastics,Procurement Manager,logistics,25,0939337420
Lý Văn Trang,ly.van.trang.16653@cenland.vn,CenLand,Sales Director,ecommerce,120,0969420054
Hồ Văn Linh,ho.van.linh.16654@pharmacity.vn,Pharmacity,Procurement Manager,ecommerce,120,0326540215
Đỗ Thị Lan,do.thi.lan.16655@haravan.vn,Haravan,Kế toán trưởng,manufacturing,50,0326214996
Võ Minh Tuấn,vo.minh.tuan.16656@fptsoftware.vn,FPT Software,Operations Manager,software,50,0935363770
Phan Hữu Phúc,phan.huu.phuc.16657@vinamilk.vn,Vinamilk,Sales Director,education,25,0324438124
Đặng Văn Sơn,dang.van.son.16658@duytanplasti.vn,Duy Tan Plastics,Kế toán trưởng,healthcare,250,0701236970
Vũ Minh Sơn,vu.minh.son.16659@gmail.com,Pharmacity,Kế toán trưởng,healthcare,25,0915477987
Phạm Hồng Bình,pham.hong.binh.16660@vngcorporati.vn,VNG Corporation,Product Manager,retail,25,0912581918
Vũ Thanh Dũng,vu.thanh.dung.16661@shopeevietna.vn,Shopee Vietnam,Procurement Manager,fintech,120,0906467224
Võ Văn Sơn,vo.van.son.16662@topcv.vn,TopCV,Operations Manager,retail,50,0960271808
Trần Quang Châu,tran.quang.chau.16663@tiki.vn,Tiki,Product Manager,software,120,0978778907
Đỗ Ngọc Phúc,do.ngoc.phuc.16664@duytanplasti.vn,Duy Tan Plastics,Kế toán trưởng,healthcare,120,0965046020
Bùi Đức Mai,bui.duc.mai.16665@fptsoftware.vn,FPT Software,CFO,retail,50,0861343613
Bùi Ngọc Tâm,bui.ngoc.tam.16666@vinmec.vn,Vinmec,Product Manager,ecommerce,120,0936407342
Bùi Xuân Sơn,bui.xuan.son.16667@haravan.vn,Haravan,Kế toán trưởng,software,10,0861443604
Ngô Xuân An,ngo.xuan.an.16668@vinamilk.vn,Vinamilk,Head of Finance,logistics,10,0974256112
Nguyễn Xuân Phúc,nguyen.xuan.phuc.16669@cenland.vn,CenLand,Marketing Manager,fintech,50,0972256042
Nguyễn Xuân Mai,nguyen.xuan.mai.16670@duytanplasti.vn,Duy Tan Plastics,Head of Finance,fintech,120,0900678611
Phan Quang Giang,phan.quang.giang.16671@viettiengarm.vn,Viet Tien Garment,Product Manager,retail,1500,0970263344
Nguyễn Ngọc Hà,nguyen.ngoc.ha.16672@gmail.com,Vinmec,CEO,logistics,250,0977807594
Đỗ Thị Tâm,do.thi.tam.16673@thecoffeehou.vn,The Coffee House,Head of Finance,software,500,0917599396
Phan Văn Mai,phan.van.mai.16674@gmail.com,MoMo,Sales Director,retail,500,0978888559
Dương Ngọc Trang,duong.ngoc.trang.16675@kiotviet.vn,KiotViet,Operations Manager,retail,500,0352184678
Phan Thanh Tuấn,phan.thanh.tuan.16676@shopeevietna.vn,Shopee Vietnam,CTO,education,10,0939599329
Phan Thị Tuấn,phan.thi.tuan.16677@momo.vn,MoMo,CEO,retail,250,0961768678
Dương Xuân Quân,duong.xuan.quan.16678@gmail.com,CenLand,Head of Finance,manufacturing,500,0321563495
Lý Quang Hùng,ly.quang.hung.16679@kiotviet.vn,KiotViet,Marketing Manager,education,120,0969954263
Phạm Thị Phúc,pham.thi.phuc.16680@pnj.vn,PNJ,Sales Director,fintech,10,0962534085
Dương Hữu Quân,duong.huu.quan.16681@kiotviet.vn,KiotViet,CEO,education,500,0350854334
Lê Thị Khánh,le.thi.khanh.16682@gmail.com,Vinamilk,Sales Director,manufacturing,25,0917831170
Phạm Quang An,pham.quang.an.16683@basevn.vn,Base.vn,CTO,healthcare,50,0864687828
Đặng Hữu Việt,dang.huu.viet.16684@gmail.com,Vinmec,CTO,logistics,25,0329371589
Vũ Quang Trang,vu.quang.trang.16685@pnj.vn,PNJ,CEO,manufacturing,250,0918259882
Võ Quang Mai,vo.quang.mai.16686@basevn.vn,Base.vn,CTO,education,50,0902284172
Vũ Văn Hà,vu.van.ha.16687@vinamilk.vn,Vinamilk,Kế toán trưởng,software,10,0908821981
Ngô Hồng Nam,ngo.hong.nam.16688@pnj.vn,PNJ,CEO,education,25,0701011565
Đỗ Quang Trang,do.quang.trang.16689@topcv.vn,TopCV,CFO,manufacturing,250,0703633882
Đặng Hồng Hà,dang.hong.ha.16690@vinmec.vn,Vinmec,Operations Manager,education,250,0976092111
Lê Thanh Giang,le.thanh.giang.16691@momo.vn,MoMo,Procurement Manager,education,500,0865951331
Đặng Hồng Hùng,dang.hong.hung.16692@tiki.vn,Tiki,Kế toán trưởng,healthcare,1500,0965326305
Ngô Hữu Mai,ngo.huu.mai.16693@vinmec.vn,Vinmec,CFO,software,25,0919622977
Phạm Văn Việt,pham.van.viet.16694@gemadeptlogi.vn,Gemadept Logistics,Head of Finance,fintech,1500,0965173012
Trần Xuân Mai,tran.xuan.mai.16695@duytanplasti.vn,Duy Tan Plastics,Kế toán trưởng,healthcare,25,0701493186
Hoàng Hồng Lan,hoang.hong.lan.16696@topcv.vn,TopCV,Head of Finance,fintech,1500,0863380726
Bùi Văn Dũng,bui.van.dung.16697@vinamilk.vn,Vinamilk,CFO,fintech,250,0357834357
Phạm Thị Châu,pham.thi.chau.16698@thecoffeehou.vn,The Coffee House,Operations Manager,healthcare,10,0967193382
Ngô Xuân An,ngo.xuan.an.16699@pharmacity.vn,Pharmacity,Marketing Manager,retail,25,0706715900
Lý Văn Nam,ly.van.nam.16700@gmail.com,Duy Tan Plastics,CEO,education,10,0938861885
Phạm Thanh Lan,pham.thanh.lan.16701@pharmacity.vn,Pharmacity,Product Manager,ecommerce,25,0969709035
Bùi Văn Châu,bui.van.chau.16702@shopeevietna.vn,Shopee Vietnam,Head of Finance,logistics,500,0933296228
Võ Đức Trang,vo.duc.trang.16703@gmail.com,TopCV,Head of Finance,retail,25,0930949719
Đặng Đức Mai,dang.duc.mai.16704@gmail.com,Tiki,Operations Manager,education,10,0705764900
Hồ Ngọc Giang,ho.ngoc.giang.16705@vinmec.vn,Vinmec,Head of Finance,fintech,250,0960813077
Phạm Hồng Tuấn,pham.hong.tuan.16706@gemadeptlogi.vn,Gemadept Logistics,CFO,ecommerce,120,0909378588
Phạm Hồng Mai,pham.hong.mai.16707@kiotviet.vn,KiotViet,Operations Manager,retail,25,0972611264
Đặng Thanh Tuấn,dang.thanh.tuan.16708@duytanplasti.vn,Duy Tan Plastics,Sales Director,software,500,0868271828
Hồ Quang Lan,ho.quang.lan.16709@thacoindustr.vn,Thaco Industries,CEO,software,250,0863486735
Ngô Minh Nam,ngo.minh.nam.16710@fptsoftware.vn,FPT Software,Product Manager,ecommerce,25,0702395933
Võ Thanh Hùng,vo.thanh.hung.16711@gmail.com,Base.vn,Operations Manager,logistics,1500,0966606549
Bùi Ngọc Nam,bui.ngoc.nam.16712@basevn.vn,Base.vn,Head of Finance,ecommerce,25,0706744301
Đặng Hữu Phúc,dang.huu.phuc.16713@pharmacity.vn,Pharmacity,Kế toán trưởng,healthcare,50,0351749147
Bùi Xuân Tuấn,bui.xuan.tuan.16714@gmail.com,MoMo,CFO,ecommerce,250,0324010314
Lý Hữu Trang,ly.huu.trang.16715@vinmec.vn,Vinmec,Head of Finance,logistics,50,0912975364
Lý Xuân Việt,ly.xuan.viet.16716@topcv.vn,TopCV,Marketing Manager,fintech,120,0919904575
Hoàng Quang Hùng,hoang.quang.hung.16717@kiotviet.vn,KiotViet,Kế toán trưởng,healthcare,120,0356898133
Võ Quang Tuấn,vo.quang.tuan.16718@gmail.com,Gemadept Logistics,Sales Director,healthcare,500,0323954391
Lý Đức Bình,ly.duc.binh.16719@vinmec.vn,Vinmec,Kế toán trưởng,software,1500,0905683966
Lê Thị Mai,le.thi.mai.16720@duytanplasti.vn,Duy Tan Plastics,Head of Finance,fintech,500,0976578502
Lý Ngọc Dũng,ly.ngoc.dung.16721@kiotviet.vn,KiotViet,Head of Finance,manufacturing,10,0709965800
Lý Ngọc Giang,ly.ngoc.giang.16722@viettiengarm.vn,Viet Tien Garment,Sales Director,retail,25,0973626225
Vũ Hữu Trang,vu.huu.trang.16723@gmail.com,Vinamilk,Marketing Manager,logistics,25,0970860939
Lý Hữu Tâm,ly.huu.tam.16724@thacoindustr.vn,Thaco Industries,Product Manager,fintech,120,0908052510
Nguyễn Hữu Sơn,nguyen.huu.son.16725@momo.vn,MoMo,Product Manager,education,120,0902776899
Lý Thị Châu,ly.thi.chau.16726@gmail.com,Base.vn,Head of Finance,logistics,250,0863525351
Hồ Thanh Oanh,ho.thanh.oanh.16727@thacoindustr.vn,Thaco Industries,Sales Director,healthcare,500,0702451647
Hồ Hồng Linh,ho.hong.linh.16728@pnj.vn,PNJ,Marketing Manager,education,50,0869277780
Phan Thanh Linh,phan.thanh.linh.16729@thecoffeehou.vn,The Coffee House,Procurement Manager,retail,120,0965810795
Hồ Xuân Mai,ho.xuan.mai.16730@kiotviet.vn,KiotViet,Procurement Manager,retail,50,0978884412
Vũ Thanh Sơn,vu.thanh.son.16731@vinamilk.vn,Vinamilk,Marketing Manager,software,10,0973584904
Vũ Thanh Linh,vu.thanh.linh.16732@thacoindustr.vn,Thaco Industries,CFO,software,120,0906827507
Phan Minh Dũng,phan.minh.dung.16733@hoaphat.vn,Hoà Phát,Kế toán trưởng,logistics,25,0706955423
Bùi Hồng Sơn,bui.hong.son.16734@vngcorporati.vn,VNG Corporation,Sales Director,retail,25,0916576258
Trần Quang Châu,tran.quang.chau.16735@vngcorporati.vn,VNG Corporation,Sales Director,software,10,0320461019
Phan Ngọc Tuấn,phan.ngoc.tuan.16736@tiki.vn,Tiki,Head of Finance,fintech,50,0912108888
Hồ Hữu Hùng,ho.huu.hung.16737@shopeevietna.vn,Shopee Vietnam,Marketing Manager,retail,500,0967521286
Đặng Minh Oanh,dang.minh.oanh.16738@gmail.com,Pharmacity,Product Manager,ecommerce,25,0972670448
Trần Quang Khánh,tran.quang.khanh.16739@vinamilk.vn,Vinamilk,CEO,fintech,500,0916209551
Đỗ Minh Linh,do.minh.linh.16740@kiotviet.vn,KiotViet,CTO,ecommerce,50,0358864816
Hoàng Thị Hà,hoang.thi.ha.16741@gmail.com,Tiki,CTO,healthcare,25,0702974467
Hồ Thị Mai,ho.thi.mai.16742@basevn.vn,Base.vn,Head of Finance,healthcare,1500,0358180274
Vũ Thị Bình,vu.thi.binh.16743@basevn.vn,Base.vn,CFO,logistics,50,0974076185
Đặng Minh Giang,dang.minh.giang.16744@topcv.vn,TopCV,Procurement Manager,education,500,0907114624
Hoàng Thị Oanh,hoang.thi.oanh.16745@vinmec.vn,Vinmec,Marketing Manager,software,500,0356083856
Bùi Minh Phúc,bui.minh.phuc.16746@gmail.com,Tiki,Head of Finance,fintech,1500,0901263511
Hồ Văn Quân,ho.van.quan.16747@gmail.com,Vinamilk,CEO,logistics,50,0914571233
Trần Thanh Mai,tran.thanh.mai.16748@gmail.com,Haravan,Head of Finance,logistics,1500,0320570944
Hoàng Thị Việt,hoang.thi.viet.16749@cenland.vn,CenLand,Kế toán trưởng,healthcare,25,0961647587
Đặng Hữu Tuấn,dang.huu.tuan.16750@gmail.com,VNG Corporation,CTO,manufacturing,10,0903324302
Lý Ngọc Lan,ly.ngoc.lan.16751@tiki.vn,Tiki,CTO,education,500,0325159983
Trần Quang Dũng,tran.quang.dung.16752@gmail.com,Haravan,Procurement Manager,education,10,0863845846
Nguyễn Văn Giang,nguyen.van.giang.16753@gmail.com,Viet Tien Garment,CFO,ecommerce,500,0865859818
Hồ Quang Khánh,ho.quang.khanh.16754@momo.vn,MoMo,Sales Director,retail,250,0908176406
Nguyễn Hồng Quân,nguyen.hong.quan.16755@gmail.com,Base.vn,Head of Finance,healthcare,120,0971829114
Đỗ Minh Việt,do.minh.viet.16756@pharmacity.vn,Pharmacity,Kế toán trưởng,healthcare,25,0863024878
Đỗ Thanh An,do.thanh.an.16757@thacoindustr.vn,Thaco Industries,Sales Director,manufacturing,50,0930099692
Bùi Thanh Mai,bui.thanh.mai.16758@shopeevietna.vn,Shopee Vietnam,Marketing Manager,ecommerce,120,0353459827
Nguyễn Hồng Tuấn,nguyen.hong.tuan.16759@shopeevietna.vn,Shopee Vietnam,CEO,logistics,120,0975207542
Vũ Văn Khánh,vu.van.khanh.16760@gemadeptlogi.vn,Gemadept Logistics,Marketing Manager,healthcare,25,0972055795
Đặng Văn Nam,dang.van.nam.16761@gmail.com,Tiki,Head of Finance,logistics,500,0707275786
Lê Văn Oanh,le.van.oanh.16762@shopeevietna.vn,Shopee Vietnam,CEO,ecommerce,250,0329023399
Bùi Văn Châu,bui.van.chau.16763@vinmec.vn,Vinmec,Head of Finance,logistics,500,0917991654
Đặng Hữu Nam,dang.huu.nam.16764@hoaphat.vn,Hoà Phát,Marketing Manager,fintech,10,0973010347
Nguyễn Hữu Mai,nguyen.huu.mai.16765@cenland.vn,CenLand,Kế toán trưởng,education,10,0865572589
Nguyễn Hồng Lan,nguyen.hong.lan.16766@haravan.vn,Haravan,CTO,ecommerce,500,0359300264
Đỗ Thị Tâm,do.thi.tam.16767@vinamilk.vn,Vinamilk,CTO,fintech,500,0977326452
Dương Ngọc Việt,duong.ngoc.viet.16768@momo.vn,MoMo,Sales Director,retail,25,0323639130
Nguyễn Hữu Mai,nguyen.huu.mai.16769@haravan.vn,Haravan,Kế toán trưởng,fintech,250,0909648804
Hoàng Minh Linh,hoang.minh.linh.16770@haravan.vn,Haravan,Head of Finance,software,1500,0709507362
Phan Đức Tuấn,phan.duc.tuan.16771@fptsoftware.vn,FPT Software,CEO,healthcare,500,0868443263
Ngô Thanh Nam,ngo.thanh.nam.16772@vinamilk.vn,Vinamilk,Product Manager,software,120,0961097211
Phạm Hữu Lan,pham.huu.lan.16773@gmail.com,MoMo,CFO,fintech,10,0868850840
Phan Quang Quân,phan.quang.quan.16774@kiotviet.vn,KiotViet,Head of Finance,retail,250,0329491695
Lý Hữu Việt,ly.huu.viet.16775@gmail.com,TopCV,CFO,manufacturing,250,0908848515
Hoàng Văn Quân,hoang.van.quan.16776@gmail.com,Pharmacity,Kế toán trưởng,software,120,0965963199
Phan Hữu Lan,phan.huu.lan.16777@gmail.com,FPT Software,Product Manager,fintech,50,0973896811
Lý Hữu Giang,ly.huu.giang.16778@viettiengarm.vn,Viet Tien Garment,Kế toán trưởng,fintech,10,0939496813
Đỗ Minh Tâm,do.minh.tam.16779@cenland.vn,CenLand,Marketing Manager,retail,1500,0962152387
Lý Thị Tâm,ly.thi.tam.16780@gmail.com,Shopee Vietnam,Kế toán trưởng,healthcare,10,0971253202
Hoàng Xuân Lan,hoang.xuan.lan.16781@gemadeptlogi.vn,Gemadept Logistics,CTO,retail,10,0975781015
Lê Minh Trang,le.minh.trang.16782@pnj.vn,PNJ,Operations Manager,logistics,10,0911733552
Ngô Hồng Lan,ngo.hong.lan.16783@basevn.vn,Base.vn,Operations Manager,education,10,0328396181
Bùi Quang Châu,bui.quang.chau.16784@kiotviet.vn,KiotViet,CTO,healthcare,25,0968177152
Ngô Hồng Khánh,ngo.hong.khanh.16785@momo.vn,MoMo,CTO,manufacturing,1500,0964085219
Hồ Đức Quân,ho.duc.quan.16786@vinmec.vn,Vinmec,Procurement Manager,retail,50,0903089814
Trần Thị Hà,tran.thi.ha.16787@thacoindustr.vn,Thaco Industries,Marketing Manager,retail,250,0704540795
Đỗ Hữu Sơn,do.huu.son.16788@gmail.com,Gemadept Logistics,CEO,ecommerce,120,0979995314
Vũ Thanh Sơn,vu.thanh.son.16789@tiki.vn,Tiki,Head of Finance,retail,50,0966744430
Hồ Ngọc Sơn,ho.ngoc.son.16790@gmail.com,Gemadept Logistics,CFO,ecommerce,10,0968948126
Nguyễn Hồng Mai,nguyen.hong.mai.16791@shopeevietna.vn,Shopee Vietnam,CTO,manufacturing,25,0962891419
Trần Ngọc Hùng,tran.ngoc.hung.16792@topcv.vn,TopCV,Kế toán trưởng,retail,50,0868171214
Trần Quang Phúc,tran.quang.phuc.16793@gemadeptlogi.vn,Gemadept Logistics,Product Manager,healthcare,250,0326844815
Phan Đức Bình,phan.duc.binh.16794@vinmec.vn,Vinmec,Operations Manager,ecommerce,250,0869651571
Nguyễn Minh Linh,nguyen.minh.linh.16795@duytanplasti.vn,Duy Tan Plastics,Kế toán trưởng,ecommerce,120,0976771507
Phan Quang Quân,phan.quang.quan.16796@cenland.vn,CenLand,Product Manager,logistics,10,0917297345
Lê Quang Tâm,le.quang.tam.16797@gmail.com,The Coffee House,Sales Director,manufacturing,500,0354913202
Phạm Minh Trang,pham.minh.trang.16798@kiotviet.vn,KiotViet,Procurement Manager,ecommerce,10,0328840698
Hồ Minh Quân,ho.minh.quan.16799@gmail.com,Tiki,Head of Finance,education,25,0902682885
Hoàng Văn Oanh,hoang.van.oanh.16800@gmail.com,CenLand,Head of Finance,logistics,25,0902464763
Bùi Minh Trang,bui.minh.trang.16801@haravan.vn,Haravan,Kế toán trưởng,manufacturing,250,0327349179
Nguyễn Ngọc Châu,nguyen.ngoc.chau.16802@fptsoftware.vn,FPT Software,Head of Finance,ecommerce,1500,0965058444
Đỗ Thị Lan,do.thi.lan.16803@gmail.com,Vinmec,CFO,healthcare,1500,0323567727
Đỗ Văn Hà,do.van.ha.16804@vngcorporati.vn,VNG Corporation,Product Manager,manufacturing,10,0914240922
Lý Hồng Tâm,ly.hong.tam.16805@vinamilk.vn,Vinamilk,Product Manager,software,500,0902652770
Hoàng Xuân Bình,hoang.xuan.binh.16806@thecoffeehou.vn,The Coffee House,Operations Manager,healthcare,50,0321269685
Lê Đức Việt,le.duc.viet.16807@shopeevietna.vn,Shopee Vietnam,Procurement Manager,ecommerce,1500,0329049857
Lý Hữu Tuấn,ly.huu.tuan.16808@gmail.com,Vinmec,CFO,fintech,1500,0938342494
Đặng Đức Bình,dang.duc.binh.16809@tiki.vn,Tiki,Procurement Manager,healthcare,120,0326503688
Đỗ Hữu Giang,do.huu.giang.16810@vinmec.vn,Vinmec,Product Manager,retail,25,0975089900
Ngô Đức Tuấn,ngo.duc.tuan.16811@cenland.vn,CenLand,CEO,healthcare,1500,0962273976
Bùi Hữu Nam,bui.huu.nam.16812@tiki.vn,Tiki,Operations Manager,healthcare,50,0902655520
Đỗ Xuân Linh,do.xuan.linh.16813@haravan.vn,Haravan,Product Manager,retail,250,0908265882
Đỗ Xuân Dũng,do.xuan.dung.16814@tiki.vn,Tiki,Product Manager,education,500,0918998652
Nguyễn Quang Nam,nguyen.quang.nam.16815@hoaphat.vn,Hoà Phát,CEO,retail,50,0706442534
Dương Minh Tâm,duong.minh.tam.16816@tiki.vn,Tiki,Product Manager,ecommerce,25,0911281783
Phan Đức Trang,phan.duc.trang.16817@gmail.com,CenLand,Operations Manager,ecommerce,120,0979954063
Đỗ Minh Hùng,do.minh.hung.16818@vinamilk.vn,Vinamilk,Operations Manager,healthcare,500,0976089251
Nguyễn Ngọc Nam,nguyen.ngoc.nam.16819@gmail.com,The Coffee House,Operations Manager,logistics,120,0915865819
Võ Văn Khánh,vo.van.khanh.16820@topcv.vn,TopCV,CTO,fintech,250,0900251840
Đặng Văn Quân,dang.van.quan.16821@thecoffeehou.vn,The Coffee House,Sales Director,software,250,0913336355
Trần Minh An,tran.minh.an.16822@gmail.com,CenLand,CTO,healthcare,500,0932966833
Dương Hồng Châu,duong.hong.chau.16823@thacoindustr.vn,Thaco Industries,CFO,education,50,0916485218
Phan Ngọc Hà,phan.ngoc.ha.16824@pharmacity.vn,Pharmacity,Operations Manager,retail,250,0328464500
Dương Thị Giang,duong.thi.giang.16825@pharmacity.vn,Pharmacity,Marketing Manager,manufacturing,25,0865164373
Phan Thị Phúc,phan.thi.phuc.16826@gmail.com,Vinmec,Operations Manager,logistics,10,0900216747
Hồ Quang Việt,ho.quang.viet.16827@haravan.vn,Haravan,Product Manager,education,1500,0979180480
Đặng Thị Sơn,dang.thi.son.16828@pharmacity.vn,Pharmacity,Sales Director,software,1500,0707793300
Lý Ngọc Trang,ly.ngoc.trang.16829@thacoindustr.vn,Thaco Industries,Operations Manager,manufacturing,10,0933962559
Hoàng Ngọc Phúc,hoang.ngoc.phuc.16830@vngcorporati.vn,VNG Corporation,Procurement Manager,software,500,0863622280
Ngô Hồng Sơn,ngo.hong.son.16831@gmail.com,Haravan,Operations Manager,logistics,10,0325540029
Hoàng Hữu Trang,hoang.huu.trang.16832@duytanplasti.vn,Duy Tan Plastics,Head of Finance,software,250,0962166418
Phan Văn Phúc,phan.van.phuc.16833@thacoindustr.vn,Thaco Industries,Product Manager,retail,25,0966494892
Võ Hữu Giang,vo.huu.giang.16834@gmail.com,Tiki,Product Manager,manufacturing,1500,0327811396
Hồ Xuân Nam,ho.xuan.nam.16835@momo.vn,MoMo,CEO,retail,10,0938614192
Nguyễn Ngọc Phúc,nguyen.ngoc.phuc.16836@pnj.vn,PNJ,Sales Director,fintech,25,0902896775
Ngô Hữu Tâm,ngo.huu.tam.16837@duytanplasti.vn,Duy Tan Plastics,CFO,ecommerce,1500,0351701447
Trần Hữu An,tran.huu.an.16838@duytanplasti.vn,Duy Tan Plastics,Product Manager,manufacturing,10,0938457422
Đỗ Hữu Phúc,do.huu.phuc.16839@cenland.vn,CenLand,Kế toán trưởng,logistics,500,0865193751
Dương Ngọc Dũng,duong.ngoc.dung.16840@cenland.vn,CenLand,CTO,ecommerce,500,0909670705
Phạm Hữu Trang,pham.huu.trang.16841@thecoffeehou.vn,The Coffee House,Kế toán trưởng,education,120,0915564330
Võ Đức Châu,vo.duc.chau.16842@gmail.com,PNJ,CEO,education,120,0355968019
Trần Đức Phúc,tran.duc.phuc.16843@cenland.vn,CenLand,Marketing Manager,ecommerce,250,0977327686
Phan Minh Tâm,phan.minh.tam.16844@gmail.com,TopCV,CFO,manufacturing,250,0355121765
Phạm Minh Trang,pham.minh.trang.16845@pharmacity.vn,Pharmacity,Marketing Manager,manufacturing,50,0324972218
Phạm Quang Phúc,pham.quang.phuc.16846@gmail.com,Hoà Phát,CEO,fintech,1500,0960944369
Lý Thanh Quân,ly.thanh.quan.16847@gmail.com,TopCV,Kế toán trưởng,education,10,0329197041
Đỗ Quang Phúc,do.quang.phuc.16848@duytanplasti.vn,Duy Tan Plastics,Marketing Manager,software,1500,0350875650
Vũ Quang An,vu.quang.an.16849@vngcorporati.vn,VNG Corporation,Head of Finance,manufacturing,10,0903943868
Vũ Văn Hùng,vu.van.hung.16850@gmail.com,Base.vn,Head of Finance,fintech,25,0351037824
Võ Văn Trang,vo.van.trang.16851@kiotviet.vn,KiotViet,Sales Director,ecommerce,250,0869699147
Dương Thanh Châu,duong.thanh.chau.16852@kiotviet.vn,KiotViet,Kế toán trưởng,fintech,10,0968986382
Đặng Hữu Tâm,dang.huu.tam.16853@fptsoftware.vn,FPT Software,CEO,education,120,0864972259
Bùi Minh Phúc,bui.minh.phuc.16854@cenland.vn,CenLand,CFO,healthcare,50,0970772095
Phan Hồng Sơn,phan.hong.son.16855@hoaphat.vn,Hoà Phát,Kế toán trưởng,healthcare,500,0700438289
Dương Đức Mai,duong.duc.mai.16856@duytanplasti.vn,Duy Tan Plastics,CFO,logistics,120,0354305552
Phạm Quang Dũng,pham.quang.dung.16857@gmail.com,Hoà Phát,CTO,logistics,120,0861376802
Hồ Thị Việt,ho.thi.viet.16858@vngcorporati.vn,VNG Corporation,Product Manager,education,1500,0935799876
Lý Hữu Nam,ly.huu.nam.16859@cenland.vn,CenLand,Operations Manager,education,1500,0933723123
Nguyễn Văn Dũng,nguyen.van.dung.16860@basevn.vn,Base.vn,CTO,logistics,120,0702084859
Võ Thanh Dũng,vo.thanh.dung.16861@hoaphat.vn,Hoà Phát,Product Manager,manufacturing,10,0355221613
Phan Thị Tâm,phan.thi.tam.16862@basevn.vn,Base.vn,Marketing Manager,retail,1500,0975330832
Đỗ Minh Dũng,do.minh.dung.16863@gmail.com,Gemadept Logistics,CEO,retail,120,0866170706
Võ Đức Bình,vo.duc.binh.16864@gmail.com,MoMo,Operations Manager,logistics,500,0863581656
Phan Thanh Hà,phan.thanh.ha.16865@vinmec.vn,Vinmec,CFO,education,120,0325194173
Vũ Thanh Quân,vu.thanh.quan.16866@vinmec.vn,Vinmec,Operations Manager,ecommerce,250,0868779166
Bùi Đức Châu,bui.duc.chau.16867@momo.vn,MoMo,Head of Finance,education,250,0914394438
Đỗ Thị Oanh,do.thi.oanh.16868@shopeevietna.vn,Shopee Vietnam,Sales Director,education,10,0907087583
Bùi Ngọc Châu,bui.ngoc.chau.16869@vinamilk.vn,Vinamilk,CTO,logistics,250,0917694892
Võ Minh Hùng,vo.minh.hung.16870@pnj.vn,PNJ,CEO,software,10,0322859139
Nguyễn Minh Phúc,nguyen.minh.phuc.16871@vinamilk.vn,Vinamilk,Product Manager,ecommerce,10,0972065694
Phạm Thị Lan,pham.thi.lan.16872@gemadeptlogi.vn,Gemadept Logistics,Head of Finance,ecommerce,50,0862729443
Bùi Thanh Lan,bui.thanh.lan.16873@fptsoftware.vn,FPT Software,Operations Manager,manufacturing,10,0978196752
Nguyễn Văn Tuấn,nguyen.van.tuan.16874@vinamilk.vn,Vinamilk,Sales Director,manufacturing,25,0700128429
Ngô Minh Phúc,ngo.minh.phuc.16875@vngcorporati.vn,VNG Corporation,CFO,retail,250,0963737039
Bùi Minh Phúc,bui.minh.phuc.16876@kiotviet.vn,KiotViet,Sales Director,retail,10,0964773972
Lý Hồng Bình,ly.hong.binh.16877@gmail.com,Viet Tien Garment,CTO,retail,120,0325212427
Đặng Hồng Phúc,dang.hong.phuc.16878@vinamilk.vn,Vinamilk,CTO,software,25,0905121649
Phan Quang Linh,phan.quang.linh.16879@topcv.vn,TopCV,Head of Finance,healthcare,50,0960843838
Phan Minh Linh,phan.minh.linh.16880@thacoindustr.vn,Thaco Industries,Procurement Manager,education,25,0863319850
Hoàng Thị Hà,hoang.thi.ha.16881@haravan.vn,Haravan,Marketing Manager,logistics,500,0866429423
Phạm Hữu Hùng,pham.huu.hung.16882@gemadeptlogi.vn,Gemadept Logistics,Procurement Manager,retail,10,0961602477
Bùi Thanh Phúc,bui.thanh.phuc.16883@vngcorporati.vn,VNG Corporation,Product Manager,fintech,25,0916965285
Trần Thanh Lan,tran.thanh.lan.16884@hoaphat.vn,Hoà Phát,Product Manager,education,500,0972476904
Đỗ Đức Mai,do.duc.mai.16885@gmail.com,Gemadept Logistics,CTO,logistics,10,0900025595
Võ Quang Châu,vo.quang.chau.16886@gmail.com,Haravan,Marketing Manager,retail,120,0358719892
Võ Ngọc Quân,vo.ngoc.quan.16887@thacoindustr.vn,Thaco Industries,Procurement Manager,logistics,500,0901486549
Phạm Thanh Hùng,pham.thanh.hung.16888@gemadeptlogi.vn,Gemadept Logistics,Procurement Manager,software,250,0977332876
Nguyễn Hồng Tuấn,nguyen.hong.tuan.16889@vinamilk.vn,Vinamilk,Sales Director,logistics,10,0861116527
Võ Minh Tâm,vo.minh.tam.16890@shopeevietna.vn,Shopee Vietnam,CFO,retail,500,0903737186
Hồ Minh Giang,ho.minh.giang.16891@haravan.vn,Haravan,Marketing Manager,logistics,120,0321431524
Lê Hữu Phúc,le.huu.phuc.16892@gmail.com,Thaco Industries,CEO,retail,500,0918764210
Ngô Minh Nam,ngo.minh.nam.16893@viettiengarm.vn,Viet Tien Garment,Sales Director,ecommerce,250,0356978441
Lê Thanh Hùng,le.thanh.hung.16894@tiki.vn,Tiki,Operations Manager,fintech,120,0701314227
Bùi Xuân Hùng,bui.xuan.hung.16895@gmail.com,Tiki,Procurement Manager,education,50,0325993200
Hồ Xuân Việt,ho.xuan.viet.16896@gmail.com,TopCV,Head of Finance,education,10,0869759491
Trần Thanh An,tran.thanh.an.16897@gmail.com,Vinmec,Head of Finance,healthcare,1500,0935466355
Võ Minh Dũng,vo.minh.dung.16898@duytanplasti.vn,Duy Tan Plastics,Head of Finance,software,250,0904098772
Lý Đức Tuấn,ly.duc.tuan.16899@gmail.com,Thaco Industries,Sales Director,ecommerce,1500,0972392333
Nguyễn Hồng Oanh,nguyen.hong.oanh.16900@pharmacity.vn,Pharmacity,Marketing Manager,manufacturing,25,0708842558
Ngô Đức Hùng,ngo.duc.hung.16901@viettiengarm.vn,Viet Tien Garment,CFO,ecommerce,1500,0930332041
Hồ Hồng Phúc,ho.hong.phuc.16902@gmail.com,The Coffee House,CTO,manufacturing,500,0938613911
Phan Hữu Giang,phan.huu.giang.16903@viettiengarm.vn,Viet Tien Garment,Product Manager,ecommerce,10,0901106592
Hồ Minh Mai,ho.minh.mai.16904@vngcorporati.vn,VNG Corporation,Marketing Manager,manufacturing,500,0975329228
Võ Quang Khánh,vo.quang.khanh.16905@basevn.vn,Base.vn,Marketing Manager,education,500,0357958023
Phạm Thanh Tuấn,pham.thanh.tuan.16906@gmail.com,Thaco Industries,Head of Finance,education,25,0702767161
Hồ Thanh Quân,ho.thanh.quan.16907@cenland.vn,CenLand,Marketing Manager,retail,25,0967744413
Phạm Hồng Trang,pham.hong.trang.16908@shopeevietna.vn,Shopee Vietnam,Head of Finance,fintech,25,0916609749
Đặng Ngọc Sơn,dang.ngoc.son.16909@thecoffeehou.vn,The Coffee House,CEO,fintech,500,0914246534
Hoàng Quang Giang,hoang.quang.giang.16910@basevn.vn,Base.vn,Marketing Manager,education,1500,0329385883
Phạm Thị Châu,pham.thi.chau.16911@pharmacity.vn,Pharmacity,Sales Director,software,1500,0706756554
Đỗ Ngọc Lan,do.ngoc.lan.16912@cenland.vn,CenLand,Product Manager,manufacturing,1500,0908537062
Bùi Đức Phúc,bui.duc.phuc.16913@topcv.vn,TopCV,CFO,logistics,10,0974467128
Đỗ Thanh Bình,do.thanh.binh.16914@viettiengarm.vn,Viet Tien Garment,Sales Director,ecommerce,10,0861277878
Dương Đức Nam,duong.duc.nam.16915@topcv.vn,TopCV,CFO,logistics,1500,0906159231
Dương Thanh Dũng,duong.thanh.dung.16916@pharmacity.vn,Pharmacity,CFO,retail,50,0977947915
Vũ Hữu Giang,vu.huu.giang.16917@haravan.vn,Haravan,Procurement Manager,fintech,500,0917011133
Dương Thị Hùng,duong.thi.hung.16918@haravan.vn,Haravan,Sales Director,retail,10,0907732780
Đỗ Ngọc Giang,do.ngoc.giang.16919@gmail.com,PNJ,Kế toán trưởng,manufacturing,50,0962302137
Bùi Hữu Bình,bui.huu.binh.16920@gmail.com,Tiki,Kế toán trưởng,healthcare,120,0704295953
Vũ Thanh Bình,vu.thanh.binh.16921@pnj.vn,PNJ,Marketing Manager,education,50,0900276648
Hồ Thanh Trang,ho.thanh.trang.16922@thecoffeehou.vn,The Coffee House,Sales Director,retail,500,0914021705
Bùi Hữu Bình,bui.huu.binh.16923@viettiengarm.vn,Viet Tien Garment,Procurement Manager,logistics,500,0910993217
Đỗ Xuân Mai,do.xuan.mai.16924@fptsoftware.vn,FPT Software,Sales Director,retail,1500,0321759046
Phan Hữu Châu,phan.huu.chau.16925@kiotviet.vn,KiotViet,Head of Finance,manufacturing,25,0320411099
Hoàng Hữu Tâm,hoang.huu.tam.16926@tiki.vn,Tiki,Operations Manager,ecommerce,500,0702849955
Bùi Xuân Tuấn,bui.xuan.tuan.16927@hoaphat.vn,Hoà Phát,Kế toán trưởng,manufacturing,50,0324355207
Hồ Minh Trang,ho.minh.trang.16928@gmail.com,Haravan,Product Manager,manufacturing,50,0708107952
Dương Đức Dũng,duong.duc.dung.16929@basevn.vn,Base.vn,Sales Director,education,1500,0960779034
Hoàng Xuân Mai,hoang.xuan.mai.16930@gmail.com,Haravan,Head of Finance,logistics,25,0867129554
Hoàng Thanh Việt,hoang.thanh.viet.16931@shopeevietna.vn,Shopee Vietnam,Head of Finance,ecommerce,25,0708763746
Ngô Thanh Phúc,ngo.thanh.phuc.16932@gmail.com,FPT Software,Sales Director,education,250,0977339753
Trần Minh Châu,tran.minh.chau.16933@basevn.vn,Base.vn,CEO,healthcare,250,0357289636
Võ Hữu Việt,vo.huu.viet.16934@gmail.com,Thaco Industries,Kế toán trưởng,healthcare,1500,0979499070
Bùi Quang Bình,bui.quang.binh.16935@momo.vn,MoMo,Sales Director,fintech,250,0966056428
Vũ Xuân Bình,vu.xuan.binh.16936@hoaphat.vn,Hoà Phát,Product Manager,education,1500,0963054216
Dương Hữu Giang,duong.huu.giang.16937@gmail.com,PNJ,Procurement Manager,education,120,0912690405
Ngô Thị Linh,ngo.thi.linh.16938@gmail.com,Hoà Phát,Product Manager,logistics,500,0934077736
Võ Thanh Trang,vo.thanh.trang.16939@vngcorporati.vn,VNG Corporation,CTO,ecommerce,250,0707841854
Lê Quang Châu,le.quang.chau.16940@gmail.com,CenLand,Head of Finance,software,500,0938050149
Đỗ Đức Phúc,do.duc.phuc.16941@gmail.com,Shopee Vietnam,Head of Finance,fintech,120,0960324153
Lý Đức Tâm,ly.duc.tam.16942@vinmec.vn,Vinmec,CTO,fintech,500,0975147739
Phan Thị Nam,phan.thi.nam.16943@duytanplasti.vn,Duy Tan Plastics,Procurement Manager,fintech,25,0351025077
Hoàng Hồng Phúc,hoang.hong.phuc.16944@gmail.com,The Coffee House,Operations Manager,manufacturing,500,0862416078
Phan Thanh Việt,phan.thanh.viet.16945@thacoindustr.vn,Thaco Industries,CFO,ecommerce,500,0324222668
Đặng Văn Hà,dang.van.ha.16946@vinmec.vn,Vinmec,Operations Manager,manufacturing,25,0327304720
Hồ Hồng An,ho.hong.an.16947@gmail.com,Haravan,Product Manager,manufacturing,1500,0357033472
Bùi Hữu Châu,bui.huu.chau.16948@thecoffeehou.vn,The Coffee House,CTO,retail,120,0701891480
Bùi Văn Nam,bui.van.nam.16949@duytanplasti.vn,Duy Tan Plastics,Procurement Manager,software,25,0965359275
Trần Đức Sơn,tran.duc.son.16950@vinamilk.vn,Vinamilk,CTO,software,50,0329404884
Nguyễn Quang Châu,nguyen.quang.chau.16951@vinmec.vn,Vinmec,CFO,fintech,10,0861835221
Lê Ngọc Dũng,le.ngoc.dung.16952@gmail.com,The Coffee House,Head of Finance,ecommerce,250,0960783874
Bùi Hồng Việt,bui.hong.viet.16953@gmail.com,Haravan,CFO,healthcare,1500,0709958073
Đỗ Quang Tuấn,do.quang.tuan.16954@vinamilk.vn,Vinamilk,Product Manager,healthcare,500,0917105650
Hoàng Minh Giang,hoang.minh.giang.16955@viettiengarm.vn,Viet Tien Garment,Product Manager,logistics,250,0931217078
Lý Quang Hà,ly.quang.ha.16956@vngcorporati.vn,VNG Corporation,Procurement Manager,education,25,0917252376
Phạm Hồng Bình,pham.hong.binh.16957@tiki.vn,Tiki,Marketing Manager,logistics,25,0703005838
Lý Xuân Mai,ly.xuan.mai.16958@gmail.com,FPT Software,Operations Manager,healthcare,1500,0322141664
Lý Thị Nam,ly.thi.nam.16959@gemadeptlogi.vn,Gemadept Logistics,Sales Director,manufacturing,1500,0354932354
Vũ Ngọc Bình,vu.ngoc.binh.16960@gmail.com,Vinamilk,CTO,logistics,120,0911705040
Đỗ Minh Việt,do.minh.viet.16961@gmail.com,Hoà Phát,Head of Finance,fintech,25,0913262180
Dương Hữu Bình,duong.huu.binh.16962@duytanplasti.vn,Duy Tan Plastics,Kế toán trưởng,manufacturing,50,0969073395
Vũ Ngọc Dũng,vu.ngoc.dung.16963@gmail.com,Base.vn,Kế toán trưởng,fintech,500,0324612876
Hoàng Minh Sơn,hoang.minh.son.16964@viettiengarm.vn,Viet Tien Garment,Sales Director,logistics,500,0967297407
Phạm Minh Hà,pham.minh.ha.16965@gmail.com,Pharmacity,CTO,ecommerce,10,0970711924
Trần Văn Khánh,tran.van.khanh.16966@vngcorporati.vn,VNG Corporation,CFO,retail,50,0971423229
Đặng Hữu Nam,dang.huu.nam.16967@gmail.com,Haravan,Procurement Manager,ecommerce,50,0939063610
Lê Văn Việt,le.van.viet.16968@viettiengarm.vn,Viet Tien Garment,Operations Manager,software,25,0932273328
Lý Thanh Tuấn,ly.thanh.tuan.16969@thacoindustr.vn,Thaco Industries,Head of Finance,logistics,250,0901075625
Dương Đức Quân,duong.duc.quan.16970@gmail.com,CenLand,CEO,ecommerce,50,0703521240
Dương Quang Mai,duong.quang.mai.16971@vinamilk.vn,Vinamilk,Head of Finance,education,50,0979093793
Dương Thanh Linh,duong.thanh.linh.16972@cenland.vn,CenLand,Marketing Manager,retail,250,0320113018
Trần Thị Lan,tran.thi.lan.16973@cenland.vn,CenLand,Sales Director,healthcare,50,0933500364
Hồ Thị Dũng,ho.thi.dung.16974@gmail.com,CenLand,Procurement Manager,software,50,0324944766
Ngô Quang Giang,ngo.quang.giang.16975@gmail.com,MoMo,Product Manager,ecommerce,50,0975140716
Phạm Hữu Tâm,pham.huu.tam.16976@gmail.com,TopCV,Marketing Manager,manufacturing,10,0862493839
Dương Quang Trang,duong.quang.trang.16977@shopeevietna.vn,Shopee Vietnam,Operations Manager,healthcare,500,0910620089
Phan Quang Hùng,phan.quang.hung.16978@vinmec.vn,Vinmec,Procurement Manager,software,1500,0900866969
Dương Minh Việt,duong.minh.viet.16979@pharmacity.vn,Pharmacity,Marketing Manager,fintech,500,0324987234
Bùi Xuân Trang,bui.xuan.trang.16980@gmail.com,Viet Tien Garment,Operations Manager,healthcare,25,0328085133
Bùi Hồng Sơn,bui.hong.son.16981@tiki.vn,Tiki,CFO,education,50,0966752961
Võ Văn Việt,vo.van.viet.16982@gmail.com,TopCV,Sales Director,logistics,500,0978788237
Trần Thị Linh,tran.thi.linh.16983@gmail.com,Vinmec,CFO,retail,1500,0320863411
Vũ Quang Sơn,vu.quang.son.16984@viettiengarm.vn,Viet Tien Garment,CTO,fintech,250,0328609149
Ngô Hữu Giang,ngo.huu.giang.16985@hoaphat.vn,Hoà Phát,CTO,manufacturing,500,0934166901
Đỗ Thanh Sơn,do.thanh.son.16986@vinmec.vn,Vinmec,CFO,logistics,120,0359323157
Đỗ Minh Tâm,do.minh.tam.16987@cenland.vn,CenLand,Procurement Manager,ecommerce,25,0979445624
Phạm Thanh Sơn,pham.thanh.son.16988@shopeevietna.vn,Shopee Vietnam,CTO,fintech,25,0906585636
Vũ Minh Giang,vu.minh.giang.16989@hoaphat.vn,Hoà Phát,CEO,fintech,50,0705079263
Vũ Minh Lan,vu.minh.lan.16990@pharmacity.vn,Pharmacity,CFO,fintech,25,0972281771
Dương Hồng Linh,duong.hong.linh.16991@thecoffeehou.vn,The Coffee House,Product Manager,software,25,0706540455
Võ Minh Khánh,vo.minh.khanh.16992@vinmec.vn,Vinmec,Sales Director,manufacturing,10,0979847962
Bùi Quang Mai,bui.quang.mai.16993@gmail.com,TopCV,Kế toán trưởng,fintech,25,0328891855
Phan Hữu Tuấn,phan.huu.tuan.16994@haravan.vn,Haravan,Sales Director,software,10,0358731299
Lý Xuân Hùng,ly.xuan.hung.16995@cenland.vn,CenLand,Head of Finance,manufacturing,250,0702004086
Nguyễn Minh Châu,nguyen.minh.chau.16996@kiotviet.vn,KiotViet,Product Manager,education,10,0355962595
Nguyễn Hồng Khánh,nguyen.hong.khanh.16997@gmail.com,CenLand,Head of Finance,healthcare,250,0973428531
Phan Hồng Mai,phan.hong.mai.16998@gmail.com,The Coffee House,CTO,education,10,0975184595
Nguyễn Ngọc Khánh,nguyen.ngoc.khanh.16999@gemadeptlogi.vn,Gemadept Logistics,Head of Finance,ecommerce,10,0915533158
Nguyễn Thanh Phúc,nguyen.thanh.phuc.17000@vngcorporati.vn,VNG Corporation,CEO,ecommerce,120,0907538153
Nguyễn Minh Mai,nguyen.minh.mai.17001@tiki.vn,Tiki,Procurement Manager,logistics,120,0902278731
Hoàng Đức Lan,hoang.duc.lan.17002@gmail.com,Gemadept Logistics,Product Manager,ecommerce,10,0974781538
Đặng Thanh Nam,dang.thanh.nam.17003@vinmec.vn,Vinmec,Kế toán trưởng,manufacturing,25,0904278827
Đỗ Văn Việt,do.van.viet.17004@vinamilk.vn,Vinamilk,CEO,manufacturing,120,0976039049
Dương Ngọc Sơn,duong.ngoc.son.17005@vngcorporati.vn,VNG Corporation,CTO,education,25,0963958377
Phan Thanh Dũng,phan.thanh.dung.17006@thecoffeehou.vn,The Coffee House,Kế toán trưởng,education,120,0964829720
Vũ Ngọc Trang,vu.ngoc.trang.17007@vinamilk.vn,Vinamilk,Sales Director,software,120,0706892259
Dương Minh Hà,duong.minh.ha.17008@vngcorporati.vn,VNG Corporation,Marketing Manager,manufacturing,50,0933745412
Vũ Hồng Tâm,vu.hong.tam.17009@thacoindustr.vn,Thaco Industries,Operations Manager,ecommerce,120,0324249521
Lê Đức Tuấn,le.duc.tuan.17010@duytanplasti.vn,Duy Tan Plastics,CFO,fintech,50,0701959613
Đỗ Ngọc Lan,do.ngoc.lan.17011@basevn.vn,Base.vn,CFO,healthcare,50,0961739534
Lê Đức Linh,le.duc.linh.17012@basevn.vn,Base.vn,Product Manager,retail,25,0913930757
Vũ Quang Bình,vu.quang.binh.17013@gmail.com,Duy Tan Plastics,Operations Manager,education,50,0932022157
Trần Đức Trang,tran.duc.trang.17014@topcv.vn,TopCV,Product Manager,ecommerce,250,0963118303
Lê Văn Việt,le.van.viet.17015@gmail.com,Thaco Industries,CFO,education,120,0354944246
Lý Ngọc Bình,ly.ngoc.binh.17016@basevn.vn,Base.vn,CFO,manufacturing,25,0913609829
Hoàng Xuân Lan,hoang.xuan.lan.17017@kiotviet.vn,KiotViet,Procurement Manager,fintech,1500,0936802254
Đỗ Xuân Trang,do.xuan.trang.17018@gmail.com,MoMo,Marketing Manager,logistics,50,0351036653
Vũ Thị Dũng,vu.thi.dung.17019@hoaphat.vn,Hoà Phát,Operations Manager,ecommerce,10,0970983825
Lê Quang An,le.quang.an.17020@vngcorporati.vn,VNG Corporation,Sales Director,healthcare,25,0913671577
Lý Ngọc Nam,ly.ngoc.nam.17021@gmail.com,Vinamilk,Product Manager,manufacturing,25,0869752262
Lê Xuân Tuấn,le.xuan.tuan.17022@gemadeptlogi.vn,Gemadept Logistics,CTO,education,10,0353129242
Nguyễn Thanh Bình,nguyen.thanh.binh.17023@gemadeptlogi.vn,Gemadept Logistics,Product Manager,logistics,250,0979785251
Đỗ Đức Tâm,do.duc.tam.17024@fptsoftware.vn,FPT Software,Marketing Manager,healthcare,25,0358395881
Dương Hồng Sơn,duong.hong.son.17025@hoaphat.vn,Hoà Phát,Kế toán trưởng,manufacturing,1500,0909863216
Hoàng Minh Trang,hoang.minh.trang.17026@vinamilk.vn,Vinamilk,Procurement Manager,logistics,120,0323248079
Đặng Ngọc Quân,dang.ngoc.quan.17027@gmail.com,KiotViet,Product Manager,healthcare,500,0966241235
Hoàng Ngọc Quân,hoang.ngoc.quan.17028@pharmacity.vn,Pharmacity,Product Manager,software,120,0915636541
Phan Ngọc Lan,phan.ngoc.lan.17029@vngcorporati.vn,VNG Corporation,Product Manager,healthcare,120,0934875079
Hoàng Minh Quân,hoang.minh.quan.17030@hoaphat.vn,Hoà Phát,Kế toán trưởng,manufacturing,50,0351008144
Nguyễn Văn Dũng,nguyen.van.dung.17031@hoaphat.vn,Hoà Phát,Product Manager,fintech,250,0329864028
Bùi Hồng Hà,bui.hong.ha.17032@vinamilk.vn,Vinamilk,Operations Manager,retail,250,0930088292
Lê Hồng Mai,le.hong.mai.17033@pharmacity.vn,Pharmacity,Kế toán trưởng,retail,25,0325653889
Đặng Xuân Hùng,dang.xuan.hung.17034@gmail.com,Pharmacity,Sales Director,retail,50,0867329300
Phạm Hữu Tâm,pham.huu.tam.17035@hoaphat.vn,Hoà Phát,Operations Manager,fintech,500,0903817310
Võ Văn Oanh,vo.van.oanh.17036@basevn.vn,Base.vn,Sales Director,fintech,500,0911275336
Bùi Minh Nam,bui.minh.nam.17037@vinamilk.vn,Vinamilk,Sales Director,fintech,120,0964991860
Phạm Minh Phúc,pham.minh.phuc.17038@pnj.vn,PNJ,CFO,ecommerce,10,0700049182
Bùi Văn Châu,bui.van.chau.17039@momo.vn,MoMo,Procurement Manager,healthcare,10,0862116058
Ngô Ngọc Lan,ngo.ngoc.lan.17040@gmail.com,Shopee Vietnam,CEO,software,50,0908261314
Hồ Hữu Quân,ho.huu.quan.17041@thacoindustr.vn,Thaco Industries,Head of Finance,logistics,120,0935457704
Võ Văn Nam,vo.van.nam.17042@gmail.com,KiotViet,Product Manager,fintech,1500,0321817197
Vũ Văn Tuấn,vu.van.tuan.17043@gmail.com,The Coffee House,Sales Director,software,250,0917285632
Lê Văn Mai,le.van.mai.17044@thecoffeehou.vn,The Coffee House,Procurement Manager,logistics,10,0970147689
Phan Thanh Dũng,phan.thanh.dung.17045@gmail.com,Haravan,Procurement Manager,healthcare,120,0932594467
Dương Minh An,duong.minh.an.17046@duytanplasti.vn,Duy Tan Plastics,CTO,manufacturing,250,0908906389
Vũ Minh Phúc,vu.minh.phuc.17047@pnj.vn,PNJ,CTO,education,50,0914667412
Ngô Thị Linh,ngo.thi.linh.17048@tiki.vn,Tiki,CFO,logistics,250,0706253531
Dương Ngọc Châu,duong.ngoc.chau.17049@viettiengarm.vn,Viet Tien Garment,CTO,healthcare,1500,0931986538
Dương Minh Hùng,duong.minh.hung.17050@gmail.com,Vinmec,Procurement Manager,manufacturing,500,0900324702
Lý Hữu Nam,ly.huu.nam.17051@shopeevietna.vn,Shopee Vietnam,Sales Director,software,50,0359228005
Phạm Xuân Oanh,pham.xuan.oanh.17052@shopeevietna.vn,Shopee Vietnam,CTO,ecommerce,250,0357181266
Phạm Xuân Sơn,pham.xuan.son.17053@kiotviet.vn,KiotViet,CFO,manufacturing,1500,0910960159
Nguyễn Văn Nam,nguyen.van.nam.17054@thacoindustr.vn,Thaco Industries,CFO,software,1500,0863553643
Hoàng Đức Mai,hoang.duc.mai.17055@gmail.com,Viet Tien Garment,Product Manager,software,10,0702248455
Hồ Minh Oanh,ho.minh.oanh.17056@pharmacity.vn,Pharmacity,CTO,logistics,120,0913044703
Bùi Hữu Tuấn,bui.huu.tuan.17057@gmail.com,Viet Tien Garment,Marketing Manager,healthcare,1500,0911535759
Phạm Quang Hùng,pham.quang.hung.17058@tiki.vn,Tiki,CTO,retail,10,0975989097
Phan Ngọc Lan,phan.ngoc.lan.17059@vinmec.vn,Vinmec,CFO,software,10,0910431577
Vũ Quang Nam,vu.quang.nam.17060@gmail.com,TopCV,Kế toán trưởng,retail,120,0934983919
Dương Hữu Bình,duong.huu.binh.17061@vinamilk.vn,Vinamilk,Product Manager,fintech,250,0359712278
Võ Ngọc Việt,vo.ngoc.viet.17062@cenland.vn,CenLand,CFO,healthcare,500,0972200522
Lê Xuân Oanh,le.xuan.oanh.17063@gmail.com,Viet Tien Garment,CEO,manufacturing,120,0352924810
Trần Ngọc Khánh,tran.ngoc.khanh.17064@tiki.vn,Tiki,CFO,healthcare,25,0352940615
Võ Hồng Giang,vo.hong.giang.17065@shopeevietna.vn,Shopee Vietnam,CEO,education,25,0905268386
Lý Minh Châu,ly.minh.chau.17066@gmail.com,The Coffee House,CTO,logistics,50,0960910653
Đặng Minh Tâm,dang.minh.tam.17067@gmail.com,Viet Tien Garment,Procurement Manager,software,120,0939274357
Võ Xuân Việt,vo.xuan.viet.17068@basevn.vn,Base.vn,CEO,software,25,0351979194
Vũ Xuân An,vu.xuan.an.17069@gmail.com,Haravan,Sales Director,healthcare,50,0933291229
Hoàng Hữu Lan,hoang.huu.lan.17070@gmail.com,FPT Software,CTO,manufacturing,120,0918908783
Võ Minh Tâm,vo.minh.tam.17071@topcv.vn,TopCV,Operations Manager,fintech,50,0700713061
Đặng Văn Oanh,dang.van.oanh.17072@pharmacity.vn,Pharmacity,CTO,fintech,1500,0700388608
Phạm Hồng Tuấn,pham.hong.tuan.17073@gmail.com,Gemadept Logistics,Kế toán trưởng,fintech,1500,0960097600
Võ Ngọc Hà,vo.ngoc.ha.17074@gmail.com,Vinmec,Kế toán trưởng,fintech,250,0905612184
Đặng Ngọc Oanh,dang.ngoc.oanh.17075@vinmec.vn,Vinmec,CFO,retail,25,0907174863
Dương Đức Lan,duong.duc.lan.17076@fptsoftware.vn,FPT Software,Marketing Manager,ecommerce,250,0906165236
Võ Đức Mai,vo.duc.mai.17077@gmail.com,Pharmacity,Head of Finance,ecommerce,250,0703201298
Dương Ngọc Dũng,duong.ngoc.dung.17078@pharmacity.vn,Pharmacity,CEO,ecommerce,1500,0350049813
Hồ Xuân Dũng,ho.xuan.dung.17079@gmail.com,Vinamilk,CFO,ecommerce,25,0914986366
Phạm Thị Mai,pham.thi.mai.17080@cenland.vn,CenLand,CEO,manufacturing,50,0707060928
Hồ Thị Linh,ho.thi.linh.17081@pnj.vn,PNJ,Kế toán trưởng,manufacturing,25,0915611484
Phạm Quang Phúc,pham.quang.phuc.17082@gemadeptlogi.vn,Gemadept Logistics,Product Manager,ecommerce,25,0975354099
Trần Văn Giang,tran.van.giang.17083@pnj.vn,PNJ,Operations Manager,logistics,25,0918379606
Phạm Hồng Quân,pham.hong.quan.17084@gmail.com,Thaco Industries,Procurement Manager,logistics,25,0935331559
Ngô Thanh Lan,ngo.thanh.lan.17085@kiotviet.vn,KiotViet,CFO,software,1500,0355156471
Lý Hồng Mai,ly.hong.mai.17086@gmail.com,Duy Tan Plastics,Marketing Manager,fintech,250,0909529629
Dương Ngọc Hà,duong.ngoc.ha.17087@fptsoftware.vn,FPT Software,Head of Finance,logistics,1500,0356420963
Hoàng Hồng Tuấn,hoang.hong.tuan.17088@shopeevietna.vn,Shopee Vietnam,Marketing Manager,ecommerce,50,0917089876
Đặng Hồng Nam,dang.hong.nam.17089@vngcorporati.vn,VNG Corporation,Kế toán trưởng,healthcare,10,0931498024
Lý Hữu Oanh,ly.huu.oanh.17090@shopeevietna.vn,Shopee Vietnam,CTO,ecommerce,1500,0866973319
Võ Thanh Bình,vo.thanh.binh.17091@pharmacity.vn,Pharmacity,CFO,software,250,0938593843
Lý Quang Giang,ly.quang.giang.17092@haravan.vn,Haravan,CFO,logistics,10,0964831142
Lê Thị Sơn,le.thi.son.17093@thacoindustr.vn,Thaco Industries,Product Manager,retail,1500,0357642162
Lê Minh Khánh,le.minh.khanh.17094@gmail.com,Base.vn,Marketing Manager,ecommerce,10,0917280301
Trần Minh Tuấn,tran.minh.tuan.17095@gmail.com,PNJ,Sales Director,software,250,0900858450
Đỗ Minh Nam,do.minh.nam.17096@duytanplasti.vn,Duy Tan Plastics,Sales Director,manufacturing,10,0356779873
Phạm Ngọc Linh,pham.ngoc.linh.17097@gmail.com,PNJ,Product Manager,ecommerce,1500,0935554925
Dương Đức Trang,duong.duc.trang.17098@gmail.com,Haravan,Product Manager,logistics,10,0322044188
Phạm Minh Châu,pham.minh.chau.17099@duytanplasti.vn,Duy Tan Plastics,Procurement Manager,fintech,120,0701464113
Dương Hồng Hà,duong.hong.ha.17100@gmail.com,Vinamilk,Procurement Manager,software,250,0322308802
Ngô Minh Mai,ngo.minh.mai.17101@vngcorporati.vn,VNG Corporation,Marketing Manager,logistics,250,0938691186
Ngô Ngọc Việt,ngo.ngoc.viet.17102@gmail.com,Base.vn,CTO,healthcare,25,0350613881
Vũ Hồng Trang,vu.hong.trang.17103@kiotviet.vn,KiotViet,Head of Finance,ecommerce,50,0703860707
Phạm Ngọc Nam,pham.ngoc.nam.17104@gmail.com,The Coffee House,Operations Manager,fintech,25,0975503038
Đặng Thị Sơn,dang.thi.son.17105@fptsoftware.vn,FPT Software,Procurement Manager,manufacturing,250,0322301654
Lý Đức Lan,ly.duc.lan.17106@duytanplasti.vn,Duy Tan Plastics,Product Manager,logistics,1500,0864491694
Võ Thanh Phúc,vo.thanh.phuc.17107@vinamilk.vn,Vinamilk,Head of Finance,education,500,0323268199
Đỗ Thị Oanh,do.thi.oanh.17108@hoaphat.vn,Hoà Phát,CTO,manufacturing,10,0327071593
Võ Quang Trang,vo.quang.trang.17109@thecoffeehou.vn,The Coffee House,Operations Manager,fintech,250,0973082655
Đỗ Ngọc Sơn,do.ngoc.son.17110@duytanplasti.vn,Duy Tan Plastics,CFO,fintech,1500,0709716701
Bùi Quang Bình,bui.quang.binh.17111@basevn.vn,Base.vn,Product Manager,retail,10,0901414074
Võ Văn Sơn,vo.van.son.17112@gemadeptlogi.vn,Gemadept Logistics,Sales Director,fintech,120,0869315603
Bùi Đức Hùng,bui.duc.hung.17113@shopeevietna.vn,Shopee Vietnam,Marketing Manager,ecommerce,50,0868939184
Bùi Minh Quân,bui.minh.quan.17114@gmail.com,Thaco Industries,Marketing Manager,ecommerce,250,0327022914
Võ Hồng Nam,vo.hong.nam.17115@pharmacity.vn,Pharmacity,CFO,healthcare,50,0967117038
Trần Minh Nam,tran.minh.nam.17116@viettiengarm.vn,Viet Tien Garment,CFO,software,250,0702174624
Đỗ Hữu Oanh,do.huu.oanh.17117@gmail.com,The Coffee House,Marketing Manager,manufacturing,25,0707480680
Võ Thị Khánh,vo.thi.khanh.17118@kiotviet.vn,KiotViet,CTO,education,1500,0868212380
Lê Văn Tuấn,le.van.tuan.17119@gmail.com,Base.vn,Marketing Manager,logistics,10,0965746376
Phạm Minh Hà,pham.minh.ha.17120@vngcorporati.vn,VNG Corporation,Operations Manager,retail,120,0356042485
Đặng Hữu Lan,dang.huu.lan.17121@gmail.com,Vinmec,CEO,ecommerce,250,0867524489
Phan Đức Hùng,phan.duc.hung.17122@gmail.com,VNG Corporation,Product Manager,software,25,0962208544
Đỗ Thị An,do.thi.an.17123@thecoffeehou.vn,The Coffee House,CFO,healthcare,120,0321031404
Võ Quang Tâm,vo.quang.tam.17124@kiotviet.vn,KiotViet,Marketing Manager,healthcare,10,0320349074
Bùi Đức Tâm,bui.duc.tam.17125@vinmec.vn,Vinmec,CFO,retail,500,0902831237
Nguyễn Xuân Tuấn,nguyen.xuan.tuan.17126@topcv.vn,TopCV,CFO,software,25,0706946495
Đỗ Hồng Trang,do.hong.trang.17127@momo.vn,MoMo,CFO,logistics,250,0934586289
Dương Thanh Phúc,duong.thanh.phuc.17128@basevn.vn,Base.vn,Product Manager,education,500,0867341612
Lý Thanh Tuấn,ly.thanh.tuan.17129@haravan.vn,Haravan,Procurement Manager,education,1500,0900968235
Hoàng Hồng Khánh,hoang.hong.khanh.17130@vinmec.vn,Vinmec,Marketing Manager,ecommerce,250,0329905986
Phan Thị Oanh,phan.thi.oanh.17131@cenland.vn,CenLand,Operations Manager,healthcare,10,0900116191
Trần Minh Bình,tran.minh.binh.17132@gmail.com,Viet Tien Garment,Head of Finance,education,10,0906590747
Đặng Minh Hà,dang.minh.ha.17133@pnj.vn,PNJ,Procurement Manager,logistics,250,0910142295
Đặng Hữu Sơn,dang.huu.son.17134@gmail.com,The Coffee House,Operations Manager,fintech,120,0326413452
Trần Thị Tuấn,tran.thi.tuan.17135@pnj.vn,PNJ,Head of Finance,software,250,0960096353
Phan Thị Linh,phan.thi.linh.17136@hoaphat.vn,Hoà Phát,Operations Manager,manufacturing,25,0320098386
Võ Thị An,vo.thi.an.17137@viettiengarm.vn,Viet Tien Garment,CTO,manufacturing,10,0321516942
Lê Văn Quân,le.van.quan.17138@gemadeptlogi.vn,Gemadept Logistics,Head of Finance,ecommerce,250,0322906997
Trần Hồng Hà,tran.hong.ha.17139@duytanplasti.vn,Duy Tan Plastics,Head of Finance,retail,500,0865746396
Trần Ngọc Quân,tran.ngoc.quan.17140@fptsoftware.vn,FPT Software,Sales Director,software,1500,0930529661
Vũ Xuân Nam,vu.xuan.nam.17141@gmail.com,Vinamilk,Product Manager,education,120,0916985808
Dương Văn Hà,duong.van.ha.17142@thecoffeehou.vn,The Coffee House,Head of Finance,healthcare,25,0976625695
Lý Minh Lan,ly.minh.lan.17143@haravan.vn,Haravan,Operations Manager,manufacturing,25,0320439574
Vũ Đức Oanh,vu.duc.oanh.17144@shopeevietna.vn,Shopee Vietnam,Kế toán trưởng,retail,250,0930428291
Đặng Hồng Quân,dang.hong.quan.17145@vinmec.vn,Vinmec,Product Manager,education,500,0904800626
Lý Thị Châu,ly.thi.chau.17146@kiotviet.vn,KiotViet,Product Manager,software,250,0961439300
Hoàng Đức Giang,hoang.duc.giang.17147@duytanplasti.vn,Duy Tan Plastics,Product Manager,ecommerce,1500,0913789175
Vũ Hữu Sơn,vu.huu.son.17148@pnj.vn,PNJ,Marketing Manager,education,50,0356545400
Phạm Văn Phúc,pham.van.phuc.17149@topcv.vn,TopCV,Marketing Manager,manufacturing,1500,0868087846
Nguyễn Hữu Quân,nguyen.huu.quan.17150@gmail.com,Gemadept Logistics,Product Manager,healthcare,120,0975248259
Hồ Hữu Việt,ho.huu.viet.17151@gmail.com,The Coffee House,Product Manager,healthcare,120,0911549391
Phạm Hữu Lan,pham.huu.lan.17152@cenland.vn,CenLand,Product Manager,fintech,500,0900810452
Dương Hồng Bình,duong.hong.binh.17153@thacoindustr.vn,Thaco Industries,CFO,manufacturing,10,0912433994
Hoàng Minh Oanh,hoang.minh.oanh.17154@gmail.com,PNJ,Head of Finance,healthcare,10,0914906408
Lê Văn Khánh,le.van.khanh.17155@kiotviet.vn,KiotViet,CEO,education,1500,0322184551
Ngô Minh Mai,ngo.minh.mai.17156@pharmacity.vn,Pharmacity,Marketing Manager,logistics,50,0911081426
Đặng Đức Mai,dang.duc.mai.17157@thacoindustr.vn,Thaco Industries,Kế toán trưởng,retail,50,0359415127
Nguyễn Quang Linh,nguyen.quang.linh.17158@kiotviet.vn,KiotViet,Procurement Manager,healthcare,1500,0901194168
Hồ Quang Bình,ho.quang.binh.17159@thacoindustr.vn,Thaco Industries,CFO,software,25,0350930797
Trần Ngọc Khánh,tran.ngoc.khanh.17160@gmail.com,KiotViet,CEO,fintech,120,0963582655
Dương Đức Hùng,duong.duc.hung.17161@gmail.com,Gemadept Logistics,Sales Director,software,1500,0321835834
Đỗ Xuân Phúc,do.xuan.phuc.17162@gmail.com,The Coffee House,Sales Director,retail,50,0972314832
Dương Quang Giang,duong.quang.giang.17163@hoaphat.vn,Hoà Phát,CFO,manufacturing,120,0965826726
Phạm Thị Linh,pham.thi.linh.17164@gemadeptlogi.vn,Gemadept Logistics,Head of Finance,logistics,1500,0911266927
Nguyễn Đức Hùng,nguyen.duc.hung.17165@gmail.com,Duy Tan Plastics,Head of Finance,retail,120,0358559304
Vũ Quang Tuấn,vu.quang.tuan.17166@kiotviet.vn,KiotViet,CFO,healthcare,250,0935246320
Vũ Ngọc Tâm,vu.ngoc.tam.17167@vinamilk.vn,Vinamilk,CFO,software,50,0965799903
Hoàng Ngọc Trang,hoang.ngoc.trang.17168@kiotviet.vn,KiotViet,CEO,ecommerce,250,0356382039
Đặng Văn Bình,dang.van.binh.17169@pharmacity.vn,Pharmacity,Sales Director,education,500,0961800208
Đặng Minh Oanh,dang.minh.oanh.17170@gmail.com,Viet Tien Garment,Kế toán trưởng,ecommerce,50,0329289272
Ngô Hữu Nam,ngo.huu.nam.17171@pharmacity.vn,Pharmacity,CTO,software,10,0916889434
Lê Hữu Phúc,le.huu.phuc.17172@momo.vn,MoMo,CEO,healthcare,10,0707759690
Hồ Minh Tâm,ho.minh.tam.17173@cenland.vn,CenLand,Product Manager,manufacturing,120,0703270689
Đỗ Xuân Bình,do.xuan.binh.17174@topcv.vn,TopCV,CEO,fintech,10,0863718790
Phan Minh Quân,phan.minh.quan.17175@tiki.vn,Tiki,Product Manager,logistics,10,0358858855
Đặng Ngọc Khánh,dang.ngoc.khanh.17176@gmail.com,Viet Tien Garment,Marketing Manager,ecommerce,500,0917821803
Đặng Quang Sơn,dang.quang.son.17177@fptsoftware.vn,FPT Software,Operations Manager,fintech,10,0961401613
Nguyễn Thanh Khánh,nguyen.thanh.khanh.17178@gmail.com,VNG Corporation,CEO,education,25,0960636512
Hồ Xuân Phúc,ho.xuan.phuc.17179@haravan.vn,Haravan,Operations Manager,manufacturing,1500,0326334431
Ngô Văn Oanh,ngo.van.oanh.17180@vinamilk.vn,Vinamilk,Kế toán trưởng,manufacturing,120,0350943789
Hoàng Đức Oanh,hoang.duc.oanh.17181@cenland.vn,CenLand,Head of Finance,logistics,500,0900776617
Vũ Thị Hùng,vu.thi.hung.17182@fptsoftware.vn,FPT Software,Marketing Manager,healthcare,250,0961359486
Hồ Minh Quân,ho.minh.quan.17183@topcv.vn,TopCV,Product Manager,education,25,0977952528
Lê Hữu Sơn,le.huu.son.17184@pnj.vn,PNJ,CTO,fintech,1500,0910459069
Nguyễn Ngọc Linh,nguyen.ngoc.linh.17185@hoaphat.vn,Hoà Phát,Head of Finance,education,25,0862828692
Ngô Minh Khánh,ngo.minh.khanh.17186@gmail.com,Thaco Industries,Kế toán trưởng,software,25,0961039465
Ngô Đức An,ngo.duc.an.17187@gmail.com,Gemadept Logistics,CEO,retail,1500,0960161966
Lý Quang Linh,ly.quang.linh.17188@gmail.com,Duy Tan Plastics,CEO,education,50,0969129266
Hồ Hồng Nam,ho.hong.nam.17189@thacoindustr.vn,Thaco Industries,CTO,ecommerce,50,0865090891
Đặng Quang Sơn,dang.quang.son.17190@vngcorporati.vn,VNG Corporation,CFO,healthcare,1500,0911024434
Bùi Ngọc Tuấn,bui.ngoc.tuan.17191@gmail.com,MoMo,Product Manager,ecommerce,50,0976856617
Trần Thanh Linh,tran.thanh.linh.17192@gmail.com,CenLand,CTO,retail,500,0914482570
Bùi Ngọc Dũng,bui.ngoc.dung.17193@tiki.vn,Tiki,CEO,healthcare,500,0907762006
Trần Quang Hùng,tran.quang.hung.17194@gmail.com,Base.vn,Sales Director,healthcare,25,0938054329
Phạm Hữu Tuấn,pham.huu.tuan.17195@thacoindustr.vn,Thaco Industries,Procurement Manager,retail,1500,0913524444
Lý Quang An,ly.quang.an.17196@shopeevietna.vn,Shopee Vietnam,Head of Finance,software,50,0964996313
Bùi Ngọc Tâm,bui.ngoc.tam.17197@vngcorporati.vn,VNG Corporation,CEO,healthcare,500,0352174076
Vũ Xuân Dũng,vu.xuan.dung.17198@shopeevietna.vn,Shopee Vietnam,Sales Director,manufacturing,1500,0977676413
Đặng Thanh Phúc,dang.thanh.phuc.17199@fptsoftware.vn,FPT Software,CEO,logistics,1500,0860048913
Võ Văn Hùng,vo.van.hung.17200@tiki.vn,Tiki,Product Manager,retail,120,0977699621
Đỗ Thị Bình,do.thi.binh.17201@gmail.com,Haravan,CTO,retail,25,0904515282
Lê Minh Mai,le.minh.mai.17202@fptsoftware.vn,FPT Software,Head of Finance,fintech,500,0902179892
Bùi Thanh Bình,bui.thanh.binh.17203@gmail.com,Shopee Vietnam,Head of Finance,healthcare,120,0705176463
Ngô Đức Oanh,ngo.duc.oanh.17204@fptsoftware.vn,FPT Software,Marketing Manager,software,250,0355034580
Nguyễn Hồng Trang,nguyen.hong.trang.17205@fptsoftware.vn,FPT Software,CTO,education,500,0353770819
Hồ Xuân Việt,ho.xuan.viet.17206@thacoindustr.vn,Thaco Industries,Operations Manager,logistics,500,0933613520
Võ Hồng Châu,vo.hong.chau.17207@fptsoftware.vn,FPT Software,Marketing Manager,retail,1500,0938417511
Phan Hồng Nam,phan.hong.nam.17208@shopeevietna.vn,Shopee Vietnam,Marketing Manager,ecommerce,120,0915627672
Hoàng Đức Châu,hoang.duc.chau.17209@gmail.com,CenLand,CEO,manufacturing,50,0914896713
Lý Hồng Phúc,ly.hong.phuc.17210@gmail.com,Gemadept Logistics,Sales Director,ecommerce,10,0917638344
Trần Thanh Oanh,tran.thanh.oanh.17211@pnj.vn,PNJ,Product Manager,ecommerce,1500,0706876151
Võ Thanh Dũng,vo.thanh.dung.17212@vinamilk.vn,Vinamilk,Operations Manager,healthcare,25,0909195063
Hồ Xuân Hùng,ho.xuan.hung.17213@gmail.com,PNJ,Sales Director,manufacturing,500,0967522765
Đỗ Quang Hà,do.quang.ha.17214@fptsoftware.vn,FPT Software,Operations Manager,ecommerce,250,0320197837
Lý Văn Bình,ly.van.binh.17215@gmail.com,MoMo,Marketing Manager,manufacturing,500,0931239621
Vũ Quang Sơn,vu.quang.son.17216@gmail.com,VNG Corporation,CFO,retail,50,0969308397
Ngô Ngọc Hà,ngo.ngoc.ha.17217@gmail.com,Vinmec,CTO,education,10,0935925487
Hồ Hồng An,ho.hong.an.17218@gmail.com,VNG Corporation,Product Manager,healthcare,120,0357036166
Hoàng Xuân Oanh,hoang.xuan.oanh.17219@gmail.com,PNJ,CTO,logistics,120,0327125137
Nguyễn Hồng Việt,nguyen.hong.viet.17220@thecoffeehou.vn,The Coffee House,Kế toán trưởng,logistics,10,0700623486
Võ Quang Phúc,vo.quang.phuc.17221@kiotviet.vn,KiotViet,CFO,healthcare,1500,0901581842
Trần Minh Hùng,tran.minh.hung.17222@tiki.vn,Tiki,CTO,logistics,250,0973349896
Đặng Minh Hà,dang.minh.ha.17223@tiki.vn,Tiki,Head of Finance,education,1500,0862261864
Đặng Minh Giang,dang.minh.giang.17224@gmail.com,Shopee Vietnam,Sales Director,software,10,0917675606
Phan Hữu Châu,phan.huu.chau.17225@thacoindustr.vn,Thaco Industries,Operations Manager,healthcare,120,0863016891
Hồ Văn Bình,ho.van.binh.17226@vinmec.vn,Vinmec,Procurement Manager,retail,120,0903954364
Trần Ngọc Bình,tran.ngoc.binh.17227@pharmacity.vn,Pharmacity,Kế toán trưởng,ecommerce,50,0974548859
Đỗ Thị Dũng,do.thi.dung.17228@shopeevietna.vn,Shopee Vietnam,Procurement Manager,healthcare,10,0930712767
Phan Thanh Nam,phan.thanh.nam.17229@thacoindustr.vn,Thaco Industries,Head of Finance,logistics,250,0351813158
Phạm Minh Linh,pham.minh.linh.17230@gmail.com,CenLand,Head of Finance,ecommerce,500,0972210626
Nguyễn Hữu Giang,nguyen.huu.giang.17231@gmail.com,MoMo,Kế toán trưởng,education,120,0703598601
Phan Minh Trang,phan.minh.trang.17232@gmail.com,CenLand,Operations Manager,software,50,0902528791
Ngô Xuân Sơn,ngo.xuan.son.17233@gmail.com,Haravan,CTO,ecommerce,1500,0972126665
Phan Xuân Mai,phan.xuan.mai.17234@pnj.vn,PNJ,Product Manager,manufacturing,120,0913337140
Vũ Đức Việt,vu.duc.viet.17235@duytanplasti.vn,Duy Tan Plastics,Head of Finance,fintech,50,0908437478
Dương Hồng Việt,duong.hong.viet.17236@haravan.vn,Haravan,CFO,logistics,50,0909920890
Phạm Hồng Linh,pham.hong.linh.17237@momo.vn,MoMo,CTO,manufacturing,25,0861195408
Đỗ Xuân Châu,do.xuan.chau.17238@shopeevietna.vn,Shopee Vietnam,CFO,ecommerce,10,0701342326
Võ Minh Tuấn,vo.minh.tuan.17239@haravan.vn,Haravan,Marketing Manager,fintech,50,0916739664
Dương Văn Tuấn,duong.van.tuan.17240@haravan.vn,Haravan,CTO,software,500,0705303273
Hoàng Thị Trang,hoang.thi.trang.17241@gmail.com,MoMo,Sales Director,fintech,500,0977749930
Vũ Quang Hà,vu.quang.ha.17242@fptsoftware.vn,FPT Software,CEO,logistics,120,0860937264
Trần Đức Mai,tran.duc.mai.17243@hoaphat.vn,Hoà Phát,CEO,retail,1500,0974888541
Phạm Hồng Mai,pham.hong.mai.17244@vinmec.vn,Vinmec,Operations Manager,fintech,250,0706160285
Võ Đức Nam,vo.duc.nam.17245@vinamilk.vn,Vinamilk,Sales Director,retail,25,0902483599
Phan Hồng Tâm,phan.hong.tam.17246@pnj.vn,PNJ,CEO,retail,120,0962985337
Vũ Hồng Nam,vu.hong.nam.17247@topcv.vn,TopCV,Sales Director,logistics,250,0932102174
Đặng Minh Bình,dang.minh.binh.17248@haravan.vn,Haravan,Product Manager,fintech,1500,0867402933
Đỗ Hồng Sơn,do.hong.son.17249@topcv.vn,TopCV,Operations Manager,healthcare,120,0906968961
Vũ Ngọc Tuấn,vu.ngoc.tuan.17250@gmail.com,Haravan,CEO,healthcare,1500,0933273757
Vũ Hồng Khánh,vu.hong.khanh.17251@viettiengarm.vn,Viet Tien Garment,Marketing Manager,fintech,500,0708971740
Lê Thanh Lan,le.thanh.lan.17252@gmail.com,Base.vn,CEO,education,250,0971877869
Nguyễn Ngọc Linh,nguyen.ngoc.linh.17253@gmail.com,Duy Tan Plastics,Kế toán trưởng,software,120,0705713186
Lý Ngọc Nam,ly.ngoc.nam.17254@hoaphat.vn,Hoà Phát,Procurement Manager,ecommerce,10,0974540235
Võ Hữu Phúc,vo.huu.phuc.17255@gemadeptlogi.vn,Gemadept Logistics,CFO,retail,250,0913562255
Lý Thanh Hùng,ly.thanh.hung.17256@duytanplasti.vn,Duy Tan Plastics,Procurement Manager,education,25,0353112117
Hồ Minh Nam,ho.minh.nam.17257@thecoffeehou.vn,The Coffee House,Operations Manager,retail,500,0323925429
Hoàng Xuân Trang,hoang.xuan.trang.17258@gmail.com,Base.vn,CEO,manufacturing,250,0974378052
Trần Văn Tuấn,tran.van.tuan.17259@haravan.vn,Haravan,CEO,retail,25,0914440598
Lý Hồng Khánh,ly.hong.khanh.17260@pnj.vn,PNJ,Operations Manager,fintech,250,0350062547
Hồ Văn Hùng,ho.van.hung.17261@gmail.com,FPT Software,Sales Director,software,50,0705595723
Dương Xuân Dũng,duong.xuan.dung.17262@fptsoftware.vn,FPT Software,Kế toán trưởng,software,120,0919687779
Vũ Minh Hà,vu.minh.ha.17263@pnj.vn,PNJ,Head of Finance,retail,250,0976434406
Đỗ Hồng Châu,do.hong.chau.17264@gmail.com,Thaco Industries,CEO,education,25,0908509578
Võ Quang Lan,vo.quang.lan.17265@basevn.vn,Base.vn,Marketing Manager,manufacturing,250,0963245861
Phan Đức Oanh,phan.duc.oanh.17266@hoaphat.vn,Hoà Phát,Procurement Manager,fintech,25,0327644867
Hoàng Thị Nam,hoang.thi.nam.17267@gmail.com,Base.vn,Head of Finance,ecommerce,500,0964292861
Hồ Đức Nam,ho.duc.nam.17268@viettiengarm.vn,Viet Tien Garment,Kế toán trưởng,fintech,25,0352475183
Lý Minh Linh,ly.minh.linh.17269@gmail.com,Thaco Industries,CTO,software,250,0355788544
Bùi Xuân Sơn,bui.xuan.son.17270@pnj.vn,PNJ,Kế toán trưởng,retail,120,0864562464
Đặng Hữu Oanh,dang.huu.oanh.17271@duytanplasti.vn,Duy Tan Plastics,CEO,manufacturing,25,0917832872
Phan Xuân Châu,phan.xuan.chau.17272@vngcorporati.vn,VNG Corporation,Kế toán trưởng,education,250,0709417666
Hồ Thị Dũng,ho.thi.dung.17273@cenland.vn,CenLand,CEO,retail,10,0934291510
Phan Hữu Tuấn,phan.huu.tuan.17274@basevn.vn,Base.vn,Sales Director,ecommerce,1500,0913332174
Hoàng Hồng Oanh,hoang.hong.oanh.17275@gmail.com,VNG Corporation,Sales Director,logistics,120,0700484499
Phan Văn Quân,phan.van.quan.17276@duytanplasti.vn,Duy Tan Plastics,Marketing Manager,software,1500,0329261336
Bùi Xuân Lan,bui.xuan.lan.17277@tiki.vn,Tiki,CEO,logistics,50,0709594298
Trần Xuân Trang,tran.xuan.trang.17278@cenland.vn,CenLand,Procurement Manager,healthcare,1500,0973594966
Hồ Thị Tuấn,ho.thi.tuan.17279@vinamilk.vn,Vinamilk,Marketing Manager,manufacturing,120,0970778552
Trần Hữu Dũng,tran.huu.dung.17280@hoaphat.vn,Hoà Phát,Operations Manager,software,25,0323726687
Hồ Thanh Việt,ho.thanh.viet.17281@gmail.com,Pharmacity,CEO,ecommerce,250,0914684590
Ngô Thị Oanh,ngo.thi.oanh.17282@duytanplasti.vn,Duy Tan Plastics,Procurement Manager,retail,500,0978281248
Hồ Xuân Linh,ho.xuan.linh.17283@gmail.com,Duy Tan Plastics,Procurement Manager,ecommerce,250,0901304007
Hồ Quang Trang,ho.quang.trang.17284@gmail.com,VNG Corporation,Product Manager,healthcare,10,0974865044
Trần Văn Nam,tran.van.nam.17285@viettiengarm.vn,Viet Tien Garment,Head of Finance,retail,250,0359352410
Trần Thanh Linh,tran.thanh.linh.17286@thacoindustr.vn,Thaco Industries,Kế toán trưởng,manufacturing,25,0707169296
Hoàng Hữu Giang,hoang.huu.giang.17287@basevn.vn,Base.vn,Marketing Manager,logistics,25,0909037309
Lê Đức Hà,le.duc.ha.17288@fptsoftware.vn,FPT Software,CFO,fintech,120,0707203794
Đỗ Ngọc Mai,do.ngoc.mai.17289@vngcorporati.vn,VNG Corporation,Marketing Manager,healthcare,120,0869818951
Võ Quang Tâm,vo.quang.tam.17290@hoaphat.vn,Hoà Phát,Sales Director,ecommerce,120,0327196513
Trần Văn Nam,tran.van.nam.17291@viettiengarm.vn,Viet Tien Garment,CFO,ecommerce,1500,0705139829
Lý Hồng Sơn,ly.hong.son.17292@cenland.vn,CenLand,CEO,education,500,0939527341
Đỗ Hồng Giang,do.hong.giang.17293@basevn.vn,Base.vn,Procurement Manager,logistics,10,0324842176
Nguyễn Văn Hùng,nguyen.van.hung.17294@basevn.vn,Base.vn,Operations Manager,software,250,0967543705
Vũ Minh An,vu.minh.an.17295@hoaphat.vn,Hoà Phát,Operations Manager,retail,1500,0914766077
Dương Ngọc Khánh,duong.ngoc.khanh.17296@basevn.vn,Base.vn,Marketing Manager,ecommerce,120,0968677779
Dương Minh Dũng,duong.minh.dung.17297@kiotviet.vn,KiotViet,CFO,fintech,1500,0919975519
Lý Văn Trang,ly.van.trang.17298@kiotviet.vn,KiotViet,CEO,education,500,0867210959
Hoàng Thanh Tâm,hoang.thanh.tam.17299@pnj.vn,PNJ,Sales Director,logistics,120,0708841929
Ngô Thanh Tuấn,ngo.thanh.tuan.17300@pnj.vn,PNJ,Operations Manager,manufacturing,1500,0930570474
Hoàng Văn Hùng,hoang.van.hung.17301@kiotviet.vn,KiotViet,Sales Director,logistics,500,0968588061
Trần Thị Mai,tran.thi.mai.17302@thacoindustr.vn,Thaco Industries,Kế toán trưởng,software,50,0908854547
Hoàng Đức Giang,hoang.duc.giang.17303@tiki.vn,Tiki,Procurement Manager,education,1500,0911438845
Vũ Hồng Tâm,vu.hong.tam.17304@cenland.vn,CenLand,Kế toán trưởng,fintech,10,0358522302
Bùi Hồng Oanh,bui.hong.oanh.17305@viettiengarm.vn,Viet Tien Garment,Marketing Manager,education,10,0916373402
Dương Ngọc Bình,duong.ngoc.binh.17306@shopeevietna.vn,Shopee Vietnam,CFO,healthcare,250,0323756324
Lê Hồng Châu,le.hong.chau.17307@gmail.com,MoMo,Sales Director,retail,25,0350522089
Phạm Thị Quân,pham.thi.quan.17308@tiki.vn,Tiki,Kế toán trưởng,logistics,50,0964303056
Lê Hữu Lan,le.huu.lan.17309@fptsoftware.vn,FPT Software,CEO,manufacturing,10,0961937221
Ngô Văn Phúc,ngo.van.phuc.17310@hoaphat.vn,Hoà Phát,Product Manager,healthcare,1500,0913365826
Đỗ Văn Oanh,do.van.oanh.17311@viettiengarm.vn,Viet Tien Garment,Sales Director,software,120,0320869343
Trần Thị Khánh,tran.thi.khanh.17312@haravan.vn,Haravan,Head of Finance,healthcare,250,0904043090
Lê Ngọc Trang,le.ngoc.trang.17313@kiotviet.vn,KiotViet,Head of Finance,manufacturing,250,0968024243
Trần Minh Hùng,tran.minh.hung.17314@gmail.com,Thaco Industries,Sales Director,fintech,500,0962469859
Phạm Quang Nam,pham.quang.nam.17315@vinmec.vn,Vinmec,CTO,retail,1500,0702441336
Võ Hồng Giang,vo.hong.giang.17316@gemadeptlogi.vn,Gemadept Logistics,Operations Manager,education,25,0913549534
Lý Văn Trang,ly.van.trang.17317@gemadeptlogi.vn,Gemadept Logistics,CEO,software,120,0356926524
Lý Thanh Hùng,ly.thanh.hung.17318@gmail.com,Pharmacity,Sales Director,healthcare,50,0919933012
Bùi Quang Quân,bui.quang.quan.17319@gmail.com,Tiki,CEO,manufacturing,10,0861265697
Võ Văn Lan,vo.van.lan.17320@vinmec.vn,Vinmec,Head of Finance,fintech,250,0976289588
Hồ Thanh Hùng,ho.thanh.hung.17321@gmail.com,Vinamilk,CFO,fintech,50,0960092740
Trần Văn Mai,tran.van.mai.17322@gmail.com,Duy Tan Plastics,Operations Manager,manufacturing,10,0867689465
Lý Thị Khánh,ly.thi.khanh.17323@viettiengarm.vn,Viet Tien Garment,Head of Finance,education,120,0864617433
Đặng Ngọc Oanh,dang.ngoc.oanh.17324@gmail.com,Vinmec,Kế toán trưởng,manufacturing,50,0321746280
Nguyễn Minh An,nguyen.minh.an.17325@gmail.com,PNJ,CTO,manufacturing,500,0933034641
Ngô Hữu Lan,ngo.huu.lan.17326@cenland.vn,CenLand,Marketing Manager,fintech,500,0322267108
Nguyễn Ngọc Phúc,nguyen.ngoc.phuc.17327@pharmacity.vn,Pharmacity,Head of Finance,retail,1500,0320543548
Vũ Quang An,vu.quang.an.17328@fptsoftware.vn,FPT Software,Head of Finance,manufacturing,25,0708483353
Nguyễn Văn Lan,nguyen.van.lan.17329@vinamilk.vn,Vinamilk,Kế toán trưởng,software,1500,0910825058
Võ Thanh Linh,vo.thanh.linh.17330@viettiengarm.vn,Viet Tien Garment,Kế toán trưởng,manufacturing,50,0963198436
Bùi Quang Bình,bui.quang.binh.17331@gmail.com,TopCV,Marketing Manager,retail,120,0355065528
Võ Hồng Quân,vo.hong.quan.17332@thecoffeehou.vn,The Coffee House,Kế toán trưởng,healthcare,25,0936979633
Vũ Thanh Trang,vu.thanh.trang.17333@shopeevietna.vn,Shopee Vietnam,CFO,retail,1500,0976276500
Hồ Hồng Hà,ho.hong.ha.17334@gmail.com,VNG Corporation,Sales Director,fintech,120,0904375758
Hoàng Đức Giang,hoang.duc.giang.17335@vinmec.vn,Vinmec,Operations Manager,ecommerce,120,0702607877
Trần Minh Dũng,tran.minh.dung.17336@topcv.vn,TopCV,Kế toán trưởng,manufacturing,50,0327905780
Đỗ Hữu Linh,do.huu.linh.17337@kiotviet.vn,KiotViet,Procurement Manager,logistics,250,0868285086
Phạm Thị Hà,pham.thi.ha.17338@basevn.vn,Base.vn,Head of Finance,retail,10,0862938959
Bùi Minh An,bui.minh.an.17339@hoaphat.vn,Hoà Phát,Marketing Manager,fintech,25,0964224579
Hồ Văn Hà,ho.van.ha.17340@gmail.com,Haravan,CFO,ecommerce,1500,0969370294
Dương Quang Tâm,duong.quang.tam.17341@topcv.vn,TopCV,Head of Finance,software,250,0863371958
Đỗ Đức Châu,do.duc.chau.17342@hoaphat.vn,Hoà Phát,Sales Director,ecommerce,50,0327614420
Hồ Minh An,ho.minh.an.17343@kiotviet.vn,KiotViet,Product Manager,fintech,120,0918613356
Nguyễn Hồng Khánh,nguyen.hong.khanh.17344@momo.vn,MoMo,Operations Manager,logistics,50,0702233829
Phan Xuân Tâm,phan.xuan.tam.17345@basevn.vn,Base.vn,Procurement Manager,manufacturing,250,0906325160
Hoàng Thị Hùng,hoang.thi.hung.17346@haravan.vn,Haravan,CEO,manufacturing,50,0918357483
Vũ Hồng Mai,vu.hong.mai.17347@vngcorporati.vn,VNG Corporation,Procurement Manager,ecommerce,10,0705420882
Lý Thanh Lan,ly.thanh.lan.17348@momo.vn,MoMo,Head of Finance,ecommerce,50,0701624368
Đặng Văn Việt,dang.van.viet.17349@gemadeptlogi.vn,Gemadept Logistics,CEO,healthcare,25,0910918692
Lý Quang An,ly.quang.an.17350@shopeevietna.vn,Shopee Vietnam,Head of Finance,education,25,0964269397
Đỗ Văn Khánh,do.van.khanh.17351@kiotviet.vn,KiotViet,Marketing Manager,software,1500,0960914529
Phạm Đức Hùng,pham.duc.hung.17352@viettiengarm.vn,Viet Tien Garment,Kế toán trưởng,fintech,500,0935347605
Dương Hữu Tuấn,duong.huu.tuan.17353@gmail.com,Base.vn,CFO,fintech,120,0938884581
Đặng Văn Việt,dang.van.viet.17354@haravan.vn,Haravan,Kế toán trưởng,ecommerce,120,0913127382
Lý Hồng Lan,ly.hong.lan.17355@tiki.vn,Tiki,Kế toán trưởng,retail,10,0703990516
Vũ Văn An,vu.van.an.17356@gmail.com,Shopee Vietnam,Operations Manager,software,50,0704932893
Dương Hữu Bình,duong.huu.binh.17357@fptsoftware.vn,FPT Software,CFO,manufacturing,250,0357362463
Dương Văn Phúc,duong.van.phuc.17358@gmail.com,MoMo,Sales Director,retail,120,0358151773
Bùi Văn Hùng,bui.van.hung.17359@thacoindustr.vn,Thaco Industries,Procurement Manager,ecommerce,10,0969855865
Dương Văn Giang,duong.van.giang.17360@pnj.vn,PNJ,Sales Director,logistics,250,0351729440
Ngô Thị Linh,ngo.thi.linh.17361@shopeevietna.vn,Shopee Vietnam,CTO,education,10,0966200926
Ngô Hữu Giang,ngo.huu.giang.17362@vngcorporati.vn,VNG Corporation,Marketing Manager,logistics,1500,0329528656
Hồ Hữu Châu,ho.huu.chau.17363@gemadeptlogi.vn,Gemadept Logistics,Procurement Manager,healthcare,10,0930099588
Trần Văn Tâm,tran.van.tam.17364@thacoindustr.vn,Thaco Industries,CFO,logistics,1500,0974970322
Vũ Quang Việt,vu.quang.viet.17365@thacoindustr.vn,Thaco Industries,Kế toán trưởng,fintech,120,0703696803
Ngô Quang Tâm,ngo.quang.tam.17366@duytanplasti.vn,Duy Tan Plastics,CTO,healthcare,1500,0356160406
Phạm Hữu An,pham.huu.an.17367@pnj.vn,PNJ,Product Manager,logistics,250,0903171447
Lý Minh Tuấn,ly.minh.tuan.17368@pharmacity.vn,Pharmacity,Marketing Manager,manufacturing,1500,0903555600
Dương Minh Tâm,duong.minh.tam.17369@topcv.vn,TopCV,CTO,healthcare,120,0978651676
Đỗ Hồng Khánh,do.hong.khanh.17370@basevn.vn,Base.vn,CFO,fintech,50,0321530725
Lý Minh Trang,ly.minh.trang.17371@fptsoftware.vn,FPT Software,Head of Finance,software,120,0323114307
Trần Quang Bình,tran.quang.binh.17372@gmail.com,Duy Tan Plastics,CEO,logistics,25,0913676264
Đặng Ngọc Tâm,dang.ngoc.tam.17373@vinamilk.vn,Vinamilk,Kế toán trưởng,manufacturing,10,0709200547
Đỗ Văn Giang,do.van.giang.17374@vngcorporati.vn,VNG Corporation,Head of Finance,ecommerce,500,0906836659
Đặng Văn Hà,dang.van.ha.17375@gemadeptlogi.vn,Gemadept Logistics,CFO,software,1500,0911687533
Lý Xuân Dũng,ly.xuan.dung.17376@thacoindustr.vn,Thaco Industries,Operations Manager,education,50,0701930065
Nguyễn Đức Lan,nguyen.duc.lan.17377@topcv.vn,TopCV,Kế toán trưởng,ecommerce,1500,0935401577
Bùi Xuân Bình,bui.xuan.binh.17378@haravan.vn,Haravan,CFO,ecommerce,120,0707186918
Lý Hữu Tâm,ly.huu.tam.17379@pharmacity.vn,Pharmacity,Head of Finance,fintech,10,0931994218
Nguyễn Hữu Bình,nguyen.huu.binh.17380@gmail.com,Pharmacity,Kế toán trưởng,logistics,1500,0911036269
Vũ Ngọc Sơn,vu.ngoc.son.17381@shopeevietna.vn,Shopee Vietnam,CEO,manufacturing,25,0908355317
Đặng Hồng Giang,dang.hong.giang.17382@haravan.vn,Haravan,Sales Director,healthcare,250,0866457527
Lê Văn Giang,le.van.giang.17383@basevn.vn,Base.vn,CTO,ecommerce,50,0905554983
Hoàng Xuân Lan,hoang.xuan.lan.17384@kiotviet.vn,KiotViet,CTO,healthcare,50,0706695798
Nguyễn Thị Tâm,nguyen.thi.tam.17385@kiotviet.vn,KiotViet,Operations Manager,education,10,0962423356
Vũ Văn Bình,vu.van.binh.17386@vinmec.vn,Vinmec,Kế toán trưởng,ecommerce,50,0919648792
Bùi Quang Mai,bui.quang.mai.17387@pharmacity.vn,Pharmacity,CTO,retail,10,0960896071
Bùi Thị Hùng,bui.thi.hung.17388@gemadeptlogi.vn,Gemadept Logistics,Procurement Manager,education,50,0868982988
Bùi Văn Hùng,bui.van.hung.17389@gmail.com,FPT Software,Procurement Manager,healthcare,50,0967016806
Hồ Văn Linh,ho.van.linh.17390@haravan.vn,Haravan,Head of Finance,ecommerce,250,0912019350
Phan Xuân Việt,phan.xuan.viet.17391@shopeevietna.vn,Shopee Vietnam,CEO,healthcare,50,0968998036
Trần Ngọc Sơn,tran.ngoc.son.17392@duytanplasti.vn,Duy Tan Plastics,CEO,manufacturing,250,0913158310
Bùi Hữu Hùng,bui.huu.hung.17393@haravan.vn,Haravan,Sales Director,fintech,120,0901197869
Trần Xuân Bình,tran.xuan.binh.17394@pharmacity.vn,Pharmacity,Sales Director,healthcare,500,0703185813
Ngô Hữu Giang,ngo.huu.giang.17395@fptsoftware.vn,FPT Software,Marketing Manager,software,1500,0327728878
Phạm Quang Tâm,pham.quang.tam.17396@thacoindustr.vn,Thaco Industries,Product Manager,logistics,25,0358455031
Ngô Văn Hà,ngo.van.ha.17397@viettiengarm.vn,Viet Tien Garment,Marketing Manager,logistics,120,0970641691
Đỗ Văn Oanh,do.van.oanh.17398@vinamilk.vn,Vinamilk,CTO,manufacturing,1500,0702696114
Vũ Văn Oanh,vu.van.oanh.17399@gmail.com,Vinmec,Operations Manager,retail,50,0706323497
Phan Văn Hùng,phan.van.hung.17400@duytanplasti.vn,Duy Tan Plastics,Kế toán trưởng,manufacturing,25,0708028739
Lê Thị Quân,le.thi.quan.17401@shopeevietna.vn,Shopee Vietnam,Product Manager,software,500,0972171776
Trần Quang Quân,tran.quang.quan.17402@thacoindustr.vn,Thaco Industries,Head of Finance,manufacturing,250,0865975807
Đặng Hữu Trang,dang.huu.trang.17403@haravan.vn,Haravan,CEO,ecommerce,25,0354244154
Võ Quang Phúc,vo.quang.phuc.17404@gmail.com,Viet Tien Garment,Kế toán trưởng,healthcare,120,0906866076
Đỗ Minh Việt,do.minh.viet.17405@shopeevietna.vn,Shopee Vietnam,Head of Finance,education,250,0357744685
Nguyễn Hữu Mai,nguyen.huu.mai.17406@gmail.com,Tiki,Sales Director,education,50,0972261225
Trần Thanh An,tran.thanh.an.17407@thecoffeehou.vn,The Coffee House,CTO,fintech,250,0707284223
Bùi Xuân Trang,bui.xuan.trang.17408@gmail.com,KiotViet,CEO,ecommerce,10,0352576723
Đỗ Hồng Nam,do.hong.nam.17409@gmail.com,Base.vn,Kế toán trưởng,software,500,0867215650
Dương Đức Oanh,duong.duc.oanh.17410@vinmec.vn,Vinmec,Kế toán trưởng,software,250,0709273403
Ngô Quang Phúc,ngo.quang.phuc.17411@gmail.com,Shopee Vietnam,Product Manager,education,500,0329633240
Nguyễn Minh Trang,nguyen.minh.trang.17412@thecoffeehou.vn,The Coffee House,Marketing Manager,fintech,1500,0979805656
Dương Thanh Mai,duong.thanh.mai.17413@thacoindustr.vn,Thaco Industries,CEO,logistics,1500,0966753373
Hoàng Minh Sơn,hoang.minh.son.17414@thecoffeehou.vn,The Coffee House,CTO,logistics,10,0909184639
Dương Thanh Mai,duong.thanh.mai.17415@viettiengarm.vn,Viet Tien Garment,Kế toán trưởng,software,1500,0860413438
Đỗ Thị Khánh,do.thi.khanh.17416@topcv.vn,TopCV,CEO,healthcare,10,0967707157
Hoàng Thanh Bình,hoang.thanh.binh.17417@gmail.com,Tiki,Product Manager,fintech,120,0708599506
Lý Quang An,ly.quang.an.17418@gmail.com,Vinamilk,Product Manager,education,250,0906080078
Hoàng Ngọc Phúc,hoang.ngoc.phuc.17419@momo.vn,MoMo,CFO,ecommerce,50,0328712679
Nguyễn Thị Bình,nguyen.thi.binh.17420@gmail.com,PNJ,Procurement Manager,education,10,0322519957
Nguyễn Thị Lan,nguyen.thi.lan.17421@hoaphat.vn,Hoà Phát,Kế toán trưởng,fintech,120,0328939232
Đặng Quang Giang,dang.quang.giang.17422@fptsoftware.vn,FPT Software,Sales Director,logistics,120,0913611705
Hoàng Minh Lan,hoang.minh.lan.17423@kiotviet.vn,KiotViet,Product Manager,ecommerce,50,0938140478
Lê Quang Việt,le.quang.viet.17424@gmail.com,TopCV,Product Manager,software,25,0905139016
Ngô Minh Châu,ngo.minh.chau.17425@gmail.com,Shopee Vietnam,CTO,education,500,0904454829
Nguyễn Đức Nam,nguyen.duc.nam.17426@viettiengarm.vn,Viet Tien Garment,Head of Finance,logistics,120,0979359892
Bùi Hữu Dũng,bui.huu.dung.17427@gemadeptlogi.vn,Gemadept Logistics,Sales Director,manufacturing,1500,0936221162
Hoàng Đức Khánh,hoang.duc.khanh.17428@thecoffeehou.vn,The Coffee House,Kế toán trưởng,software,1500,0918489986
Ngô Minh Quân,ngo.minh.quan.17429@vinamilk.vn,Vinamilk,Product Manager,logistics,250,0939595707
Trần Thị Hùng,tran.thi.hung.17430@gmail.com,Hoà Phát,CFO,healthcare,1500,0350834258
Ngô Minh Mai,ngo.minh.mai.17431@gmail.com,KiotViet,CTO,logistics,25,0960421553
Võ Đức Hà,vo.duc.ha.17432@gmail.com,VNG Corporation,Kế toán trưởng,fintech,250,0936722316
Đặng Đức Tuấn,dang.duc.tuan.17433@gmail.com,TopCV,Operations Manager,manufacturing,25,0909095998
Hoàng Đức Tuấn,hoang.duc.tuan.17434@gmail.com,The Coffee House,CFO,ecommerce,25,0320086438
Vũ Thị Phúc,vu.thi.phuc.17435@topcv.vn,TopCV,Marketing Manager,fintech,50,0322159806
Vũ Ngọc Giang,vu.ngoc.giang.17436@vinamilk.vn,Vinamilk,CFO,fintech,250,0867706398
Bùi Đức Trang,bui.duc.trang.17437@gmail.com,Haravan,CTO,software,250,0970928408
Vũ Hồng Giang,vu.hong.giang.17438@vinmec.vn,Vinmec,CEO,manufacturing,50,0932240262
Phan Hữu Lan,phan.huu.lan.17439@vngcorporati.vn,VNG Corporation,Kế toán trưởng,education,500,0705045456
Nguyễn Ngọc Châu,nguyen.ngoc.chau.17440@pharmacity.vn,Pharmacity,Kế toán trưởng,retail,10,0869400295
Đặng Minh Mai,dang.minh.mai.17441@gmail.com,Shopee Vietnam,CTO,fintech,250,0322863941
Dương Thanh Nam,duong.thanh.nam.17442@gmail.com,VNG Corporation,CFO,logistics,10,0962013473
Dương Xuân Phúc,duong.xuan.phuc.17443@gmail.com,Hoà Phát,CFO,manufacturing,50,0703575653
Dương Hồng Tuấn,duong.hong.tuan.17444@gmail.com,Thaco Industries,Marketing Manager,education,250,0912304714
Hoàng Ngọc Hà,hoang.ngoc.ha.17445@haravan.vn,Haravan,Product Manager,ecommerce,1500,0322714249
Trần Thị Oanh,tran.thi.oanh.17446@vngcorporati.vn,VNG Corporation,Head of Finance,healthcare,500,0976090300
Võ Thanh Việt,vo.thanh.viet.17447@basevn.vn,Base.vn,Marketing Manager,retail,25,0707194650
Lý Hữu Linh,ly.huu.linh.17448@momo.vn,MoMo,Procurement Manager,retail,50,0908670948
Bùi Xuân Châu,bui.xuan.chau.17449@gmail.com,Base.vn,Marketing Manager,software,500,0325368517
Phạm Minh Giang,pham.minh.giang.17450@kiotviet.vn,KiotViet,CTO,healthcare,25,0352155121
Nguyễn Hữu Trang,nguyen.huu.trang.17451@shopeevietna.vn,Shopee Vietnam,Sales Director,healthcare,50,0901652862
Đỗ Đức Châu,do.duc.chau.17452@vngcorporati.vn,VNG Corporation,Procurement Manager,retail,120,0911069275
Nguyễn Quang Trang,nguyen.quang.trang.17453@gmail.com,KiotViet,Product Manager,healthcare,50,0960284831
Hoàng Minh Phúc,hoang.minh.phuc.17454@gmail.com,Tiki,Sales Director,education,25,0905067056
Đặng Hữu Tuấn,dang.huu.tuan.17455@duytanplasti.vn,Duy Tan Plastics,Sales Director,ecommerce,120,0357433898
Lý Hồng Phúc,ly.hong.phuc.17456@shopeevietna.vn,Shopee Vietnam,CTO,retail,10,0350741587
Ngô Thị Hà,ngo.thi.ha.17457@basevn.vn,Base.vn,CTO,ecommerce,250,0701912423
Lê Hữu Mai,le.huu.mai.17458@basevn.vn,Base.vn,Marketing Manager,retail,250,0961604751
Nguyễn Văn Tâm,nguyen.van.tam.17459@pharmacity.vn,Pharmacity,CFO,fintech,250,0860987234
Hồ Hữu Giang,ho.huu.giang.17460@gmail.com,Duy Tan Plastics,Head of Finance,manufacturing,250,0917334972
Ngô Thị Linh,ngo.thi.linh.17461@gmail.com,TopCV,CFO,education,120,0861563854
Lê Đức Nam,le.duc.nam.17462@gmail.com,Shopee Vietnam,CTO,ecommerce,50,0971151827
Phạm Ngọc Việt,pham.ngoc.viet.17463@haravan.vn,Haravan,Operations Manager,healthcare,10,0908278632
Lý Quang Oanh,ly.quang.oanh.17464@vinmec.vn,Vinmec,Sales Director,retail,500,0966890343
Vũ Thanh Giang,vu.thanh.giang.17465@gemadeptlogi.vn,Gemadept Logistics,Sales Director,manufacturing,10,0964978359
Hồ Xuân An,ho.xuan.an.17466@duytanplasti.vn,Duy Tan Plastics,Sales Director,healthcare,120,0937168451
Ngô Văn Hùng,ngo.van.hung.17467@gmail.com,Duy Tan Plastics,Procurement Manager,manufacturing,25,0976972157
Vũ Hữu Sơn,vu.huu.son.17468@pharmacity.vn,Pharmacity,Head of Finance,retail,250,0862514757
Phạm Xuân Việt,pham.xuan.viet.17469@haravan.vn,Haravan,Kế toán trưởng,software,25,0901747014
Đặng Văn Oanh,dang.van.oanh.17470@gmail.com,CenLand,Sales Director,software,1500,0860355816
Nguyễn Quang Việt,nguyen.quang.viet.17471@gmail.com,Vinmec,CTO,fintech,500,0863035106
Bùi Văn Lan,bui.van.lan.17472@gmail.com,Duy Tan Plastics,Kế toán trưởng,fintech,120,0937521094
Phan Đức An,phan.duc.an.17473@gmail.com,VNG Corporation,Operations Manager,ecommerce,120,0321021600
Dương Xuân Giang,duong.xuan.giang.17474@thecoffeehou.vn,The Coffee House,Marketing Manager,healthcare,1500,0962371544
Đỗ Thanh Việt,do.thanh.viet.17475@vinmec.vn,Vinmec,Marketing Manager,software,10,0706246875
Hoàng Hữu Sơn,hoang.huu.son.17476@basevn.vn,Base.vn,Procurement Manager,education,250,0968502905
Hoàng Thanh Tâm,hoang.thanh.tam.17477@gmail.com,VNG Corporation,Marketing Manager,ecommerce,250,0909283011
Bùi Hồng Nam,bui.hong.nam.17478@haravan.vn,Haravan,CTO,manufacturing,10,0969283275
Phạm Đức Linh,pham.duc.linh.17479@thacoindustr.vn,Thaco Industries,Marketing Manager,retail,500,0961757839
Nguyễn Hồng Trang,nguyen.hong.trang.17480@tiki.vn,Tiki,Procurement Manager,healthcare,500,0960143157
Đặng Minh Châu,dang.minh.chau.17481@gmail.com,Gemadept Logistics,Operations Manager,healthcare,10,0701686627
Đặng Hữu Phúc,dang.huu.phuc.17482@viettiengarm.vn,Viet Tien Garment,Procurement Manager,fintech,25,0325082185
Dương Xuân Hùng,duong.xuan.hung.17483@gmail.com,FPT Software,Sales Director,fintech,50,0963237243
Đỗ Quang Tâm,do.quang.tam.17484@basevn.vn,Base.vn,Head of Finance,manufacturing,25,0907061920
Bùi Hữu Lan,bui.huu.lan.17485@fptsoftware.vn,FPT Software,Marketing Manager,healthcare,250,0911666835
Trần Đức Tâm,tran.duc.tam.17486@hoaphat.vn,Hoà Phát,CTO,manufacturing,120,0912683063
Nguyễn Văn Mai,nguyen.van.mai.17487@topcv.vn,TopCV,Kế toán trưởng,education,250,0901683546
Trần Hồng Việt,tran.hong.viet.17488@shopeevietna.vn,Shopee Vietnam,CTO,retail,10,0930312065
Đỗ Hồng Lan,do.hong.lan.17489@gmail.com,Shopee Vietnam,Sales Director,manufacturing,10,0934520988
Hồ Văn Hà,ho.van.ha.17490@gmail.com,CenLand,Marketing Manager,education,250,0930307449
Trần Minh Trang,tran.minh.trang.17491@haravan.vn,Haravan,Marketing Manager,software,120,0358772985
Lê Hồng Trang,le.hong.trang.17492@thacoindustr.vn,Thaco Industries,CEO,fintech,120,0962802933
Bùi Thị Bình,bui.thi.binh.17493@gmail.com,VNG Corporation,Kế toán trưởng,logistics,25,0354821892
Đỗ Văn Nam,do.van.nam.17494@vngcorporati.vn,VNG Corporation,CFO,fintech,500,0968174623
Đỗ Hồng Hùng,do.hong.hung.17495@vinamilk.vn,Vinamilk,Head of Finance,education,1500,0326619848
Ngô Thị Hà,ngo.thi.ha.17496@topcv.vn,TopCV,CEO,software,1500,0326839986
Hồ Đức Sơn,ho.duc.son.17497@vinamilk.vn,Vinamilk,Sales Director,ecommerce,1500,0933732304
Đỗ Văn Bình,do.van.binh.17498@hoaphat.vn,Hoà Phát,Procurement Manager,education,10,0907820659
Đỗ Xuân Sơn,do.xuan.son.17499@kiotviet.vn,KiotViet,CEO,ecommerce,120,0354214142
Hoàng Thanh Sơn,hoang.thanh.son.17500@gmail.com,Gemadept Logistics,Operations Manager,healthcare,500,0901567287
Lê Minh Quân,le.minh.quan.17501@gmail.com,MoMo,Marketing Manager,ecommerce,250,0708212348
Bùi Thị Hùng,bui.thi.hung.17502@gmail.com,Thaco Industries,Sales Director,software,50,0900888975
Phạm Đức An,pham.duc.an.17503@pnj.vn,PNJ,Product Manager,software,10,0866793055
Lý Quang Châu,ly.quang.chau.17504@topcv.vn,TopCV,Marketing Manager,retail,1500,0912297362
Đỗ Hồng Quân,do.hong.quan.17505@viettiengarm.vn,Viet Tien Garment,Sales Director,education,250,0939797429
Bùi Ngọc Giang,bui.ngoc.giang.17506@tiki.vn,Tiki,CTO,manufacturing,120,0917701940
Bùi Xuân Sơn,bui.xuan.son.17507@gmail.com,CenLand,Kế toán trưởng,manufacturing,250,0912647410
Phan Quang Hùng,phan.quang.hung.17508@duytanplasti.vn,Duy Tan Plastics,Head of Finance,retail,50,0906912562
Ngô Đức Dũng,ngo.duc.dung.17509@hoaphat.vn,Hoà Phát,Marketing Manager,software,10,0903527109
Phạm Quang An,pham.quang.an.17510@thecoffeehou.vn,The Coffee House,Operations Manager,healthcare,120,0932711787
Nguyễn Văn Châu,nguyen.van.chau.17511@thacoindustr.vn,Thaco Industries,CEO,manufacturing,50,0863038154
Đặng Minh Tuấn,dang.minh.tuan.17512@hoaphat.vn,Hoà Phát,Marketing Manager,ecommerce,50,0961783946
Ngô Hồng Lan,ngo.hong.lan.17513@gmail.com,FPT Software,Operations Manager,healthcare,120,0869548188
Đỗ Văn Quân,do.van.quan.17514@gmail.com,Vinamilk,Sales Director,logistics,1500,0329814055
Nguyễn Xuân Hùng,nguyen.xuan.hung.17515@viettiengarm.vn,Viet Tien Garment,CFO,retail,50,0904295026
Vũ Minh Trang,vu.minh.trang.17516@shopeevietna.vn,Shopee Vietnam,Sales Director,logistics,250,0903622652
Ngô Thị Giang,ngo.thi.giang.17517@duytanplasti.vn,Duy Tan Plastics,Sales Director,software,1500,0974004528
Hoàng Hồng An,hoang.hong.an.17518@gmail.com,Duy Tan Plastics,Marketing Manager,ecommerce,250,0325028621
Vũ Đức Nam,vu.duc.nam.17519@cenland.vn,CenLand,Head of Finance,software,10,0355068118
Ngô Ngọc Tâm,ngo.ngoc.tam.17520@thacoindustr.vn,Thaco Industries,CFO,retail,1500,0962531729
Phan Thanh Lan,phan.thanh.lan.17521@gemadeptlogi.vn,Gemadept Logistics,Procurement Manager,manufacturing,500,0975306124
Lý Văn Quân,ly.van.quan.17522@gemadeptlogi.vn,Gemadept Logistics,CTO,software,1500,0860027268
Võ Hồng Việt,vo.hong.viet.17523@gmail.com,KiotViet,Product Manager,ecommerce,500,0931724436
Ngô Ngọc Giang,ngo.ngoc.giang.17524@gemadeptlogi.vn,Gemadept Logistics,Product Manager,education,25,0356214833
Lý Đức Khánh,ly.duc.khanh.17525@gmail.com,Vinmec,Operations Manager,logistics,120,0964486917
Đỗ Ngọc Sơn,do.ngoc.son.17526@momo.vn,MoMo,CTO,ecommerce,250,0934651331
Dương Đức Sơn,duong.duc.son.17527@gmail.com,Tiki,Sales Director,healthcare,500,0355046819
Dương Văn Giang,duong.van.giang.17528@gemadeptlogi.vn,Gemadept Logistics,Kế toán trưởng,fintech,120,0904241002
Đỗ Minh Hà,do.minh.ha.17529@vngcorporati.vn,VNG Corporation,CFO,manufacturing,120,0320218732
Đỗ Xuân Việt,do.xuan.viet.17530@kiotviet.vn,KiotViet,Marketing Manager,ecommerce,10,0357480195
Lý Ngọc Phúc,ly.ngoc.phuc.17531@topcv.vn,TopCV,Marketing Manager,education,250,0706276875
Đỗ Văn Hùng,do.van.hung.17532@vngcorporati.vn,VNG Corporation,Marketing Manager,healthcare,1500,0966291044
Bùi Hữu Hà,bui.huu.ha.17533@pharmacity.vn,Pharmacity,Product Manager,healthcare,120,0961920546
Đặng Xuân Khánh,dang.xuan.khanh.17534@pharmacity.vn,Pharmacity,CFO,healthcare,120,0352971162
Hồ Thị Oanh,ho.thi.oanh.17535@vinmec.vn,Vinmec,Head of Finance,ecommerce,500,0936827907
Phan Ngọc Linh,phan.ngoc.linh.17536@vinamilk.vn,Vinamilk,CTO,logistics,25,0908000793
Phan Minh Sơn,phan.minh.son.17537@viettiengarm.vn,Viet Tien Garment,CFO,fintech,250,0322086292
Hồ Xuân Nam,ho.xuan.nam.17538@thecoffeehou.vn,The Coffee House,CFO,education,500,0351603021
Võ Hồng Phúc,vo.hong.phuc.17539@topcv.vn,TopCV,Head of Finance,logistics,500,0976184802
Ngô Thị Giang,ngo.thi.giang.17540@gmail.com,Shopee Vietnam,CEO,manufacturing,120,0865498397
Trần Minh Nam,tran.minh.nam.17541@gmail.com,Shopee Vietnam,CFO,education,500,0862175059
Lý Quang Sơn,ly.quang.son.17542@gmail.com,Duy Tan Plastics,Sales Director,logistics,25,0354318911
Phạm Đức An,pham.duc.an.17543@pnj.vn,PNJ,Marketing Manager,manufacturing,500,0967693059
Vũ Hữu Quân,vu.huu.quan.17544@gmail.com,TopCV,Procurement Manager,retail,1500,0904127690
Dương Xuân Oanh,duong.xuan.oanh.17545@vngcorporati.vn,VNG Corporation,Procurement Manager,fintech,25,0904099937
Phan Thị Sơn,phan.thi.son.17546@gmail.com,Duy Tan Plastics,Operations Manager,logistics,1500,0906630898
Lê Hồng Nam,le.hong.nam.17547@vinmec.vn,Vinmec,Sales Director,logistics,10,0904393682
Lý Ngọc Hùng,ly.ngoc.hung.17548@tiki.vn,Tiki,Product Manager,healthcare,500,0325306656
Đặng Văn Bình,dang.van.binh.17549@vinamilk.vn,Vinamilk,Head of Finance,manufacturing,250,0700901341
Trần Minh Oanh,tran.minh.oanh.17550@gmail.com,Duy Tan Plastics,CFO,retail,25,0913712056
Đỗ Minh Hà,do.minh.ha.17551@tiki.vn,Tiki,Head of Finance,manufacturing,500,0324939895
Phan Hồng Tuấn,phan.hong.tuan.17552@gmail.com,Base.vn,CTO,logistics,50,0327964055
Bùi Quang Quân,bui.quang.quan.17553@haravan.vn,Haravan,Procurement Manager,software,120,0938477975
Đặng Hồng Linh,dang.hong.linh.17554@haravan.vn,Haravan,Product Manager,software,250,0972552358
Phan Thanh Bình,phan.thanh.binh.17555@topcv.vn,TopCV,Head of Finance,retail,25,0935031682
Hồ Hữu Tuấn,ho.huu.tuan.17556@vinamilk.vn,Vinamilk,Kế toán trưởng,ecommerce,50,0352875897
Phan Minh Tâm,phan.minh.tam.17557@topcv.vn,TopCV,Head of Finance,logistics,250,0961692425
Ngô Thị Châu,ngo.thi.chau.17558@gemadeptlogi.vn,Gemadept Logistics,CEO,ecommerce,120,0707911449
Hồ Thanh Khánh,ho.thanh.khanh.17559@kiotviet.vn,KiotViet,CTO,logistics,25,0972176843
Trần Văn Tâm,tran.van.tam.17560@basevn.vn,Base.vn,Sales Director,fintech,50,0327073815
Đỗ Minh Trang,do.minh.trang.17561@kiotviet.vn,KiotViet,Operations Manager,education,1500,0902413290
Đỗ Hữu Tâm,do.huu.tam.17562@haravan.vn,Haravan,Marketing Manager,ecommerce,250,0977895394
Hoàng Minh Nam,hoang.minh.nam.17563@kiotviet.vn,KiotViet,Head of Finance,education,250,0913254562
Hồ Hồng Dũng,ho.hong.dung.17564@kiotviet.vn,KiotViet,CFO,software,10,0352233953
Hoàng Thanh An,hoang.thanh.an.17565@vinmec.vn,Vinmec,CFO,manufacturing,250,0915683009
Phan Minh Mai,phan.minh.mai.17566@gmail.com,Hoà Phát,CEO,healthcare,25,0977879987
Ngô Thị Hà,ngo.thi.ha.17567@hoaphat.vn,Hoà Phát,Kế toán trưởng,manufacturing,120,0359619057
Võ Minh Châu,vo.minh.chau.17568@haravan.vn,Haravan,Head of Finance,manufacturing,500,0973588705
Hồ Văn Trang,ho.van.trang.17569@basevn.vn,Base.vn,CFO,education,1500,0902006817
Hoàng Quang Châu,hoang.quang.chau.17570@duytanplasti.vn,Duy Tan Plastics,Kế toán trưởng,education,500,0910195441
Hoàng Đức Hà,hoang.duc.ha.17571@viettiengarm.vn,Viet Tien Garment,Operations Manager,logistics,1500,0974767077
Bùi Minh Châu,bui.minh.chau.17572@fptsoftware.vn,FPT Software,CTO,fintech,250,0866672318
Vũ Thanh Hà,vu.thanh.ha.17573@gmail.com,Vinamilk,Kế toán trưởng,healthcare,120,0936830585
Phạm Hồng Quân,pham.hong.quan.17574@gmail.com,CenLand,Procurement Manager,healthcare,500,0963204681
Đặng Thị Tuấn,dang.thi.tuan.17575@haravan.vn,Haravan,Kế toán trưởng,software,250,0964629966
Dương Văn Sơn,duong.van.son.17576@hoaphat.vn,Hoà Phát,Kế toán trưởng,retail,1500,0350593776
Đỗ Xuân Hà,do.xuan.ha.17577@pnj.vn,PNJ,Sales Director,logistics,50,0919688160
Dương Thị Việt,duong.thi.viet.17578@thecoffeehou.vn,The Coffee House,CFO,software,50,0328567093
Hoàng Xuân Nam,hoang.xuan.nam.17579@momo.vn,MoMo,Operations Manager,retail,25,0966896983
Đặng Hữu Việt,dang.huu.viet.17580@cenland.vn,CenLand,CFO,software,10,0701915102
Hồ Văn Việt,ho.van.viet.17581@thacoindustr.vn,Thaco Industries,Kế toán trưởng,logistics,25,0868630913
Lê Hữu Hùng,le.huu.hung.17582@fptsoftware.vn,FPT Software,CEO,fintech,500,0970800507
Hồ Thị Khánh,ho.thi.khanh.17583@viettiengarm.vn,Viet Tien Garment,Operations Manager,ecommerce,250,0903762206
Trần Thị Mai,tran.thi.mai.17584@fptsoftware.vn,FPT Software,Procurement Manager,software,120,0900626635
Phan Hồng Dũng,phan.hong.dung.17585@viettiengarm.vn,Viet Tien Garment,Product Manager,ecommerce,10,0963035987
Đặng Đức Nam,dang.duc.nam.17586@gmail.com,Vinamilk,Marketing Manager,manufacturing,50,0972522364
Vũ Thị Mai,vu.thi.mai.17587@basevn.vn,Base.vn,Head of Finance,fintech,25,0972225490
Phạm Xuân Bình,pham.xuan.binh.17588@thacoindustr.vn,Thaco Industries,Procurement Manager,retail,250,0860357193
Phạm Minh Châu,pham.minh.chau.17589@gmail.com,Gemadept Logistics,CTO,ecommerce,1500,0964337803
Dương Hồng Nam,duong.hong.nam.17590@pnj.vn,PNJ,Procurement Manager,ecommerce,1500,0860927781
Hoàng Quang Lan,hoang.quang.lan.17591@vngcorporati.vn,VNG Corporation,Marketing Manager,retail,10,0931901121
Bùi Hồng Hùng,bui.hong.hung.17592@cenland.vn,CenLand,Kế toán trưởng,logistics,50,0326587098
Trần Hồng Tuấn,tran.hong.tuan.17593@gmail.com,Tiki,Operations Manager,education,500,0931405206
Dương Minh Nam,duong.minh.nam.17594@topcv.vn,TopCV,Sales Director,healthcare,25,0939705958
Trần Hồng Linh,tran.hong.linh.17595@gmail.com,The Coffee House,Operations Manager,logistics,120,0931921774
Đỗ Thanh Tâm,do.thanh.tam.17596@pharmacity.vn,Pharmacity,Operations Manager,education,25,0863053048
Phạm Đức Khánh,pham.duc.khanh.17597@vngcorporati.vn,VNG Corporation,Kế toán trưởng,healthcare,10,0705838367
Phạm Thanh Nam,pham.thanh.nam.17598@kiotviet.vn,KiotViet,CFO,healthcare,500,0701452952
Vũ Văn Quân,vu.van.quan.17599@momo.vn,MoMo,Head of Finance,healthcare,1500,0935779685
Lý Thanh Sơn,ly.thanh.son.17600@duytanplasti.vn,Duy Tan Plastics,CTO,manufacturing,120,0907766156
Ngô Hữu Hùng,ngo.huu.hung.17601@tiki.vn,Tiki,Operations Manager,manufacturing,120,0908126509
Lê Hữu Dũng,le.huu.dung.17602@tiki.vn,Tiki,Sales Director,healthcare,500,0963216557
Trần Văn An,tran.van.an.17603@vinamilk.vn,Vinamilk,CTO,retail,10,0860558646
Hoàng Quang Mai,hoang.quang.mai.17604@gmail.com,Duy Tan Plastics,Head of Finance,healthcare,250,0328435509
Phan Thanh Linh,phan.thanh.linh.17605@momo.vn,MoMo,Procurement Manager,education,1500,0704141675
Võ Xuân Tuấn,vo.xuan.tuan.17606@gmail.com,MoMo,CEO,manufacturing,120,0910784984
Trần Xuân Tuấn,tran.xuan.tuan.17607@pharmacity.vn,Pharmacity,Sales Director,logistics,500,0969663925
Võ Hữu Phúc,vo.huu.phuc.17608@gmail.com,The Coffee House,Sales Director,fintech,1500,0323958960
Nguyễn Thị Việt,nguyen.thi.viet.17609@duytanplasti.vn,Duy Tan Plastics,Marketing Manager,software,120,0909751742
Phan Minh Mai,phan.minh.mai.17610@kiotviet.vn,KiotViet,Sales Director,logistics,250,0906114368
Vũ Thanh Việt,vu.thanh.viet.17611@thecoffeehou.vn,The Coffee House,CFO,software,500,0862445881
Lê Hữu Oanh,le.huu.oanh.17612@gmail.com,The Coffee House,Operations Manager,software,10,0931515194
Đặng Văn Hà,dang.van.ha.17613@gmail.com,Duy Tan Plastics,Head of Finance,ecommerce,120,0708164626
Hồ Minh Hùng,ho.minh.hung.17614@vinamilk.vn,Vinamilk,Marketing Manager,ecommerce,10,0355543550
Nguyễn Hữu Dũng,nguyen.huu.dung.17615@gmail.com,TopCV,Marketing Manager,healthcare,25,0707154096
Bùi Thị Giang,bui.thi.giang.17616@gmail.com,Viet Tien Garment,CFO,fintech,25,0967572580
Lê Minh Việt,le.minh.viet.17617@gmail.com,CenLand,Kế toán trưởng,education,250,0320341635
Phan Văn Phúc,phan.van.phuc.17618@gmail.com,Viet Tien Garment,CEO,ecommerce,10,0324490706
Phạm Hồng Hùng,pham.hong.hung.17619@momo.vn,MoMo,CEO,education,1500,0906879589
Đỗ Hữu Quân,do.huu.quan.17620@gmail.com,Duy Tan Plastics,Product Manager,fintech,50,0932012324
Võ Hồng Việt,vo.hong.viet.17621@pharmacity.vn,Pharmacity,Procurement Manager,software,25,0917116026
Đặng Thị Châu,dang.thi.chau.17622@kiotviet.vn,KiotViet,CEO,ecommerce,10,0702221533
Lý Ngọc Trang,ly.ngoc.trang.17623@pnj.vn,PNJ,Head of Finance,education,250,0907659391
Đỗ Thanh An,do.thanh.an.17624@basevn.vn,Base.vn,CEO,fintech,250,0328289872
Dương Xuân Linh,duong.xuan.linh.17625@duytanplasti.vn,Duy Tan Plastics,CTO,education,10,0939876057
Ngô Đức Sơn,ngo.duc.son.17626@thacoindustr.vn,Thaco Industries,Operations Manager,software,25,0968913702
Bùi Đức Sơn,bui.duc.son.17627@hoaphat.vn,Hoà Phát,CFO,retail,250,0321511098
Võ Văn Oanh,vo.van.oanh.17628@tiki.vn,Tiki,Operations Manager,healthcare,50,0904170792
Hồ Ngọc Nam,ho.ngoc.nam.17629@gmail.com,Thaco Industries,CTO,education,250,0904150574
Đỗ Hữu Tâm,do.huu.tam.17630@basevn.vn,Base.vn,Marketing Manager,ecommerce,250,0703350705
Vũ Minh Giang,vu.minh.giang.17631@gmail.com,Hoà Phát,CFO,education,120,0862210423
Hoàng Hữu Dũng,hoang.huu.dung.17632@gmail.com,FPT Software,Procurement Manager,logistics,120,0934779319
Dương Hữu Giang,duong.huu.giang.17633@shopeevietna.vn,Shopee Vietnam,Product Manager,retail,25,0352486239
Dương Minh Hùng,duong.minh.hung.17634@viettiengarm.vn,Viet Tien Garment,Head of Finance,ecommerce,120,0938308015
Bùi Văn Nam,bui.van.nam.17635@gmail.com,Duy Tan Plastics,Kế toán trưởng,healthcare,1500,0861388430
Đỗ Quang Nam,do.quang.nam.17636@momo.vn,MoMo,Product Manager,software,250,0919793461
Lý Thanh Quân,ly.thanh.quan.17637@vngcorporati.vn,VNG Corporation,Operations Manager,fintech,10,0960337169
Đỗ Xuân Hà,do.xuan.ha.17638@tiki.vn,Tiki,Kế toán trưởng,logistics,50,0321664215
Vũ Văn Việt,vu.van.viet.17639@gmail.com,Viet Tien Garment,CEO,ecommerce,500,0930768322
Hoàng Đức Hùng,hoang.duc.hung.17640@duytanplasti.vn,Duy Tan Plastics,Marketing Manager,logistics,10,0323516802
Phạm Hồng Oanh,pham.hong.oanh.17641@gmail.com,Gemadept Logistics,CFO,ecommerce,120,0910609323
Lê Thị Tâm,le.thi.tam.17642@gemadeptlogi.vn,Gemadept Logistics,CTO,software,25,0862261275
Trần Minh Lan,tran.minh.lan.17643@duytanplasti.vn,Duy Tan Plastics,CEO,education,1500,0902996759
Trần Xuân Giang,tran.xuan.giang.17644@vngcorporati.vn,VNG Corporation,Head of Finance,manufacturing,25,0324251647
Dương Minh Nam,duong.minh.nam.17645@thecoffeehou.vn,The Coffee House,Sales Director,retail,250,0707205461
Đỗ Văn Dũng,do.van.dung.17646@gmail.com,Tiki,Head of Finance,manufacturing,10,0350450377
Lê Xuân Quân,le.xuan.quan.17647@duytanplasti.vn,Duy Tan Plastics,Marketing Manager,healthcare,25,0934910374
Hồ Đức Dũng,ho.duc.dung.17648@hoaphat.vn,Hoà Phát,Sales Director,healthcare,1500,0911458815
Lý Minh Trang,ly.minh.trang.17649@basevn.vn,Base.vn,Procurement Manager,education,120,0355933486
Vũ Ngọc Bình,vu.ngoc.binh.17650@gemadeptlogi.vn,Gemadept Logistics,CEO,ecommerce,500,0973346866
Hoàng Xuân Phúc,hoang.xuan.phuc.17651@basevn.vn,Base.vn,Head of Finance,ecommerce,10,0905340793
Hồ Đức Tâm,ho.duc.tam.17652@gmail.com,The Coffee House,Head of Finance,education,50,0868987791
Đỗ Văn Trang,do.van.trang.17653@topcv.vn,TopCV,Procurement Manager,logistics,50,0962699735
Phạm Hữu Khánh,pham.huu.khanh.17654@gmail.com,Tiki,Product Manager,education,250,0702491623
Vũ Quang Hùng,vu.quang.hung.17655@kiotviet.vn,KiotViet,Operations Manager,healthcare,250,0706454947
Phan Quang An,phan.quang.an.17656@kiotviet.vn,KiotViet,Product Manager,logistics,120,0706346408
Đặng Thị Oanh,dang.thi.oanh.17657@haravan.vn,Haravan,Head of Finance,ecommerce,1500,0963544580
Đặng Hồng Linh,dang.hong.linh.17658@gmail.com,Viet Tien Garment,CFO,retail,25,0704443652
Hoàng Thanh Giang,hoang.thanh.giang.17659@gmail.com,Pharmacity,Product Manager,manufacturing,1500,0323879857
Võ Thị Quân,vo.thi.quan.17660@basevn.vn,Base.vn,CTO,logistics,25,0322290556
Võ Xuân Khánh,vo.xuan.khanh.17661@basevn.vn,Base.vn,Sales Director,ecommerce,25,0962587414
Hoàng Xuân Mai,hoang.xuan.mai.17662@topcv.vn,TopCV,Head of Finance,logistics,250,0917310752
Phan Hồng Nam,phan.hong.nam.17663@gmail.com,Pharmacity,CFO,manufacturing,120,0320391774
Hồ Thị Phúc,ho.thi.phuc.17664@thecoffeehou.vn,The Coffee House,Operations Manager,ecommerce,250,0919250957
Đỗ Thị Việt,do.thi.viet.17665@shopeevietna.vn,Shopee Vietnam,CEO,software,250,0902713650
Vũ Hữu Tâm,vu.huu.tam.17666@fptsoftware.vn,FPT Software,Kế toán trưởng,healthcare,50,0976770464
Lý Đức Quân,ly.duc.quan.17667@tiki.vn,Tiki,CFO,software,500,0931989356
Lý Thanh Hùng,ly.thanh.hung.17668@vinamilk.vn,Vinamilk,Procurement Manager,healthcare,50,0976090065
Lý Hồng Nam,ly.hong.nam.17669@gmail.com,PNJ,Head of Finance,ecommerce,500,0938414030
Hoàng Minh Mai,hoang.minh.mai.17670@thacoindustr.vn,Thaco Industries,Marketing Manager,retail,250,0351485090
Hoàng Xuân Linh,hoang.xuan.linh.17671@topcv.vn,TopCV,Sales Director,logistics,50,0977105748
Lê Quang Sơn,le.quang.son.17672@topcv.vn,TopCV,Marketing Manager,retail,10,0863576925
Ngô Văn Trang,ngo.van.trang.17673@viettiengarm.vn,Viet Tien Garment,CTO,software,10,0903700425
Vũ Hữu Bình,vu.huu.binh.17674@pnj.vn,PNJ,CFO,retail,500,0936693949
Đặng Đức Linh,dang.duc.linh.17675@vngcorporati.vn,VNG Corporation,CEO,education,50,0326191086
Nguyễn Văn Nam,nguyen.van.nam.17676@gmail.com,Vinamilk,CFO,logistics,500,0865547565
Lê Xuân Tuấn,le.xuan.tuan.17677@viettiengarm.vn,Viet Tien Garment,Operations Manager,logistics,25,0706604258
Vũ Thị Nam,vu.thi.nam.17678@thacoindustr.vn,Thaco Industries,Procurement Manager,ecommerce,120,0864039147
Lý Hữu Mai,ly.huu.mai.17679@hoaphat.vn,Hoà Phát,CFO,ecommerce,1500,0978391139
Đặng Hồng Giang,dang.hong.giang.17680@gmail.com,The Coffee House,Procurement Manager,retail,250,0322275314
Đặng Hữu Trang,dang.huu.trang.17681@gmail.com,FPT Software,Kế toán trưởng,logistics,250,0352071940
Lê Đức Giang,le.duc.giang.17682@haravan.vn,Haravan,Product Manager,retail,500,0708858776
Đặng Hồng Bình,dang.hong.binh.17683@gmail.com,Base.vn,Operations Manager,manufacturing,120,0865192785
Lý Đức Mai,ly.duc.mai.17684@gmail.com,MoMo,CFO,ecommerce,25,0707424622
Phan Hữu Phúc,phan.huu.phuc.17685@tiki.vn,Tiki,CEO,education,500,0902305955
Phan Minh Dũng,phan.minh.dung.17686@topcv.vn,TopCV,CTO,education,10,0900761309
Lê Quang Giang,le.quang.giang.17687@pharmacity.vn,Pharmacity,Product Manager,logistics,25,0937130716
Phan Thị Sơn,phan.thi.son.17688@thecoffeehou.vn,The Coffee House,Procurement Manager,education,500,0969852420
Hoàng Đức Việt,hoang.duc.viet.17689@basevn.vn,Base.vn,Procurement Manager,manufacturing,50,0914437803
Dương Thị Khánh,duong.thi.khanh.17690@gmail.com,Thaco Industries,CEO,healthcare,120,0903026134
Lý Minh Giang,ly.minh.giang.17691@topcv.vn,TopCV,Head of Finance,retail,500,0909019430
Bùi Minh Lan,bui.minh.lan.17692@gmail.com,Gemadept Logistics,Product Manager,education,50,0966981397
Hồ Đức Khánh,ho.duc.khanh.17693@thacoindustr.vn,Thaco Industries,Head of Finance,fintech,500,0911687399
Hồ Minh Châu,ho.minh.chau.17694@gmail.com,CenLand,Head of Finance,retail,10,0351571482
Phạm Ngọc Dũng,pham.ngoc.dung.17695@gmail.com,Hoà Phát,CEO,software,250,0930487928
Vũ Minh Dũng,vu.minh.dung.17696@fptsoftware.vn,FPT Software,Product Manager,logistics,250,0932669163
Đặng Thị Hà,dang.thi.ha.17697@vinmec.vn,Vinmec,Marketing Manager,fintech,500,0918467433
Đỗ Xuân Hùng,do.xuan.hung.17698@tiki.vn,Tiki,Sales Director,manufacturing,250,0900238651
Bùi Hồng Tuấn,bui.hong.tuan.17699@cenland.vn,CenLand,Head of Finance,ecommerce,25,0937355093
Bùi Quang Tâm,bui.quang.tam.17700@gemadeptlogi.vn,Gemadept Logistics,CTO,manufacturing,120,0917114383
Phạm Văn Trang,pham.van.trang.17701@hoaphat.vn,Hoà Phát,Product Manager,manufacturing,500,0963519662
Hồ Hồng Việt,ho.hong.viet.17702@cenland.vn,CenLand,CTO,fintech,1500,0356233332
Phạm Thị Lan,pham.thi.lan.17703@gmail.com,Tiki,Product Manager,ecommerce,25,0702570631
Võ Đức Bình,vo.duc.binh.17704@gmail.com,MoMo,CEO,ecommerce,25,0703703344
Đỗ Đức Lan,do.duc.lan.17705@thecoffeehou.vn,The Coffee House,CEO,software,10,0931663173
Trần Hồng Linh,tran.hong.linh.17706@vinamilk.vn,Vinamilk,Product Manager,retail,250,0971051919
Trần Thị Bình,tran.thi.binh.17707@thacoindustr.vn,Thaco Industries,CEO,ecommerce,500,0904447816
Vũ Hữu An,vu.huu.an.17708@gmail.com,Pharmacity,Marketing Manager,healthcare,1500,0905100097
Đỗ Hữu Tâm,do.huu.tam.17709@gmail.com,Hoà Phát,Marketing Manager,logistics,250,0868488602
Vũ Hữu Hà,vu.huu.ha.17710@shopeevietna.vn,Shopee Vietnam,Kế toán trưởng,ecommerce,25,0915015903
Vũ Hữu Tâm,vu.huu.tam.17711@vinmec.vn,Vinmec,CFO,healthcare,50,0937885788
Hồ Hồng Quân,ho.hong.quan.17712@gemadeptlogi.vn,Gemadept Logistics,CFO,logistics,120,0866569023
Ngô Thanh Châu,ngo.thanh.chau.17713@thacoindustr.vn,Thaco Industries,Head of Finance,fintech,500,0970549707
Võ Ngọc Mai,vo.ngoc.mai.17714@shopeevietna.vn,Shopee Vietnam,Operations Manager,logistics,25,0975204893
Hoàng Thanh Châu,hoang.thanh.chau.17715@fptsoftware.vn,FPT Software,Kế toán trưởng,retail,120,0908033157
Vũ Ngọc Sơn,vu.ngoc.son.17716@gmail.com,Haravan,Operations Manager,fintech,500,0970322021
Dương Ngọc Khánh,duong.ngoc.khanh.17717@hoaphat.vn,Hoà Phát,Procurement Manager,retail,500,0353559547
Nguyễn Minh Hà,nguyen.minh.ha.17718@gmail.com,MoMo,Operations Manager,software,500,0970615559
Đặng Ngọc Châu,dang.ngoc.chau.17719@fptsoftware.vn,FPT Software,Sales Director,software,120,0864524693
Võ Hồng Châu,vo.hong.chau.17720@vngcorporati.vn,VNG Corporation,CFO,fintech,120,0706698390
Đặng Xuân Quân,dang.xuan.quan.17721@gmail.com,FPT Software,Marketing Manager,fintech,500,0902334786
Hoàng Quang Bình,hoang.quang.binh.17722@vngcorporati.vn,VNG Corporation,CTO,healthcare,25,0329500175
Bùi Ngọc Sơn,bui.ngoc.son.17723@gmail.com,Pharmacity,Operations Manager,logistics,250,0320643727
Hoàng Hữu Sơn,hoang.huu.son.17724@vinamilk.vn,Vinamilk,Kế toán trưởng,logistics,500,0938581545
Đỗ Thị Tuấn,do.thi.tuan.17725@gmail.com,Viet Tien Garment,Sales Director,education,120,0939560552
Đỗ Hồng Phúc,do.hong.phuc.17726@gmail.com,TopCV,Marketing Manager,education,500,0960647085
Lý Quang Phúc,ly.quang.phuc.17727@gmail.com,Viet Tien Garment,Head of Finance,fintech,1500,0705696389
Bùi Thị Linh,bui.thi.linh.17728@pharmacity.vn,Pharmacity,Operations Manager,education,50,0962946517
Lê Hữu Sơn,le.huu.son.17729@vinamilk.vn,Vinamilk,Procurement Manager,fintech,50,0936661898
Võ Hữu Tuấn,vo.huu.tuan.17730@fptsoftware.vn,FPT Software,Operations Manager,logistics,25,0972736020
Bùi Xuân Lan,bui.xuan.lan.17731@thacoindustr.vn,Thaco Industries,Marketing Manager,healthcare,1500,0863442958
Hồ Quang Oanh,ho.quang.oanh.17732@momo.vn,MoMo,CFO,manufacturing,500,0903524786
Phạm Đức Nam,pham.duc.nam.17733@viettiengarm.vn,Viet Tien Garment,Kế toán trưởng,retail,500,0868530485
Võ Minh Oanh,vo.minh.oanh.17734@pnj.vn,PNJ,CEO,education,120,0901496702
Vũ Quang Oanh,vu.quang.oanh.17735@pharmacity.vn,Pharmacity,Product Manager,education,120,0960295405
Đặng Thanh Quân,dang.thanh.quan.17736@gmail.com,CenLand,Marketing Manager,retail,1500,0355729558
Lý Quang Giang,ly.quang.giang.17737@gmail.com,PNJ,Sales Director,fintech,500,0864723831
Trần Ngọc Linh,tran.ngoc.linh.17738@tiki.vn,Tiki,Procurement Manager,logistics,50,0865125551
Ngô Văn Nam,ngo.van.nam.17739@hoaphat.vn,Hoà Phát,CTO,ecommerce,10,0353101048
Đặng Minh Mai,dang.minh.mai.17740@cenland.vn,CenLand,Sales Director,software,50,0905583267
Vũ Quang Bình,vu.quang.binh.17741@topcv.vn,TopCV,Operations Manager,ecommerce,1500,0937620680
Nguyễn Thị Oanh,nguyen.thi.oanh.17742@shopeevietna.vn,Shopee Vietnam,CEO,manufacturing,500,0939312505
Lý Xuân Mai,ly.xuan.mai.17743@vinamilk.vn,Vinamilk,CTO,ecommerce,120,0700992575
Bùi Đức Lan,bui.duc.lan.17744@vngcorporati.vn,VNG Corporation,Operations Manager,software,25,0911657322
Hồ Ngọc Giang,ho.ngoc.giang.17745@gmail.com,Shopee Vietnam,Product Manager,ecommerce,250,0907481144
Lê Quang Bình,le.quang.binh.17746@pnj.vn,PNJ,Marketing Manager,education,10,0917450240
Đỗ Thị Dũng,do.thi.dung.17747@basevn.vn,Base.vn,Marketing Manager,healthcare,1500,0702263169
Lê Văn Linh,le.van.linh.17748@thacoindustr.vn,Thaco Industries,Head of Finance,healthcare,250,0934833442
Dương Hồng Phúc,duong.hong.phuc.17749@gmail.com,Tiki,Product Manager,education,250,0936945043
Hồ Thị Châu,ho.thi.chau.17750@gmail.com,CenLand,Product Manager,retail,120,0320092405
Vũ Xuân Mai,vu.xuan.mai.17751@fptsoftware.vn,FPT Software,CFO,manufacturing,1500,0914604694
Lê Văn Giang,le.van.giang.17752@gmail.com,MoMo,CFO,logistics,1500,0861325895
Đặng Minh Hà,dang.minh.ha.17753@thecoffeehou.vn,The Coffee House,Kế toán trưởng,fintech,120,0704760258
Nguyễn Đức Hà,nguyen.duc.ha.17754@gmail.com,Viet Tien Garment,CFO,logistics,500,0900010161
Nguyễn Xuân Phúc,nguyen.xuan.phuc.17755@hoaphat.vn,Hoà Phát,CFO,fintech,250,0355026251
Võ Ngọc Quân,vo.ngoc.quan.17756@gmail.com,The Coffee House,Marketing Manager,retail,500,0905337436
Dương Xuân An,duong.xuan.an.17757@hoaphat.vn,Hoà Phát,Sales Director,manufacturing,10,0861746010
Võ Hồng Lan,vo.hong.lan.17758@vinmec.vn,Vinmec,Operations Manager,healthcare,50,0708038563
Ngô Minh Nam,ngo.minh.nam.17759@fptsoftware.vn,FPT Software,CEO,logistics,10,0964391583
Phan Thị Dũng,phan.thi.dung.17760@duytanplasti.vn,Duy Tan Plastics,Operations Manager,fintech,500,0964845686
Lý Văn Sơn,ly.van.son.17761@gmail.com,Tiki,CFO,software,25,0701725788
Nguyễn Văn Hùng,nguyen.van.hung.17762@vngcorporati.vn,VNG Corporation,CTO,healthcare,10,0353727162
Võ Hồng Tâm,vo.hong.tam.17763@fptsoftware.vn,FPT Software,Sales Director,logistics,250,0862268533
Hồ Xuân Bình,ho.xuan.binh.17764@vinamilk.vn,Vinamilk,Marketing Manager,manufacturing,1500,0868252866
Phạm Đức Phúc,pham.duc.phuc.17765@fptsoftware.vn,FPT Software,CTO,fintech,500,0919875030
Ngô Đức Tuấn,ngo.duc.tuan.17766@gmail.com,FPT Software,Procurement Manager,manufacturing,120,0911950724
Đặng Thị Phúc,dang.thi.phuc.17767@gemadeptlogi.vn,Gemadept Logistics,CFO,education,25,0971176419
Đặng Hữu Châu,dang.huu.chau.17768@gmail.com,FPT Software,Head of Finance,retail,500,0965714623
Võ Ngọc Linh,vo.ngoc.linh.17769@vinmec.vn,Vinmec,Kế toán trưởng,education,250,0916663451
Lê Thị Bình,le.thi.binh.17770@hoaphat.vn,Hoà Phát,Sales Director,fintech,10,0975239018
Phan Hồng Dũng,phan.hong.dung.17771@gmail.com,Gemadept Logistics,Product Manager,ecommerce,50,0326927519
Bùi Hồng An,bui.hong.an.17772@momo.vn,MoMo,Product Manager,software,500,0709743942
Lê Hữu Dũng,le.huu.dung.17773@momo.vn,MoMo,Sales Director,manufacturing,25,0935616167
Đỗ Văn Châu,do.van.chau.17774@tiki.vn,Tiki,Operations Manager,healthcare,120,0325840055
Trần Hữu Mai,tran.huu.mai.17775@viettiengarm.vn,Viet Tien Garment,CFO,software,1500,0906358911
Lê Minh Quân,le.minh.quan.17776@fptsoftware.vn,FPT Software,CTO,education,500,0862363223
Hoàng Ngọc Hùng,hoang.ngoc.hung.17777@viettiengarm.vn,Viet Tien Garment,Head of Finance,software,10,0321270851
Lê Văn Việt,le.van.viet.17778@gemadeptlogi.vn,Gemadept Logistics,CFO,education,250,0969555462
Lý Ngọc Bình,ly.ngoc.binh.17779@gmail.com,Gemadept Logistics,Sales Director,manufacturing,250,0906877570
Đặng Hữu Dũng,dang.huu.dung.17780@vinmec.vn,Vinmec,CEO,ecommerce,120,0904579230
Ngô Đức Phúc,ngo.duc.phuc.17781@haravan.vn,Haravan,Product Manager,healthcare,50,0324740480
Nguyễn Quang Bình,nguyen.quang.binh.17782@gmail.com,Vinamilk,CEO,education,25,0707525132
Dương Hữu Phúc,duong.huu.phuc.17783@gmail.com,Gemadept Logistics,Operations Manager,logistics,10,0869562597
Võ Hồng Hà,vo.hong.ha.17784@shopeevietna.vn,Shopee Vietnam,Operations Manager,software,25,0329436071
Nguyễn Đức Linh,nguyen.duc.linh.17785@haravan.vn,Haravan,Procurement Manager,fintech,500,0324069181
Trần Hồng Trang,tran.hong.trang.17786@basevn.vn,Base.vn,Marketing Manager,software,1500,0908531745
Nguyễn Ngọc Việt,nguyen.ngoc.viet.17787@vinmec.vn,Vinmec,Marketing Manager,software,10,0974528980
Võ Hồng Dũng,vo.hong.dung.17788@thecoffeehou.vn,The Coffee House,CTO,retail,120,0911508389
Đặng Thị Châu,dang.thi.chau.17789@gmail.com,Shopee Vietnam,Marketing Manager,fintech,250,0975893377
Phạm Minh Trang,pham.minh.trang.17790@tiki.vn,Tiki,CFO,software,25,0902255253
Lý Văn Giang,ly.van.giang.17791@viettiengarm.vn,Viet Tien Garment,Head of Finance,healthcare,50,0932039588
Phạm Quang Oanh,pham.quang.oanh.17792@vngcorporati.vn,VNG Corporation,Sales Director,logistics,25,0703290007
Hoàng Minh Linh,hoang.minh.linh.17793@gmail.com,Vinmec,Product Manager,manufacturing,10,0919691139
Lý Hồng Oanh,ly.hong.oanh.17794@gmail.com,FPT Software,Operations Manager,healthcare,120,0934153264
Vũ Văn Trang,vu.van.trang.17795@gmail.com,Thaco Industries,Marketing Manager,manufacturing,250,0907221751
Dương Quang Tâm,duong.quang.tam.17796@vngcorporati.vn,VNG Corporation,Sales Director,retail,500,0938716987
Lý Hồng Trang,ly.hong.trang.17797@vngcorporati.vn,VNG Corporation,Marketing Manager,retail,500,0861778169
Đặng Hồng Giang,dang.hong.giang.17798@gmail.com,Hoà Phát,Head of Finance,education,50,0967288680
Vũ Quang Phúc,vu.quang.phuc.17799@duytanplasti.vn,Duy Tan Plastics,Sales Director,manufacturing,120,0938633576
Dương Minh Phúc,duong.minh.phuc.17800@gmail.com,TopCV,Head of Finance,logistics,250,0868204168
Ngô Văn Tâm,ngo.van.tam.17801@gmail.com,Duy Tan Plastics,Product Manager,software,120,0869561865
Phạm Quang Lan,pham.quang.lan.17802@topcv.vn,TopCV,Procurement Manager,healthcare,50,0324159584
Đỗ Minh Khánh,do.minh.khanh.17803@pnj.vn,PNJ,CFO,logistics,1500,0973464410
Nguyễn Đức Sơn,nguyen.duc.son.17804@haravan.vn,Haravan,Product Manager,retail,10,0905286141
Lê Văn An,le.van.an.17805@gmail.com,Thaco Industries,Head of Finance,ecommerce,50,0866876361
Phan Xuân Lan,phan.xuan.lan.17806@gmail.com,Base.vn,Kế toán trưởng,ecommerce,500,0975895212
Nguyễn Minh Bình,nguyen.minh.binh.17807@kiotviet.vn,KiotViet,Product Manager,manufacturing,25,0969199751
Vũ Quang Khánh,vu.quang.khanh.17808@thecoffeehou.vn,The Coffee House,CTO,healthcare,1500,0968191967
Dương Hữu Nam,duong.huu.nam.17809@gmail.com,Thaco Industries,CEO,ecommerce,120,0914633819
Đặng Quang Châu,dang.quang.chau.17810@gmail.com,Shopee Vietnam,Procurement Manager,logistics,120,0918227636
Hoàng Minh Bình,hoang.minh.binh.17811@basevn.vn,Base.vn,Marketing Manager,manufacturing,10,0350883080
Vũ Thị Nam,vu.thi.nam.17812@gmail.com,FPT Software,CEO,logistics,250,0919168408
Phạm Quang Phúc,pham.quang.phuc.17813@topcv.vn,TopCV,Sales Director,software,10,0703542416
Nguyễn Thị Mai,nguyen.thi.mai.17814@gmail.com,The Coffee House,Product Manager,software,1500,0352206878
Võ Thanh Mai,vo.thanh.mai.17815@hoaphat.vn,Hoà Phát,Operations Manager,ecommerce,1500,0704829617
Hoàng Quang Dũng,hoang.quang.dung.17816@viettiengarm.vn,Viet Tien Garment,CEO,fintech,1500,0904353531
Trần Hồng Việt,tran.hong.viet.17817@fptsoftware.vn,FPT Software,Sales Director,software,250,0917435132
Lý Minh Nam,ly.minh.nam.17818@gmail.com,TopCV,Head of Finance,manufacturing,10,0869939411
Trần Minh Hùng,tran.minh.hung.17819@haravan.vn,Haravan,Sales Director,education,25,0978669687
Hồ Xuân Nam,ho.xuan.nam.17820@pharmacity.vn,Pharmacity,CFO,fintech,10,0919816822
Vũ Hồng Linh,vu.hong.linh.17821@pharmacity.vn,Pharmacity,Procurement Manager,ecommerce,250,0325649675
Phạm Hữu Phúc,pham.huu.phuc.17822@cenland.vn,CenLand,Product Manager,education,120,0962042629
Phan Ngọc An,phan.ngoc.an.17823@pharmacity.vn,Pharmacity,Marketing Manager,logistics,25,0328554438
Lê Thanh Việt,le.thanh.viet.17824@haravan.vn,Haravan,Product Manager,manufacturing,25,0963845591
Trần Hữu Linh,tran.huu.linh.17825@hoaphat.vn,Hoà Phát,CEO,healthcare,10,0329794085
Dương Hữu Hà,duong.huu.ha.17826@vinmec.vn,Vinmec,Marketing Manager,healthcare,1500,0709629400
Lý Đức Tâm,ly.duc.tam.17827@pharmacity.vn,Pharmacity,CFO,software,25,0914242782
Vũ Hữu Hùng,vu.huu.hung.17828@thecoffeehou.vn,The Coffee House,CEO,healthcare,50,0701250486
Vũ Xuân Dũng,vu.xuan.dung.17829@gmail.com,TopCV,Operations Manager,fintech,1500,0969678477
Đỗ Quang Hà,do.quang.ha.17830@thacoindustr.vn,Thaco Industries,Head of Finance,logistics,1500,0917883330
Đặng Đức Châu,dang.duc.chau.17831@hoaphat.vn,Hoà Phát,Kế toán trưởng,ecommerce,10,0937621475
Ngô Đức Khánh,ngo.duc.khanh.17832@shopeevietna.vn,Shopee Vietnam,Kế toán trưởng,retail,10,0972571054
Đặng Văn Tâm,dang.van.tam.17833@gmail.com,KiotViet,Sales Director,logistics,120,0707889357
Đặng Minh Châu,dang.minh.chau.17834@gmail.com,FPT Software,Kế toán trưởng,logistics,1500,0701111454
Đặng Ngọc Dũng,dang.ngoc.dung.17835@kiotviet.vn,KiotViet,CEO,ecommerce,25,0930075577
Dương Ngọc Tuấn,duong.ngoc.tuan.17836@gmail.com,Pharmacity,Product Manager,education,25,0917953829
Hoàng Văn Mai,hoang.van.mai.17837@vinmec.vn,Vinmec,Head of Finance,software,10,0868755307
Dương Hồng Phúc,duong.hong.phuc.17838@gmail.com,Pharmacity,Procurement Manager,logistics,120,0706377380
Bùi Xuân Sơn,bui.xuan.son.17839@gmail.com,MoMo,CEO,manufacturing,50,0328576633
Trần Hồng Bình,tran.hong.binh.17840@gmail.com,Pharmacity,CFO,software,1500,0912387315
Lý Minh Sơn,ly.minh.son.17841@pnj.vn,PNJ,Head of Finance,logistics,250,0863519769
Hồ Ngọc An,ho.ngoc.an.17842@duytanplasti.vn,Duy Tan Plastics,Head of Finance,software,25,0706097896
Bùi Thị Bình,bui.thi.binh.17843@momo.vn,MoMo,CFO,manufacturing,25,0867841628
Hoàng Minh Tâm,hoang.minh.tam.17844@gmail.com,Gemadept Logistics,Product Manager,retail,120,0962890408
Bùi Quang Dũng,bui.quang.dung.17845@pharmacity.vn,Pharmacity,CTO,software,10,0933156951
Dương Xuân Tâm,duong.xuan.tam.17846@gmail.com,Vinamilk,Sales Director,education,500,0358316475
Phan Quang Hùng,phan.quang.hung.17847@momo.vn,MoMo,Marketing Manager,ecommerce,25,0355464195
Phan Hữu Trang,phan.huu.trang.17848@gmail.com,Thaco Industries,Marketing Manager,fintech,120,0354119179
Lý Ngọc Hà,ly.ngoc.ha.17849@vinmec.vn,Vinmec,Operations Manager,healthcare,250,0320685485
Ngô Thanh Mai,ngo.thanh.mai.17850@vinamilk.vn,Vinamilk,CTO,fintech,50,0868251242
Hoàng Văn Hà,hoang.van.ha.17851@haravan.vn,Haravan,Product Manager,healthcare,1500,0973078804
Đặng Ngọc Tâm,dang.ngoc.tam.17852@thacoindustr.vn,Thaco Industries,CEO,software,50,0938104612
Hoàng Hồng Bình,hoang.hong.binh.17853@gmail.com,MoMo,Operations Manager,fintech,120,0917070801
Lê Đức Dũng,le.duc.dung.17854@cenland.vn,CenLand,Product Manager,manufacturing,25,0931969733
Phạm Minh Hà,pham.minh.ha.17855@haravan.vn,Haravan,CTO,manufacturing,250,0915312523
Nguyễn Văn Oanh,nguyen.van.oanh.17856@gmail.com,Base.vn,Procurement Manager,fintech,500,0355588695
Phạm Hữu Nam,pham.huu.nam.17857@vinmec.vn,Vinmec,Product Manager,healthcare,120,0903116299
Bùi Hữu Oanh,bui.huu.oanh.17858@gmail.com,PNJ,Head of Finance,software,250,0962645763
Dương Ngọc Trang,duong.ngoc.trang.17859@gmail.com,FPT Software,Product Manager,education,50,0322411242
Bùi Thị Lan,bui.thi.lan.17860@shopeevietna.vn,Shopee Vietnam,Marketing Manager,ecommerce,500,0903414297
Hoàng Minh Hùng,hoang.minh.hung.17861@thacoindustr.vn,Thaco Industries,Operations Manager,logistics,120,0701095868
Dương Thanh Tuấn,duong.thanh.tuan.17862@gmail.com,TopCV,Sales Director,ecommerce,120,0914904336
Lê Thị Nam,le.thi.nam.17863@gmail.com,PNJ,Head of Finance,logistics,25,0931622758
Ngô Quang Bình,ngo.quang.binh.17864@gmail.com,The Coffee House,CTO,retail,1500,0969191678
Nguyễn Minh Tâm,nguyen.minh.tam.17865@basevn.vn,Base.vn,Sales Director,software,1500,0709769384
Trần Ngọc Tuấn,tran.ngoc.tuan.17866@gmail.com,MoMo,Sales Director,education,25,0702252787
Ngô Xuân Tuấn,ngo.xuan.tuan.17867@gemadeptlogi.vn,Gemadept Logistics,Procurement Manager,manufacturing,250,0937843743
Phạm Xuân Phúc,pham.xuan.phuc.17868@pnj.vn,PNJ,CFO,manufacturing,10,0700478437
Ngô Hồng Hà,ngo.hong.ha.17869@gmail.com,Vinmec,CEO,fintech,25,0935555176
Đặng Văn Châu,dang.van.chau.17870@shopeevietna.vn,Shopee Vietnam,Marketing Manager,ecommerce,10,0903416179
Đặng Thanh Hà,dang.thanh.ha.17871@gmail.com,CenLand,Sales Director,education,10,0937039195
Phạm Hữu Quân,pham.huu.quan.17872@gmail.com,TopCV,Sales Director,manufacturing,1500,0865000848
Đỗ Xuân Khánh,do.xuan.khanh.17873@momo.vn,MoMo,Head of Finance,ecommerce,250,0702158033
Hồ Minh Hà,ho.minh.ha.17874@momo.vn,MoMo,CTO,fintech,250,0324937805
Trần Ngọc Phúc,tran.ngoc.phuc.17875@kiotviet.vn,KiotViet,CFO,manufacturing,120,0977661966
Võ Văn An,vo.van.an.17876@duytanplasti.vn,Duy Tan Plastics,Operations Manager,logistics,1500,0909692937
Đặng Thị Hà,dang.thi.ha.17877@gmail.com,Vinamilk,Procurement Manager,retail,120,0970394952
Hoàng Thanh Tuấn,hoang.thanh.tuan.17878@gmail.com,Haravan,Product Manager,fintech,500,0934603605
Võ Hữu Linh,vo.huu.linh.17879@gmail.com,Tiki,CFO,software,50,0707497271
Phan Hồng Lan,phan.hong.lan.17880@momo.vn,MoMo,CEO,retail,50,0930246514
Nguyễn Quang Lan,nguyen.quang.lan.17881@shopeevietna.vn,Shopee Vietnam,Product Manager,ecommerce,500,0862790407
Ngô Xuân Châu,ngo.xuan.chau.17882@gmail.com,Haravan,Product Manager,ecommerce,25,0930588293
Lý Hữu Lan,ly.huu.lan.17883@viettiengarm.vn,Viet Tien Garment,Procurement Manager,fintech,120,0976702562
Võ Minh Tâm,vo.minh.tam.17884@basevn.vn,Base.vn,Head of Finance,software,10,0917348044
Đỗ Ngọc Tâm,do.ngoc.tam.17885@pnj.vn,PNJ,CTO,education,10,0966067305
Phan Minh Linh,phan.minh.linh.17886@haravan.vn,Haravan,Kế toán trưởng,retail,120,0861082384
Hồ Hồng Trang,ho.hong.trang.17887@gmail.com,The Coffee House,Marketing Manager,retail,250,0868652990
Nguyễn Đức Quân,nguyen.duc.quan.17888@vinmec.vn,Vinmec,Sales Director,healthcare,25,0901357152
Đỗ Văn Tuấn,do.van.tuan.17889@fptsoftware.vn,FPT Software,CFO,ecommerce,1500,0323431271
Võ Quang Sơn,vo.quang.son.17890@thacoindustr.vn,Thaco Industries,Procurement Manager,retail,10,0916375652
Ngô Hữu Nam,ngo.huu.nam.17891@gmail.com,TopCV,CTO,retail,250,0962895250
Ngô Hữu Hùng,ngo.huu.hung.17892@gmail.com,Duy Tan Plastics,Marketing Manager,retail,250,0900659058
Dương Minh Hà,duong.minh.ha.17893@thecoffeehou.vn,The Coffee House,Head of Finance,retail,120,0325369480
Ngô Hồng Khánh,ngo.hong.khanh.17894@hoaphat.vn,Hoà Phát,CFO,software,10,0973928777
Võ Minh Tuấn,vo.minh.tuan.17895@thacoindustr.vn,Thaco Industries,Head of Finance,logistics,1500,0913442675
Phạm Quang Bình,pham.quang.binh.17896@gmail.com,Vinmec,CTO,software,50,0865707807
Dương Ngọc Oanh,duong.ngoc.oanh.17897@thacoindustr.vn,Thaco Industries,Head of Finance,software,50,0901340359
Phạm Xuân Sơn,pham.xuan.son.17898@gmail.com,Vinmec,Head of Finance,manufacturing,50,0969043935
Ngô Minh Bình,ngo.minh.binh.17899@pnj.vn,PNJ,Kế toán trưởng,ecommerce,250,0329968803
Vũ Thanh Tuấn,vu.thanh.tuan.17900@topcv.vn,TopCV,Kế toán trưởng,healthcare,1500,0321449030
Võ Quang Hùng,vo.quang.hung.17901@vinmec.vn,Vinmec,CTO,healthcare,250,0919262481
Hoàng Minh Hà,hoang.minh.ha.17902@fptsoftware.vn,FPT Software,Operations Manager,ecommerce,10,0869530649
Nguyễn Quang Lan,nguyen.quang.lan.17903@vinamilk.vn,Vinamilk,Sales Director,fintech,120,0700279028
Lê Thị Oanh,le.thi.oanh.17904@haravan.vn,Haravan,Sales Director,education,50,0865388270
Ngô Thanh Quân,ngo.thanh.quan.17905@thacoindustr.vn,Thaco Industries,Marketing Manager,ecommerce,1500,0939856222
Vũ Ngọc Hà,vu.ngoc.ha.17906@vinamilk.vn,Vinamilk,Kế toán trưởng,logistics,120,0320463611
Phạm Ngọc Việt,pham.ngoc.viet.17907@fptsoftware.vn,FPT Software,CEO,retail,10,0918548781
Vũ Xuân Hà,vu.xuan.ha.17908@vngcorporati.vn,VNG Corporation,Sales Director,ecommerce,250,0910259143
Ngô Đức Lan,ngo.duc.lan.17909@tiki.vn,Tiki,CTO,manufacturing,25,0918533534
Phan Ngọc Mai,phan.ngoc.mai.17910@vinmec.vn,Vinmec,Head of Finance,manufacturing,50,0867947160
Trần Hồng Sơn,tran.hong.son.17911@vinmec.vn,Vinmec,CFO,healthcare,250,0329245676
Nguyễn Đức Châu,nguyen.duc.chau.17912@gmail.com,Pharmacity,CFO,manufacturing,250,0937323295
Đặng Thị Việt,dang.thi.viet.17913@topcv.vn,TopCV,Sales Director,healthcare,50,0860124290
Lý Đức Việt,ly.duc.viet.17914@shopeevietna.vn,Shopee Vietnam,Operations Manager,manufacturing,25,0918765015
Hoàng Xuân Bình,hoang.xuan.binh.17915@kiotviet.vn,KiotViet,Operations Manager,manufacturing,50,0968591505
Lý Thị An,ly.thi.an.17916@vinamilk.vn,Vinamilk,CTO,manufacturing,120,0700902495
Hoàng Minh Tuấn,hoang.minh.tuan.17917@duytanplasti.vn,Duy Tan Plastics,Product Manager,retail,25,0329969585
Bùi Thanh Quân,bui.thanh.quan.17918@viettiengarm.vn,Viet Tien Garment,Marketing Manager,logistics,1500,0917215153
Hoàng Văn Mai,hoang.van.mai.17919@topcv.vn,TopCV,Marketing Manager,software,250,0702610220
Ngô Minh Giang,ngo.minh.giang.17920@pnj.vn,PNJ,CFO,software,250,0359299433
Bùi Minh Khánh,bui.minh.khanh.17921@vngcorporati.vn,VNG Corporation,CFO,education,25,0960831895
Hoàng Ngọc Oanh,hoang.ngoc.oanh.17922@pharmacity.vn,Pharmacity,Marketing Manager,ecommerce,250,0933748235
Võ Quang Tuấn,vo.quang.tuan.17923@vinmec.vn,Vinmec,CFO,ecommerce,120,0707401286
Lý Thanh Tuấn,ly.thanh.tuan.17924@gmail.com,Gemadept Logistics,Kế toán trưởng,software,120,0913651825
Lý Thị Trang,ly.thi.trang.17925@gmail.com,The Coffee House,Kế toán trưởng,manufacturing,1500,0351091989
Nguyễn Minh Sơn,nguyen.minh.son.17926@kiotviet.vn,KiotViet,Kế toán trưởng,education,120,0354632138
Võ Quang Tuấn,vo.quang.tuan.17927@vinamilk.vn,Vinamilk,Procurement Manager,logistics,1500,0866083981
Đỗ Đức Châu,do.duc.chau.17928@haravan.vn,Haravan,CTO,fintech,25,0867554915
Lê Quang Lan,le.quang.lan.17929@gmail.com,Vinmec,Kế toán trưởng,ecommerce,50,0971122228
Đỗ Ngọc Phúc,do.ngoc.phuc.17930@gmail.com,Vinamilk,CFO,software,1500,0701265106
Phan Minh Mai,phan.minh.mai.17931@gemadeptlogi.vn,Gemadept Logistics,CTO,education,1500,0960494201
Phan Hữu Tuấn,phan.huu.tuan.17932@gmail.com,KiotViet,Product Manager,logistics,250,0706697336
Lý Xuân Oanh,ly.xuan.oanh.17933@gmail.com,The Coffee House,Procurement Manager,software,10,0972383699
Trần Ngọc Hùng,tran.ngoc.hung.17934@tiki.vn,Tiki,Procurement Manager,software,10,0977114619
Ngô Ngọc Hùng,ngo.ngoc.hung.17935@kiotviet.vn,KiotViet,Marketing Manager,manufacturing,25,0916148924
Dương Quang Dũng,duong.quang.dung.17936@kiotviet.vn,KiotViet,CEO,logistics,120,0358832500
Phạm Minh Phúc,pham.minh.phuc.17937@gmail.com,PNJ,Marketing Manager,retail,50,0869006297
Trần Hồng Lan,tran.hong.lan.17938@vinmec.vn,Vinmec,CTO,fintech,50,0357019822
Nguyễn Thanh Quân,nguyen.thanh.quan.17939@thacoindustr.vn,Thaco Industries,Sales Director,education,500,0916175486
Hoàng Đức Nam,hoang.duc.nam.17940@gmail.com,Vinamilk,Marketing Manager,fintech,25,0323734417
Bùi Hữu Phúc,bui.huu.phuc.17941@gemadeptlogi.vn,Gemadept Logistics,Marketing Manager,retail,10,0320038746
Lê Thanh Hùng,le.thanh.hung.17942@pnj.vn,PNJ,Operations Manager,retail,1500,0322585921
Võ Thanh An,vo.thanh.an.17943@gmail.com,VNG Corporation,Procurement Manager,ecommerce,250,0709478077
Trần Quang Khánh,tran.quang.khanh.17944@shopeevietna.vn,Shopee Vietnam,CEO,education,1500,0933671080
Lê Thanh Phúc,le.thanh.phuc.17945@duytanplasti.vn,Duy Tan Plastics,Product Manager,fintech,50,0978988631
Lê Văn Mai,le.van.mai.17946@vngcorporati.vn,VNG Corporation,Procurement Manager,software,1500,0964794249
Lê Thanh Trang,le.thanh.trang.17947@gmail.com,Thaco Industries,Head of Finance,fintech,25,0902241143
Đỗ Đức Sơn,do.duc.son.17948@viettiengarm.vn,Viet Tien Garment,CEO,healthcare,120,0971356183
Đặng Đức Phúc,dang.duc.phuc.17949@basevn.vn,Base.vn,CTO,logistics,250,0353302317
Trần Hữu An,tran.huu.an.17950@shopeevietna.vn,Shopee Vietnam,Operations Manager,retail,10,0327157737
Trần Ngọc Việt,tran.ngoc.viet.17951@pharmacity.vn,Pharmacity,Marketing Manager,manufacturing,10,0350629459
Nguyễn Xuân Việt,nguyen.xuan.viet.17952@gmail.com,Vinmec,CTO,logistics,1500,0329116582
Võ Hữu Tuấn,vo.huu.tuan.17953@vinmec.vn,Vinmec,Operations Manager,retail,250,0979178191
Hồ Đức Linh,ho.duc.linh.17954@shopeevietna.vn,Shopee Vietnam,Kế toán trưởng,logistics,1500,0934926015
Ngô Xuân Khánh,ngo.xuan.khanh.17955@thacoindustr.vn,Thaco Industries,Head of Finance,healthcare,120,0936792560
Phạm Văn Tuấn,pham.van.tuan.17956@gmail.com,Vinamilk,CEO,manufacturing,120,0868509836
Hồ Ngọc Mai,ho.ngoc.mai.17957@thecoffeehou.vn,The Coffee House,CEO,education,250,0960207576
Bùi Xuân Châu,bui.xuan.chau.17958@momo.vn,MoMo,Marketing Manager,healthcare,10,0935977532
Nguyễn Thị Oanh,nguyen.thi.oanh.17959@duytanplasti.vn,Duy Tan Plastics,CTO,fintech,10,0700539336
Trần Ngọc Linh,tran.ngoc.linh.17960@gemadeptlogi.vn,Gemadept Logistics,Product Manager,ecommerce,50,0934391419
Đỗ Ngọc An,do.ngoc.an.17961@kiotviet.vn,KiotViet,Marketing Manager,retail,250,0703983963
Dương Minh Việt,duong.minh.viet.17962@viettiengarm.vn,Viet Tien Garment,Sales Director,manufacturing,25,0700527687
Trần Quang Bình,tran.quang.binh.17963@pharmacity.vn,Pharmacity,Marketing Manager,education,25,0930872661
Hoàng Đức Quân,hoang.duc.quan.17964@vngcorporati.vn,VNG Corporation,CFO,fintech,120,0910896242
Vũ Hồng Châu,vu.hong.chau.17965@gemadeptlogi.vn,Gemadept Logistics,CTO,ecommerce,250,0864750061
Lê Hữu Nam,le.huu.nam.17966@hoaphat.vn,Hoà Phát,CFO,logistics,25,0704527635
Lê Thanh Sơn,le.thanh.son.17967@vngcorporati.vn,VNG Corporation,CTO,manufacturing,120,0967396722
Trần Hồng Oanh,tran.hong.oanh.17968@tiki.vn,Tiki,Product Manager,healthcare,500,0915608601
Đặng Thanh Nam,dang.thanh.nam.17969@momo.vn,MoMo,Product Manager,fintech,10,0353503559
Bùi Hữu Mai,bui.huu.mai.17970@vinmec.vn,Vinmec,Procurement Manager,education,50,0868927978
Lê Minh Linh,le.minh.linh.17971@gmail.com,TopCV,Sales Director,fintech,25,0328823404
Đỗ Minh Lan,do.minh.lan.17972@topcv.vn,TopCV,CEO,fintech,120,0917649429
Trần Minh Tuấn,tran.minh.tuan.17973@gmail.com,Thaco Industries,CTO,fintech,50,0930706257
Trần Hữu Phúc,tran.huu.phuc.17974@cenland.vn,CenLand,Head of Finance,software,25,0358073602
Võ Hồng Quân,vo.hong.quan.17975@viettiengarm.vn,Viet Tien Garment,Head of Finance,education,25,0354744651
Ngô Xuân Nam,ngo.xuan.nam.17976@gmail.com,Hoà Phát,Head of Finance,retail,50,0939148457
Đặng Văn Hà,dang.van.ha.17977@gmail.com,Thaco Industries,Sales Director,fintech,120,0930908427
Đỗ Thanh Linh,do.thanh.linh.17978@shopeevietna.vn,Shopee Vietnam,Kế toán trưởng,education,10,0976867513
Lê Xuân Linh,le.xuan.linh.17979@thacoindustr.vn,Thaco Industries,Procurement Manager,software,25,0974030891
Hoàng Xuân Dũng,hoang.xuan.dung.17980@gmail.com,PNJ,CEO,healthcare,1500,0978086656
Ngô Ngọc Tâm,ngo.ngoc.tam.17981@momo.vn,MoMo,CTO,retail,25,0960628088
Phan Quang Việt,phan.quang.viet.17982@gmail.com,Gemadept Logistics,Product Manager,logistics,120,0353316750
Hoàng Ngọc Sơn,hoang.ngoc.son.17983@tiki.vn,Tiki,Product Manager,retail,10,0918463321
Lê Minh Sơn,le.minh.son.17984@basevn.vn,Base.vn,CEO,education,50,0354347933
Ngô Hồng Châu,ngo.hong.chau.17985@vinamilk.vn,Vinamilk,CTO,retail,25,0914737677
Lê Xuân Lan,le.xuan.lan.17986@gmail.com,CenLand,Operations Manager,retail,1500,0939396245
Bùi Thị Quân,bui.thi.quan.17987@pnj.vn,PNJ,Kế toán trưởng,retail,250,0913180845
Ngô Minh Dũng,ngo.minh.dung.17988@viettiengarm.vn,Viet Tien Garment,Sales Director,manufacturing,500,0916110243
Đặng Văn Trang,dang.van.trang.17989@viettiengarm.vn,Viet Tien Garment,CFO,logistics,500,0907557279
Vũ Minh An,vu.minh.an.17990@tiki.vn,Tiki,CEO,ecommerce,25,0937314438
Trần Hồng Oanh,tran.hong.oanh.17991@thecoffeehou.vn,The Coffee House,Kế toán trưởng,fintech,500,0328311710
Đặng Quang Dũng,dang.quang.dung.17992@haravan.vn,Haravan,Marketing Manager,logistics,25,0932753529
Trần Thanh Sơn,tran.thanh.son.17993@hoaphat.vn,Hoà Phát,Operations Manager,healthcare,1500,0706630230
Hồ Hữu Châu,ho.huu.chau.17994@hoaphat.vn,Hoà Phát,Marketing Manager,retail,120,0708663120
Phan Xuân Linh,phan.xuan.linh.17995@haravan.vn,Haravan,Procurement Manager,fintech,500,0967163446
Vũ Hữu Hùng,vu.huu.hung.17996@gmail.com,Haravan,Operations Manager,software,120,0977582938
Hoàng Minh Trang,hoang.minh.trang.17997@duytanplasti.vn,Duy Tan Plastics,Product Manager,software,1500,0961596941
Lê Hồng Trang,le.hong.trang.17998@tiki.vn,Tiki,Procurement Manager,retail,50,0971724853
Lý Xuân Trang,ly.xuan.trang.17999@gmail.com,PNJ,Operations Manager,manufacturing,25,0328551136
Võ Ngọc Sơn,vo.ngoc.son.18000@hoaphat.vn,Hoà Phát,Kế toán trưởng,manufacturing,250,0917278953
Lý Đức Phúc,ly.duc.phuc.18001@gmail.com,Viet Tien Garment,Operations Manager,manufacturing,25,0976690311
Hoàng Quang Oanh,hoang.quang.oanh.18002@shopeevietna.vn,Shopee Vietnam,Product Manager,retail,10,0919509834
Ngô Ngọc Tâm,ngo.ngoc.tam.18003@gmail.com,TopCV,Marketing Manager,software,500,0700028987
Hồ Xuân Việt,ho.xuan.viet.18004@gmail.com,KiotViet,Procurement Manager,fintech,120,0357578680
Lý Minh Dũng,ly.minh.dung.18005@cenland.vn,CenLand,Head of Finance,fintech,250,0358429498
Lý Xuân Châu,ly.xuan.chau.18006@gmail.com,Pharmacity,Kế toán trưởng,ecommerce,10,0912392488
Vũ Ngọc Dũng,vu.ngoc.dung.18007@pnj.vn,PNJ,Marketing Manager,logistics,1500,0900548066
Lý Đức Nam,ly.duc.nam.18008@gmail.com,MoMo,CTO,software,1500,0918544494
Bùi Quang Sơn,bui.quang.son.18009@gmail.com,Thaco Industries,CEO,software,25,0708478687
Ngô Thanh Oanh,ngo.thanh.oanh.18010@gmail.com,PNJ,Product Manager,education,250,0969465090
Trần Hữu Lan,tran.huu.lan.18011@basevn.vn,Base.vn,Operations Manager,healthcare,25,0916844326
Hoàng Văn Bình,hoang.van.binh.18012@vinamilk.vn,Vinamilk,Operations Manager,ecommerce,250,0861682770
Hồ Xuân Khánh,ho.xuan.khanh.18013@shopeevietna.vn,Shopee Vietnam,CFO,ecommerce,120,0320510902
Dương Minh Châu,duong.minh.chau.18014@gmail.com,MoMo,Operations Manager,fintech,500,0323186723
Vũ Quang Châu,vu.quang.chau.18015@vngcorporati.vn,VNG Corporation,Operations Manager,manufacturing,25,0908057135
Phan Quang Khánh,phan.quang.khanh.18016@gmail.com,Duy Tan Plastics,Sales Director,retail,25,0962707300
Dương Ngọc Tâm,duong.ngoc.tam.18017@topcv.vn,TopCV,Sales Director,fintech,500,0864483213
Đặng Đức Khánh,dang.duc.khanh.18018@vinamilk.vn,Vinamilk,Kế toán trưởng,healthcare,25,0968005842
Lê Đức Sơn,le.duc.son.18019@duytanplasti.vn,Duy Tan Plastics,Product Manager,fintech,50,0355796991
Dương Quang An,duong.quang.an.18020@gmail.com,Tiki,Kế toán trưởng,education,25,0917719357
Bùi Quang Việt,bui.quang.viet.18021@fptsoftware.vn,FPT Software,Sales Director,logistics,25,0326161134
Đặng Xuân Nam,dang.xuan.nam.18022@thecoffeehou.vn,The Coffee House,CTO,fintech,250,0353458497
Vũ Thị Mai,vu.thi.mai.18023@duytanplasti.vn,Duy Tan Plastics,Kế toán trưởng,education,50,0902204484
Lê Quang Linh,le.quang.linh.18024@gemadeptlogi.vn,Gemadept Logistics,CTO,fintech,1500,0938178288
Vũ Minh Việt,vu.minh.viet.18025@gmail.com,Thaco Industries,CEO,healthcare,500,0328858945
Phạm Hữu Lan,pham.huu.lan.18026@gmail.com,Gemadept Logistics,CFO,healthcare,10,0962252634
Vũ Văn Lan,vu.van.lan.18027@thacoindustr.vn,Thaco Industries,Sales Director,logistics,10,0351998372
Nguyễn Xuân Hà,nguyen.xuan.ha.18028@gmail.com,The Coffee House,Kế toán trưởng,healthcare,50,0974509085
Hồ Minh Hà,ho.minh.ha.18029@viettiengarm.vn,Viet Tien Garment,CFO,ecommerce,500,0868888090
Lê Thị Giang,le.thi.giang.18030@gmail.com,Vinmec,CFO,logistics,250,0918903146
Lê Đức Bình,le.duc.binh.18031@thecoffeehou.vn,The Coffee House,CEO,retail,500,0866974592
Phan Xuân Phúc,phan.xuan.phuc.18032@viettiengarm.vn,Viet Tien Garment,CEO,retail,120,0970258087
Ngô Hữu Sơn,ngo.huu.son.18033@gmail.com,Base.vn,Operations Manager,fintech,1500,0973161834
Đỗ Xuân Linh,do.xuan.linh.18034@vinamilk.vn,Vinamilk,CFO,software,25,0704464196
Hoàng Quang Dũng,hoang.quang.dung.18035@gmail.com,The Coffee House,Procurement Manager,healthcare,25,0937830221
Lê Thị Bình,le.thi.binh.18036@pharmacity.vn,Pharmacity,Sales Director,healthcare,50,0867621532
Lý Minh Tâm,ly.minh.tam.18037@tiki.vn,Tiki,Head of Finance,retail,250,0914259018
Võ Hữu Tâm,vo.huu.tam.18038@hoaphat.vn,Hoà Phát,Product Manager,retail,250,0906281388
Võ Văn Lan,vo.van.lan.18039@gmail.com,Thaco Industries,CTO,education,250,0867783824
Lý Đức Bình,ly.duc.binh.18040@gmail.com,Tiki,CEO,education,500,0867999901
Vũ Thanh Quân,vu.thanh.quan.18041@vinamilk.vn,Vinamilk,Operations Manager,healthcare,25,0939942515
Dương Hồng An,duong.hong.an.18042@momo.vn,MoMo,Head of Finance,healthcare,50,0323073654
Nguyễn Hồng Linh,nguyen.hong.linh.18043@hoaphat.vn,Hoà Phát,Sales Director,software,25,0932131845
Hồ Xuân Bình,ho.xuan.binh.18044@momo.vn,MoMo,Kế toán trưởng,logistics,250,0908034206
Võ Đức Trang,vo.duc.trang.18045@gmail.com,The Coffee House,Procurement Manager,manufacturing,1500,0902594922
Phạm Minh Quân,pham.minh.quan.18046@pharmacity.vn,Pharmacity,CEO,education,120,0328124706
Ngô Đức Tuấn,ngo.duc.tuan.18047@cenland.vn,CenLand,Product Manager,healthcare,1500,0707455403
Bùi Xuân Châu,bui.xuan.chau.18048@hoaphat.vn,Hoà Phát,Kế toán trưởng,manufacturing,1500,0705177734
Trần Văn Linh,tran.van.linh.18049@tiki.vn,Tiki,Product Manager,ecommerce,120,0964965655
Ngô Thị Dũng,ngo.thi.dung.18050@pharmacity.vn,Pharmacity,Operations Manager,retail,500,0966701895
Phạm Hữu Quân,pham.huu.quan.18051@thecoffeehou.vn,The Coffee House,Sales Director,logistics,10,0901954392
Lê Xuân Tâm,le.xuan.tam.18052@gmail.com,PNJ,CTO,logistics,500,0351081996
Võ Đức Việt,vo.duc.viet.18053@pnj.vn,PNJ,Kế toán trưởng,manufacturing,120,0969049299
Bùi Thị Hùng,bui.thi.hung.18054@kiotviet.vn,KiotViet,CFO,fintech,120,0908333582
Đặng Ngọc Nam,dang.ngoc.nam.18055@viettiengarm.vn,Viet Tien Garment,Product Manager,retail,500,0355233995
Lê Văn Phúc,le.van.phuc.18056@basevn.vn,Base.vn,Head of Finance,fintech,25,0906696720
Nguyễn Thanh Châu,nguyen.thanh.chau.18057@haravan.vn,Haravan,Kế toán trưởng,manufacturing,120,0321803643
Phạm Hồng Trang,pham.hong.trang.18058@fptsoftware.vn,FPT Software,Product Manager,logistics,50,0359101452
Đỗ Văn Khánh,do.van.khanh.18059@vinmec.vn,Vinmec,Head of Finance,retail,25,0968976686
Ngô Ngọc Lan,ngo.ngoc.lan.18060@gmail.com,CenLand,Sales Director,fintech,1500,0930605885
Đỗ Quang Tuấn,do.quang.tuan.18061@gmail.com,KiotViet,CEO,ecommerce,500,0324606799
Hoàng Xuân Nam,hoang.xuan.nam.18062@gmail.com,CenLand,CEO,retail,250,0863897434
Vũ Hồng Giang,vu.hong.giang.18063@kiotviet.vn,KiotViet,CTO,education,120,0900050983
Phạm Quang Trang,pham.quang.trang.18064@pnj.vn,PNJ,Product Manager,software,25,0963756717
Võ Thị Oanh,vo.thi.oanh.18065@shopeevietna.vn,Shopee Vietnam,Head of Finance,software,10,0973864242
Hồ Đức Việt,ho.duc.viet.18066@viettiengarm.vn,Viet Tien Garment,Marketing Manager,ecommerce,25,0867492853
Đặng Thanh Hà,dang.thanh.ha.18067@topcv.vn,TopCV,Kế toán trưởng,education,250,0931162080
Hoàng Hồng Khánh,hoang.hong.khanh.18068@momo.vn,MoMo,Head of Finance,fintech,1500,0865306708
Võ Đức Linh,vo.duc.linh.18069@duytanplasti.vn,Duy Tan Plastics,Product Manager,manufacturing,120,0708402011
Nguyễn Ngọc Phúc,nguyen.ngoc.phuc.18070@vinamilk.vn,Vinamilk,CEO,logistics,25,0867706830
Ngô Văn Hà,ngo.van.ha.18071@gmail.com,Gemadept Logistics,CFO,ecommerce,120,0357499214
Phan Thị Hà,phan.thi.ha.18072@gmail.com,PNJ,CFO,retail,120,0354938378
Lý Quang Dũng,ly.quang.dung.18073@gmail.com,VNG Corporation,Product Manager,retail,500,0353449317
Đỗ Văn Châu,do.van.chau.18074@momo.vn,MoMo,Kế toán trưởng,ecommerce,10,0323846334
Vũ Quang Tâm,vu.quang.tam.18075@gmail.com,The Coffee House,CTO,education,1500,0707238898
Phan Thị An,phan.thi.an.18076@gmail.com,Pharmacity,Product Manager,retail,1500,0869982824
Đặng Thanh Lan,dang.thanh.lan.18077@pharmacity.vn,Pharmacity,CFO,fintech,50,0904044410
Bùi Hữu Nam,bui.huu.nam.18078@hoaphat.vn,Hoà Phát,Kế toán trưởng,logistics,500,0704489888
Hoàng Ngọc Linh,hoang.ngoc.linh.18079@gmail.com,Pharmacity,Sales Director,software,500,0902246595
Phan Hồng Hùng,phan.hong.hung.18080@thacoindustr.vn,Thaco Industries,Product Manager,education,50,0905179717
Nguyễn Thanh Tâm,nguyen.thanh.tam.18081@hoaphat.vn,Hoà Phát,CFO,education,250,0322108156
Phạm Quang Quân,pham.quang.quan.18082@topcv.vn,TopCV,CTO,retail,25,0706550041
Lý Đức Sơn,ly.duc.son.18083@gmail.com,TopCV,Sales Director,ecommerce,500,0966534223
Trần Hồng Việt,tran.hong.viet.18084@gmail.com,Base.vn,Head of Finance,fintech,10,0866420746
Phan Hữu Mai,phan.huu.mai.18085@tiki.vn,Tiki,Product Manager,fintech,250,0329806920
Phan Hồng Nam,phan.hong.nam.18086@gmail.com,Gemadept Logistics,Kế toán trưởng,ecommerce,10,0866038417
Đỗ Thị Nam,do.thi.nam.18087@gemadeptlogi.vn,Gemadept Logistics,CTO,ecommerce,25,0350073680
Hoàng Xuân Giang,hoang.xuan.giang.18088@shopeevietna.vn,Shopee Vietnam,Sales Director,manufacturing,50,0972170873
Phan Ngọc Nam,phan.ngoc.nam.18089@gmail.com,Vinmec,Operations Manager,ecommerce,25,0939911104
Nguyễn Xuân Hà,nguyen.xuan.ha.18090@thacoindustr.vn,Thaco Industries,CEO,manufacturing,25,0866236982
Hoàng Văn Khánh,hoang.van.khanh.18091@tiki.vn,Tiki,Operations Manager,fintech,25,0934475060
Đỗ Quang Linh,do.quang.linh.18092@gmail.com,VNG Corporation,Marketing Manager,fintech,10,0930877854
Võ Xuân Linh,vo.xuan.linh.18093@gmail.com,MoMo,Kế toán trưởng,manufacturing,10,0975574270
Hồ Văn Dũng,ho.van.dung.18094@gmail.com,Pharmacity,Sales Director,retail,120,0932552692
Đỗ Đức Sơn,do.duc.son.18095@hoaphat.vn,Hoà Phát,Kế toán trưởng,ecommerce,10,0969539137
Hoàng Hữu Châu,hoang.huu.chau.18096@gmail.com,Haravan,Procurement Manager,education,250,0977986108
Lê Quang Lan,le.quang.lan.18097@gmail.com,Hoà Phát,CFO,logistics,25,0864366283
Nguyễn Đức Oanh,nguyen.duc.oanh.18098@hoaphat.vn,Hoà Phát,CFO,software,120,0914943316
Nguyễn Thanh Lan,nguyen.thanh.lan.18099@hoaphat.vn,Hoà Phát,Head of Finance,education,120,0328473913
Đỗ Hữu Quân,do.huu.quan.18100@hoaphat.vn,Hoà Phát,Operations Manager,education,25,0974364249
Đỗ Đức Hà,do.duc.ha.18101@vinmec.vn,Vinmec,CEO,education,50,0902058864
Đặng Xuân Việt,dang.xuan.viet.18102@gmail.com,Haravan,Sales Director,education,250,0970184069
Ngô Đức Giang,ngo.duc.giang.18103@shopeevietna.vn,Shopee Vietnam,CEO,fintech,120,0350074250
Hoàng Quang Hà,hoang.quang.ha.18104@gmail.com,Shopee Vietnam,Procurement Manager,healthcare,500,0901154366
Dương Đức Tâm,duong.duc.tam.18105@shopeevietna.vn,Shopee Vietnam,Head of Finance,logistics,50,0974140698
Lê Minh Lan,le.minh.lan.18106@fptsoftware.vn,FPT Software,Product Manager,education,25,0352334081
Phan Thanh Châu,phan.thanh.chau.18107@vinmec.vn,Vinmec,Operations Manager,education,120,0323729111
Hoàng Quang Sơn,hoang.quang.son.18108@shopeevietna.vn,Shopee Vietnam,Kế toán trưởng,ecommerce,50,0976490460
Dương Thanh Sơn,duong.thanh.son.18109@viettiengarm.vn,Viet Tien Garment,CEO,retail,120,0322806451
Lê Minh Việt,le.minh.viet.18110@vinmec.vn,Vinmec,Procurement Manager,healthcare,25,0708556304
Vũ Quang Dũng,vu.quang.dung.18111@thecoffeehou.vn,The Coffee House,Operations Manager,education,500,0900433105
Bùi Xuân Dũng,bui.xuan.dung.18112@thecoffeehou.vn,The Coffee House,CEO,retail,120,0327280452
Phan Đức Khánh,phan.duc.khanh.18113@cenland.vn,CenLand,Procurement Manager,retail,25,0705547492
Phạm Đức An,pham.duc.an.18114@gmail.com,Pharmacity,Sales Director,software,50,0910369473
Đặng Ngọc Phúc,dang.ngoc.phuc.18115@thacoindustr.vn,Thaco Industries,Head of Finance,software,1500,0709467862
Vũ Hồng Dũng,vu.hong.dung.18116@gmail.com,Duy Tan Plastics,CFO,fintech,250,0326930974
Lý Thanh Phúc,ly.thanh.phuc.18117@pharmacity.vn,Pharmacity,CEO,fintech,120,0354813941
Ngô Hữu Nam,ngo.huu.nam.18118@momo.vn,MoMo,Operations Manager,retail,120,0904924422
Dương Minh Quân,duong.minh.quan.18119@gemadeptlogi.vn,Gemadept Logistics,Procurement Manager,software,120,0915205208
Đỗ Minh Lan,do.minh.lan.18120@gmail.com,FPT Software,CFO,healthcare,50,0326000534
Phan Hồng Sơn,phan.hong.son.18121@gmail.com,MoMo,Head of Finance,logistics,10,0354358821
Võ Hồng Nam,vo.hong.nam.18122@cenland.vn,CenLand,CFO,manufacturing,500,0972066757
Đỗ Ngọc Việt,do.ngoc.viet.18123@topcv.vn,TopCV,Product Manager,healthcare,50,0707758850
Ngô Văn Oanh,ngo.van.oanh.18124@kiotviet.vn,KiotViet,CEO,logistics,250,0707428611
Lý Minh Tâm,ly.minh.tam.18125@vinmec.vn,Vinmec,CFO,fintech,120,0867715294
Dương Hồng Quân,duong.hong.quan.18126@gmail.com,Vinamilk,Product Manager,ecommerce,50,0939293301
Phạm Quang Dũng,pham.quang.dung.18127@gmail.com,Duy Tan Plastics,Sales Director,software,1500,0917837856
Nguyễn Ngọc Tuấn,nguyen.ngoc.tuan.18128@fptsoftware.vn,FPT Software,Marketing Manager,manufacturing,250,0703380854
Đặng Hồng Quân,dang.hong.quan.18129@momo.vn,MoMo,Procurement Manager,education,50,0865417633
Trần Hồng Trang,tran.hong.trang.18130@pharmacity.vn,Pharmacity,Sales Director,ecommerce,25,0975428561
Võ Thị Tuấn,vo.thi.tuan.18131@shopeevietna.vn,Shopee Vietnam,Kế toán trưởng,software,250,0863350237
Lý Văn Tâm,ly.van.tam.18132@momo.vn,MoMo,CEO,fintech,50,0357402324
Ngô Minh Bình,ngo.minh.binh.18133@thecoffeehou.vn,The Coffee House,Head of Finance,ecommerce,500,0702636365
Hoàng Hồng Khánh,hoang.hong.khanh.18134@thecoffeehou.vn,The Coffee House,Procurement Manager,retail,120,0905296896
Nguyễn Hồng Tâm,nguyen.hong.tam.18135@gmail.com,FPT Software,Product Manager,logistics,10,0916702087
Bùi Thị Tâm,bui.thi.tam.18136@gmail.com,Vinmec,CFO,manufacturing,10,0913277577
Lê Hồng Châu,le.hong.chau.18137@gmail.com,Vinmec,CTO,fintech,50,0918055202
Vũ Quang Tâm,vu.quang.tam.18138@thacoindustr.vn,Thaco Industries,Sales Director,education,500,0869037445
Phan Ngọc Hùng,phan.ngoc.hung.18139@viettiengarm.vn,Viet Tien Garment,CFO,software,500,0708738558
Dương Minh Hùng,duong.minh.hung.18140@cenland.vn,CenLand,Head of Finance,manufacturing,50,0961781162
Trần Thị Linh,tran.thi.linh.18141@momo.vn,MoMo,Product Manager,retail,10,0703541563
Võ Hồng Oanh,vo.hong.oanh.18142@gmail.com,Base.vn,Product Manager,healthcare,250,0979489100
Nguyễn Quang Mai,nguyen.quang.mai.18143@fptsoftware.vn,FPT Software,Procurement Manager,software,25,0326374217
Dương Thị Trang,duong.thi.trang.18144@gmail.com,FPT Software,Procurement Manager,education,500,0860616891
Ngô Hữu Tuấn,ngo.huu.tuan.18145@thacoindustr.vn,Thaco Industries,Head of Finance,manufacturing,50,0977109914
Trần Hồng Quân,tran.hong.quan.18146@gmail.com,Pharmacity,CTO,fintech,500,0937263889
Võ Đức Nam,vo.duc.nam.18147@duytanplasti.vn,Duy Tan Plastics,Procurement Manager,fintech,50,0324098810
Dương Ngọc Khánh,duong.ngoc.khanh.18148@gmail.com,Viet Tien Garment,Operations Manager,manufacturing,50,0918076381
Vũ Thanh Tuấn,vu.thanh.tuan.18149@gmail.com,Haravan,Marketing Manager,education,250,0915142332
Dương Xuân Nam,duong.xuan.nam.18150@haravan.vn,Haravan,Sales Director,education,10,0861862587
Võ Thị Giang,vo.thi.giang.18151@vngcorporati.vn,VNG Corporation,Marketing Manager,retail,50,0934313532
Phạm Thị Giang,pham.thi.giang.18152@gmail.com,Duy Tan Plastics,Procurement Manager,retail,10,0937580998
Bùi Minh Lan,bui.minh.lan.18153@gmail.com,CenLand,CTO,software,50,0356538919
Nguyễn Thị Phúc,nguyen.thi.phuc.18154@duytanplasti.vn,Duy Tan Plastics,Head of Finance,logistics,1500,0975637940
Đặng Hồng Việt,dang.hong.viet.18155@gmail.com,VNG Corporation,CTO,education,10,0866041917
Lê Đức Nam,le.duc.nam.18156@cenland.vn,CenLand,Operations Manager,logistics,50,0904506147
Lê Văn Tâm,le.van.tam.18157@vinamilk.vn,Vinamilk,CEO,logistics,10,0912221991
Võ Văn Giang,vo.van.giang.18158@basevn.vn,Base.vn,CFO,ecommerce,120,0323031953
Hồ Thanh Bình,ho.thanh.binh.18159@gmail.com,Base.vn,Sales Director,manufacturing,25,0863886158
Lý Minh Hà,ly.minh.ha.18160@momo.vn,MoMo,Kế toán trưởng,fintech,120,0864875179
Hoàng Quang Châu,hoang.quang.chau.18161@vinmec.vn,Vinmec,CEO,manufacturing,1500,0706339724
Lý Hữu Châu,ly.huu.chau.18162@viettiengarm.vn,Viet Tien Garment,Sales Director,software,250,0979683244
Bùi Hồng Bình,bui.hong.binh.18163@viettiengarm.vn,Viet Tien Garment,Procurement Manager,fintech,250,0916866378
Nguyễn Thị Phúc,nguyen.thi.phuc.18164@momo.vn,MoMo,Operations Manager,healthcare,25,0701359248
Nguyễn Hữu Phúc,nguyen.huu.phuc.18165@vinmec.vn,Vinmec,Procurement Manager,retail,250,0359810111
Ngô Thanh An,ngo.thanh.an.18166@vngcorporati.vn,VNG Corporation,CEO,fintech,10,0979900181
Nguyễn Hồng Linh,nguyen.hong.linh.18167@gmail.com,Base.vn,CFO,education,250,0350750222
Phạm Hữu Dũng,pham.huu.dung.18168@gmail.com,Viet Tien Garment,Operations Manager,logistics,25,0900573674
Võ Văn Oanh,vo.van.oanh.18169@gmail.com,PNJ,Marketing Manager,software,50,0907662405
Hồ Hồng Sơn,ho.hong.son.18170@gmail.com,Vinamilk,Marketing Manager,software,1500,0328239442
Phạm Hồng Phúc,pham.hong.phuc.18171@topcv.vn,TopCV,CTO,software,10,0702068869
Bùi Minh Hùng,bui.minh.hung.18172@pharmacity.vn,Pharmacity,CEO,manufacturing,250,0358453133
Vũ Văn Phúc,vu.van.phuc.18173@vinmec.vn,Vinmec,CEO,healthcare,1500,0963599528
Phạm Thanh Mai,pham.thanh.mai.18174@kiotviet.vn,KiotViet,Kế toán trưởng,logistics,25,0355154627
Lê Đức Sơn,le.duc.son.18175@gmail.com,Vinmec,Kế toán trưởng,software,250,0326006067
Nguyễn Đức Dũng,nguyen.duc.dung.18176@gmail.com,Duy Tan Plastics,Sales Director,manufacturing,50,0352426927
Ngô Hồng Lan,ngo.hong.lan.18177@gmail.com,Thaco Industries,CTO,retail,50,0968248982
Lê Hồng Châu,le.hong.chau.18178@basevn.vn,Base.vn,Marketing Manager,software,250,0709145689
Trần Hữu Quân,tran.huu.quan.18179@gmail.com,Vinmec,Kế toán trưởng,logistics,10,0919433681
Hoàng Minh Dũng,hoang.minh.dung.18180@topcv.vn,TopCV,Operations Manager,logistics,50,0938378218
Nguyễn Văn Lan,nguyen.van.lan.18181@basevn.vn,Base.vn,Product Manager,software,120,0979305522
Võ Thanh Mai,vo.thanh.mai.18182@gemadeptlogi.vn,Gemadept Logistics,Kế toán trưởng,software,50,0352415495
Hoàng Hữu Nam,hoang.huu.nam.18183@gmail.com,KiotViet,Head of Finance,ecommerce,10,0325925796
Ngô Thị Giang,ngo.thi.giang.18184@shopeevietna.vn,Shopee Vietnam,CFO,manufacturing,1500,0323359694
Võ Thị Lan,vo.thi.lan.18185@haravan.vn,Haravan,Sales Director,healthcare,50,0355560573
Lê Minh Hà,le.minh.ha.18186@kiotviet.vn,KiotViet,Sales Director,healthcare,50,0865385829
Nguyễn Quang Hùng,nguyen.quang.hung.18187@haravan.vn,Haravan,CTO,fintech,500,0963698854
Phan Đức Bình,phan.duc.binh.18188@tiki.vn,Tiki,Sales Director,healthcare,1500,0905931803
Võ Minh Quân,vo.minh.quan.18189@topcv.vn,TopCV,Kế toán trưởng,ecommerce,250,0705889224
Lý Thanh Dũng,ly.thanh.dung.18190@gmail.com,VNG Corporation,Operations Manager,software,120,0935253117
Trần Minh Dũng,tran.minh.dung.18191@duytanplasti.vn,Duy Tan Plastics,Product Manager,software,25,0906732385
Đỗ Thanh Tâm,do.thanh.tam.18192@duytanplasti.vn,Duy Tan Plastics,Marketing Manager,retail,10,0931961590
Hồ Thanh Giang,ho.thanh.giang.18193@gmail.com,Gemadept Logistics,Sales Director,education,50,0356903586
Hoàng Minh Hà,hoang.minh.ha.18194@viettiengarm.vn,Viet Tien Garment,Procurement Manager,healthcare,250,0323212536
Đỗ Thị Khánh,do.thi.khanh.18195@hoaphat.vn,Hoà Phát,CFO,software,25,0907630166
Hồ Văn Việt,ho.van.viet.18196@gemadeptlogi.vn,Gemadept Logistics,CFO,logistics,25,0864281546
Đỗ Hữu Châu,do.huu.chau.18197@vinmec.vn,Vinmec,CEO,logistics,120,0708455241
Đỗ Thị Hùng,do.thi.hung.18198@pnj.vn,PNJ,Product Manager,software,10,0708705391
Hồ Minh Linh,ho.minh.linh.18199@gmail.com,Duy Tan Plastics,Product Manager,software,50,0869371737
Dương Văn Hà,duong.van.ha.18200@gemadeptlogi.vn,Gemadept Logistics,CTO,logistics,250,0328168581
Phạm Hồng An,pham.hong.an.18201@pnj.vn,PNJ,Operations Manager,education,250,0974714432
Lý Hữu An,ly.huu.an.18202@haravan.vn,Haravan,Sales Director,retail,120,0906459644
Dương Xuân Dũng,duong.xuan.dung.18203@gmail.com,CenLand,Procurement Manager,logistics,50,0936928349
Lê Văn Tâm,le.van.tam.18204@vinmec.vn,Vinmec,Product Manager,retail,50,0918195464
Bùi Thị Dũng,bui.thi.dung.18205@gmail.com,Gemadept Logistics,Kế toán trưởng,software,50,0862523080
Phan Đức Nam,phan.duc.nam.18206@gmail.com,Haravan,Head of Finance,fintech,50,0860557309
Đặng Hồng Nam,dang.hong.nam.18207@gmail.com,Haravan,Head of Finance,education,10,0960414315
Phan Ngọc Phúc,phan.ngoc.phuc.18208@pnj.vn,PNJ,CEO,software,500,0936502018
Trần Ngọc Tâm,tran.ngoc.tam.18209@gmail.com,Gemadept Logistics,Operations Manager,fintech,500,0965550557
Vũ Hữu Khánh,vu.huu.khanh.18210@gmail.com,MoMo,Product Manager,education,250,0969197951
Hoàng Hồng Việt,hoang.hong.viet.18211@vinamilk.vn,Vinamilk,Head of Finance,manufacturing,500,0901128818
Vũ Thanh Sơn,vu.thanh.son.18212@gmail.com,Vinmec,Operations Manager,education,500,0905012994
Lý Quang Phúc,ly.quang.phuc.18213@vinmec.vn,Vinmec,Procurement Manager,manufacturing,25,0961035342
Hồ Hữu Trang,ho.huu.trang.18214@haravan.vn,Haravan,Marketing Manager,education,25,0930401245
Đỗ Quang Khánh,do.quang.khanh.18215@haravan.vn,Haravan,Product Manager,retail,120,0355617609
Lý Minh Nam,ly.minh.nam.18216@gmail.com,Vinamilk,CEO,ecommerce,50,0329442179
Nguyễn Hồng Lan,nguyen.hong.lan.18217@duytanplasti.vn,Duy Tan Plastics,Kế toán trưởng,healthcare,50,0939363499
Vũ Xuân An,vu.xuan.an.18218@thacoindustr.vn,Thaco Industries,Product Manager,retail,250,0708644868
Trần Ngọc Trang,tran.ngoc.trang.18219@topcv.vn,TopCV,CFO,education,50,0907320559
Nguyễn Minh Việt,nguyen.minh.viet.18220@shopeevietna.vn,Shopee Vietnam,Head of Finance,manufacturing,25,0701105732
Võ Minh Khánh,vo.minh.khanh.18221@gmail.com,KiotViet,Marketing Manager,manufacturing,25,0931081514
Hồ Đức Nam,ho.duc.nam.18222@fptsoftware.vn,FPT Software,Sales Director,education,50,0932037648
Hồ Xuân Giang,ho.xuan.giang.18223@gmail.com,TopCV,CTO,healthcare,1500,0860233302
Vũ Minh Linh,vu.minh.linh.18224@vngcorporati.vn,VNG Corporation,Head of Finance,healthcare,1500,0971192825
Phan Hồng Bình,phan.hong.binh.18225@tiki.vn,Tiki,Sales Director,education,500,0900281846
Phạm Đức Trang,pham.duc.trang.18226@vinmec.vn,Vinmec,Product Manager,fintech,25,0321013282
Lê Hữu Oanh,le.huu.oanh.18227@haravan.vn,Haravan,Sales Director,manufacturing,250,0700967917
Đặng Hữu Oanh,dang.huu.oanh.18228@cenland.vn,CenLand,Kế toán trưởng,healthcare,10,0904587359
Lê Đức Nam,le.duc.nam.18229@topcv.vn,TopCV,Sales Director,ecommerce,500,0323039181
Lý Văn Châu,ly.van.chau.18230@gmail.com,FPT Software,Sales Director,retail,25,0869207173
Ngô Thanh Hùng,ngo.thanh.hung.18231@gmail.com,FPT Software,Product Manager,retail,25,0913130352
Đặng Văn An,dang.van.an.18232@haravan.vn,Haravan,Head of Finance,retail,25,0861134068
Lý Đức Sơn,ly.duc.son.18233@cenland.vn,CenLand,CFO,software,25,0917492189
Đỗ Xuân Phúc,do.xuan.phuc.18234@haravan.vn,Haravan,CEO,healthcare,50,0320376515
Lê Xuân Oanh,le.xuan.oanh.18235@gmail.com,TopCV,Product Manager,software,500,0917113359
Dương Ngọc Dũng,duong.ngoc.dung.18236@gmail.com,KiotViet,Product Manager,manufacturing,50,0355209064
Dương Xuân Lan,duong.xuan.lan.18237@gmail.com,Base.vn,Product Manager,software,1500,0914077275
Vũ Hồng Sơn,vu.hong.son.18238@vngcorporati.vn,VNG Corporation,Procurement Manager,education,10,0965233427
Hoàng Ngọc Nam,hoang.ngoc.nam.18239@pnj.vn,PNJ,CEO,logistics,120,0930063385
Nguyễn Xuân Hà,nguyen.xuan.ha.18240@shopeevietna.vn,Shopee Vietnam,CEO,software,50,0918461954
Trần Ngọc Mai,tran.ngoc.mai.18241@momo.vn,MoMo,Product Manager,education,10,0968746268
Đỗ Hữu Tâm,do.huu.tam.18242@vinamilk.vn,Vinamilk,Procurement Manager,logistics,50,0912166678
Lê Ngọc Bình,le.ngoc.binh.18243@thecoffeehou.vn,The Coffee House,Head of Finance,healthcare,1500,0863842884
Hoàng Văn Dũng,hoang.van.dung.18244@gmail.com,Vinamilk,Operations Manager,fintech,50,0707838994
Dương Đức Nam,duong.duc.nam.18245@gemadeptlogi.vn,Gemadept Logistics,Product Manager,education,50,0918651726
Phan Văn Nam,phan.van.nam.18246@pharmacity.vn,Pharmacity,Operations Manager,fintech,50,0869224346
Vũ Văn Dũng,vu.van.dung.18247@pnj.vn,PNJ,Operations Manager,manufacturing,250,0700638650
Đỗ Thị Linh,do.thi.linh.18248@thecoffeehou.vn,The Coffee House,CEO,healthcare,500,0902381269
Hồ Minh Phúc,ho.minh.phuc.18249@gmail.com,Thaco Industries,Operations Manager,retail,250,0904398907
Hồ Quang Trang,ho.quang.trang.18250@momo.vn,MoMo,CEO,healthcare,25,0706943081
Đỗ Ngọc Lan,do.ngoc.lan.18251@fptsoftware.vn,FPT Software,Head of Finance,fintech,1500,0863906354
Dương Minh Việt,duong.minh.viet.18252@gmail.com,Viet Tien Garment,Product Manager,retail,10,0327568997
Lê Hữu Trang,le.huu.trang.18253@gmail.com,PNJ,Procurement Manager,manufacturing,250,0909589082
Võ Hữu Oanh,vo.huu.oanh.18254@cenland.vn,CenLand,Kế toán trưởng,ecommerce,25,0863638675
Ngô Đức Bình,ngo.duc.binh.18255@gmail.com,Hoà Phát,Product Manager,ecommerce,50,0915654047
Phạm Hữu Oanh,pham.huu.oanh.18256@fptsoftware.vn,FPT Software,Procurement Manager,ecommerce,500,0968601683
Hoàng Quang Lan,hoang.quang.lan.18257@haravan.vn,Haravan,Product Manager,fintech,25,0970510546
Nguyễn Thanh Quân,nguyen.thanh.quan.18258@fptsoftware.vn,FPT Software,CEO,fintech,120,0965126651
Trần Xuân Khánh,tran.xuan.khanh.18259@basevn.vn,Base.vn,Sales Director,fintech,25,0869792869
Võ Thanh Dũng,vo.thanh.dung.18260@gmail.com,Pharmacity,CTO,education,500,0905370574
Hồ Hồng Việt,ho.hong.viet.18261@topcv.vn,TopCV,CEO,retail,250,0704023353
Trần Thị Quân,tran.thi.quan.18262@duytanplasti.vn,Duy Tan Plastics,Marketing Manager,ecommerce,25,0935593489
Đặng Thị Tuấn,dang.thi.tuan.18263@thacoindustr.vn,Thaco Industries,Kế toán trưởng,manufacturing,250,0963767571
Trần Xuân Tuấn,tran.xuan.tuan.18264@kiotviet.vn,KiotViet,Kế toán trưởng,software,10,0964722406
Lê Hồng Trang,le.hong.trang.18265@cenland.vn,CenLand,Operations Manager,healthcare,50,0350550294
Nguyễn Minh Hà,nguyen.minh.ha.18266@gmail.com,TopCV,Procurement Manager,education,500,0906777784
Nguyễn Thanh Sơn,nguyen.thanh.son.18267@vngcorporati.vn,VNG Corporation,Sales Director,software,500,0704915032
Dương Quang Bình,duong.quang.binh.18268@momo.vn,MoMo,Kế toán trưởng,ecommerce,50,0351895545
Lê Hữu Nam,le.huu.nam.18269@gmail.com,CenLand,CTO,fintech,250,0978134695
Nguyễn Hữu Linh,nguyen.huu.linh.18270@haravan.vn,Haravan,Head of Finance,fintech,120,0907449420
Đặng Xuân Tâm,dang.xuan.tam.18271@kiotviet.vn,KiotViet,Marketing Manager,retail,25,0700028222
Bùi Thanh Mai,bui.thanh.mai.18272@thacoindustr.vn,Thaco Industries,Operations Manager,retail,50,0972827826
Võ Thanh Việt,vo.thanh.viet.18273@gemadeptlogi.vn,Gemadept Logistics,Kế toán trưởng,education,500,0321316468
Lê Đức Châu,le.duc.chau.18274@tiki.vn,Tiki,Head of Finance,manufacturing,25,0702086011
Phan Minh Quân,phan.minh.quan.18275@kiotviet.vn,KiotViet,CFO,logistics,50,0977711937
Hoàng Xuân Lan,hoang.xuan.lan.18276@thecoffeehou.vn,The Coffee House,CFO,retail,50,0964674878
Trần Thị Sơn,tran.thi.son.18277@vinamilk.vn,Vinamilk,CEO,fintech,25,0965803021
Dương Thanh Phúc,duong.thanh.phuc.18278@gmail.com,Base.vn,CFO,ecommerce,10,0865406757
Trần Quang Hà,tran.quang.ha.18279@kiotviet.vn,KiotViet,CTO,software,10,0969917385
Phan Hồng Bình,phan.hong.binh.18280@gmail.com,TopCV,Marketing Manager,retail,25,0709541375
Ngô Đức Linh,ngo.duc.linh.18281@vinmec.vn,Vinmec,Procurement Manager,software,1500,0979998937
Đặng Hồng Bình,dang.hong.binh.18282@momo.vn,MoMo,Marketing Manager,manufacturing,25,0326714089
Vũ Quang Tuấn,vu.quang.tuan.18283@hoaphat.vn,Hoà Phát,Operations Manager,ecommerce,50,0973843654
Trần Ngọc Khánh,tran.ngoc.khanh.18284@momo.vn,MoMo,Product Manager,logistics,10,0969755794
Đặng Ngọc Mai,dang.ngoc.mai.18285@momo.vn,MoMo,Kế toán trưởng,ecommerce,500,0908470783
Trần Minh Châu,tran.minh.chau.18286@gmail.com,Thaco Industries,Marketing Manager,ecommerce,10,0915116809
Đặng Thanh Việt,dang.thanh.viet.18287@momo.vn,MoMo,Sales Director,logistics,10,0353981826
Hồ Văn Khánh,ho.van.khanh.18288@kiotviet.vn,KiotViet,Sales Director,retail,50,0866428793
Lê Đức Trang,le.duc.trang.18289@tiki.vn,Tiki,CEO,software,1500,0705037752
Đỗ Thanh Sơn,do.thanh.son.18290@gmail.com,The Coffee House,Marketing Manager,healthcare,1500,0937088395
Phan Xuân Hà,phan.xuan.ha.18291@gmail.com,FPT Software,Head of Finance,ecommerce,1500,0324156692
Đỗ Thanh Quân,do.thanh.quan.18292@gmail.com,VNG Corporation,CFO,software,250,0930119055
Lê Thị Tuấn,le.thi.tuan.18293@gmail.com,The Coffee House,CEO,software,50,0974563040
Đặng Quang Linh,dang.quang.linh.18294@shopeevietna.vn,Shopee Vietnam,Operations Manager,ecommerce,250,0932062908
Hoàng Đức Oanh,hoang.duc.oanh.18295@gmail.com,FPT Software,Procurement Manager,manufacturing,50,0967643645
Phạm Hồng An,pham.hong.an.18296@shopeevietna.vn,Shopee Vietnam,Kế toán trưởng,ecommerce,50,0322771457
Hoàng Minh Dũng,hoang.minh.dung.18297@basevn.vn,Base.vn,Product Manager,logistics,25,0935137907
Bùi Minh Linh,bui.minh.linh.18298@basevn.vn,Base.vn,Marketing Manager,healthcare,25,0357543415
Bùi Quang Tâm,bui.quang.tam.18299@kiotviet.vn,KiotViet,Operations Manager,fintech,250,0705565327
Lý Thị Tâm,ly.thi.tam.18300@basevn.vn,Base.vn,Operations Manager,education,250,0978403157
Phạm Quang Việt,pham.quang.viet.18301@pharmacity.vn,Pharmacity,CTO,ecommerce,120,0705425968
Vũ Xuân Dũng,vu.xuan.dung.18302@gemadeptlogi.vn,Gemadept Logistics,Sales Director,software,10,0706154252
Võ Văn Mai,vo.van.mai.18303@vinmec.vn,Vinmec,CEO,healthcare,1500,0917678877
Lê Thanh An,le.thanh.an.18304@thecoffeehou.vn,The Coffee House,CEO,education,500,0966090955
Phan Đức Châu,phan.duc.chau.18305@gmail.com,Vinmec,Operations Manager,manufacturing,500,0961298021
Phan Ngọc Phúc,phan.ngoc.phuc.18306@kiotviet.vn,KiotViet,CTO,ecommerce,50,0707053678
Đặng Văn Trang,dang.van.trang.18307@gmail.com,Thaco Industries,Marketing Manager,education,50,0869316748
Phan Ngọc Dũng,phan.ngoc.dung.18308@vngcorporati.vn,VNG Corporation,Sales Director,manufacturing,120,0358718927
Hồ Xuân Sơn,ho.xuan.son.18309@pharmacity.vn,Pharmacity,Kế toán trưởng,manufacturing,50,0350422317
Võ Hồng Trang,vo.hong.trang.18310@kiotviet.vn,KiotViet,Kế toán trưởng,fintech,25,0865616353
Lý Thị Hùng,ly.thi.hung.18311@fptsoftware.vn,FPT Software,Procurement Manager,fintech,250,0936619173
Lý Ngọc Bình,ly.ngoc.binh.18312@haravan.vn,Haravan,CEO,manufacturing,25,0964796741
Vũ Thanh Sơn,vu.thanh.son.18313@gmail.com,Vinamilk,CTO,manufacturing,50,0708079384
Dương Xuân Sơn,duong.xuan.son.18314@cenland.vn,CenLand,CEO,education,50,0968514813
Phạm Xuân Sơn,pham.xuan.son.18315@gmail.com,Duy Tan Plastics,Product Manager,retail,50,0979348377
Võ Thanh Việt,vo.thanh.viet.18316@thacoindustr.vn,Thaco Industries,Kế toán trưởng,retail,250,0355988778
Đỗ Văn Sơn,do.van.son.18317@fptsoftware.vn,FPT Software,Sales Director,fintech,1500,0706984022
Phạm Minh Nam,pham.minh.nam.18318@pnj.vn,PNJ,CFO,ecommerce,50,0938216770
Hồ Hồng Oanh,ho.hong.oanh.18319@gmail.com,FPT Software,CFO,software,250,0864389435
Bùi Xuân Trang,bui.xuan.trang.18320@fptsoftware.vn,FPT Software,CEO,fintech,25,0706463761
Bùi Đức Bình,bui.duc.binh.18321@gmail.com,Tiki,Head of Finance,manufacturing,50,0700443243
Nguyễn Hữu Bình,nguyen.huu.binh.18322@gmail.com,VNG Corporation,Marketing Manager,healthcare,1500,0936495340
Phan Đức Tuấn,phan.duc.tuan.18323@gmail.com,Base.vn,CFO,education,25,0356289382
Hoàng Đức Trang,hoang.duc.trang.18324@duytanplasti.vn,Duy Tan Plastics,Procurement Manager,manufacturing,10,0970890731
Hồ Thị An,ho.thi.an.18325@gmail.com,FPT Software,CFO,healthcare,25,0936218461
Đỗ Văn Hùng,do.van.hung.18326@vngcorporati.vn,VNG Corporation,Operations Manager,ecommerce,50,0909186648
Lý Quang An,ly.quang.an.18327@vinamilk.vn,Vinamilk,Head of Finance,ecommerce,1500,0900400584
Bùi Văn Linh,bui.van.linh.18328@duytanplasti.vn,Duy Tan Plastics,Procurement Manager,software,120,0973926557
Lê Hồng An,le.hong.an.18329@hoaphat.vn,Hoà Phát,Operations Manager,healthcare,120,0709968038
Ngô Văn Tuấn,ngo.van.tuan.18330@tiki.vn,Tiki,Procurement Manager,ecommerce,50,0978517206
Trần Thanh Trang,tran.thanh.trang.18331@gmail.com,VNG Corporation,Sales Director,logistics,500,0963056209
Vũ Đức Mai,vu.duc.mai.18332@vinamilk.vn,Vinamilk,Head of Finance,retail,120,0321632488
Võ Xuân Việt,vo.xuan.viet.18333@gmail.com,Shopee Vietnam,Operations Manager,fintech,10,0358197332
Võ Văn Khánh,vo.van.khanh.18334@pharmacity.vn,Pharmacity,Operations Manager,retail,25,0907501671
Nguyễn Quang Sơn,nguyen.quang.son.18335@gemadeptlogi.vn,Gemadept Logistics,Procurement Manager,healthcare,1500,0974589438
Trần Đức Giang,tran.duc.giang.18336@gmail.com,VNG Corporation,Head of Finance,logistics,120,0709114067
Bùi Thị Châu,bui.thi.chau.18337@basevn.vn,Base.vn,Marketing Manager,manufacturing,1500,0351744632
Đỗ Xuân Dũng,do.xuan.dung.18338@cenland.vn,CenLand,CEO,healthcare,25,0911417008
Ngô Hồng Sơn,ngo.hong.son.18339@hoaphat.vn,Hoà Phát,Marketing Manager,manufacturing,10,0937021520
Đỗ Ngọc Hà,do.ngoc.ha.18340@gmail.com,MoMo,Procurement Manager,logistics,120,0918377585
Lê Minh Linh,le.minh.linh.18341@pharmacity.vn,Pharmacity,Head of Finance,logistics,250,0907061184
Ngô Đức Hùng,ngo.duc.hung.18342@gmail.com,Gemadept Logistics,CFO,education,25,0974537504
Lý Hồng Sơn,ly.hong.son.18343@gmail.com,CenLand,CEO,fintech,120,0700234943
Dương Đức Hà,duong.duc.ha.18344@vinamilk.vn,Vinamilk,Procurement Manager,logistics,25,0709418417
Nguyễn Ngọc Linh,nguyen.ngoc.linh.18345@fptsoftware.vn,FPT Software,Procurement Manager,fintech,25,0907114953
Trần Ngọc Lan,tran.ngoc.lan.18346@fptsoftware.vn,FPT Software,CEO,ecommerce,50,0975235840
Lê Minh Nam,le.minh.nam.18347@momo.vn,MoMo,Sales Director,ecommerce,50,0916598581
Võ Minh Bình,vo.minh.binh.18348@vinmec.vn,Vinmec,CEO,logistics,10,0905700355
Đặng Văn An,dang.van.an.18349@pharmacity.vn,Pharmacity,Sales Director,education,250,0326873080
Phan Ngọc Sơn,phan.ngoc.son.18350@kiotviet.vn,KiotViet,CFO,software,1500,0964940724
Bùi Thanh Hùng,bui.thanh.hung.18351@hoaphat.vn,Hoà Phát,Sales Director,healthcare,10,0327123357
Trần Đức Sơn,tran.duc.son.18352@gmail.com,Haravan,Procurement Manager,healthcare,500,0352792870
Hồ Ngọc Sơn,ho.ngoc.son.18353@pharmacity.vn,Pharmacity,Kế toán trưởng,logistics,500,0321990362
Nguyễn Thị Mai,nguyen.thi.mai.18354@shopeevietna.vn,Shopee Vietnam,Head of Finance,fintech,1500,0357529543
Bùi Hồng Châu,bui.hong.chau.18355@vinamilk.vn,Vinamilk,Sales Director,retail,500,0905008413
Võ Xuân Tuấn,vo.xuan.tuan.18356@haravan.vn,Haravan,CTO,manufacturing,250,0960648330
Ngô Thanh Giang,ngo.thanh.giang.18357@hoaphat.vn,Hoà Phát,CEO,healthcare,10,0939088830
Hồ Xuân Nam,ho.xuan.nam.18358@gmail.com,Haravan,Operations Manager,fintech,25,0860102134
Phạm Hồng Lan,pham.hong.lan.18359@viettiengarm.vn,Viet Tien Garment,Operations Manager,logistics,500,0972760657
Hoàng Thanh Tâm,hoang.thanh.tam.18360@gmail.com,PNJ,Product Manager,fintech,500,0902066609
Võ Văn Phúc,vo.van.phuc.18361@fptsoftware.vn,FPT Software,Head of Finance,retail,1500,0868248880
Phạm Đức Quân,pham.duc.quan.18362@gmail.com,Vinamilk,Sales Director,manufacturing,25,0930685433
Phạm Thị An,pham.thi.an.18363@fptsoftware.vn,FPT Software,Sales Director,manufacturing,120,0979771413
Lý Hồng Giang,ly.hong.giang.18364@gmail.com,Gemadept Logistics,Product Manager,education,250,0933078430
Hồ Hữu Quân,ho.huu.quan.18365@viettiengarm.vn,Viet Tien Garment,Product Manager,healthcare,120,0322869864
Võ Minh Lan,vo.minh.lan.18366@kiotviet.vn,KiotViet,CTO,logistics,250,0933248141
Phan Hồng Giang,phan.hong.giang.18367@thacoindustr.vn,Thaco Industries,CTO,software,120,0964219906
Hoàng Thị Quân,hoang.thi.quan.18368@shopeevietna.vn,Shopee Vietnam,Kế toán trưởng,logistics,1500,0866458414
Lý Minh Lan,ly.minh.lan.18369@pnj.vn,PNJ,Product Manager,healthcare,10,0352040086
Hoàng Xuân Dũng,hoang.xuan.dung.18370@pnj.vn,PNJ,CTO,retail,50,0935677744
Đỗ Minh Phúc,do.minh.phuc.18371@gemadeptlogi.vn,Gemadept Logistics,Procurement Manager,fintech,25,0911115724
Võ Đức Phúc,vo.duc.phuc.18372@hoaphat.vn,Hoà Phát,Procurement Manager,healthcare,25,0977309241
Đặng Hữu Châu,dang.huu.chau.18373@fptsoftware.vn,FPT Software,Operations Manager,fintech,50,0706241398
Phạm Quang Châu,pham.quang.chau.18374@vinamilk.vn,Vinamilk,Product Manager,manufacturing,50,0913882515
Phạm Đức Bình,pham.duc.binh.18375@duytanplasti.vn,Duy Tan Plastics,Product Manager,ecommerce,50,0916458773
Đặng Hữu Châu,dang.huu.chau.18376@gmail.com,Duy Tan Plastics,CEO,manufacturing,25,0903607559
Lý Thị Nam,ly.thi.nam.18377@shopeevietna.vn,Shopee Vietnam,CEO,software,250,0351265653
Nguyễn Xuân Mai,nguyen.xuan.mai.18378@haravan.vn,Haravan,CTO,healthcare,250,0326512180
Lê Hồng Châu,le.hong.chau.18379@shopeevietna.vn,Shopee Vietnam,Kế toán trưởng,healthcare,50,0351386380
Vũ Minh Hà,vu.minh.ha.18380@haravan.vn,Haravan,Kế toán trưởng,ecommerce,50,0707483420
Dương Xuân Bình,duong.xuan.binh.18381@haravan.vn,Haravan,Sales Director,retail,1500,0358040964
Vũ Ngọc Việt,vu.ngoc.viet.18382@gmail.com,Vinamilk,CEO,retail,500,0934867536
Lê Hữu Hùng,le.huu.hung.18383@basevn.vn,Base.vn,Kế toán trưởng,software,500,0907601916
Bùi Xuân Quân,bui.xuan.quan.18384@gmail.com,The Coffee House,Marketing Manager,retail,120,0709624356
Trần Đức Lan,tran.duc.lan.18385@thacoindustr.vn,Thaco Industries,CEO,fintech,50,0937633826
Dương Đức Oanh,duong.duc.oanh.18386@gmail.com,Vinmec,CFO,education,10,0968921230
Nguyễn Minh An,nguyen.minh.an.18387@gmail.com,CenLand,CFO,retail,25,0962530762
Đặng Quang Tâm,dang.quang.tam.18388@pnj.vn,PNJ,Sales Director,education,1500,0704383306
Hoàng Hồng Tuấn,hoang.hong.tuan.18389@shopeevietna.vn,Shopee Vietnam,Product Manager,education,500,0866287407
Đỗ Xuân Trang,do.xuan.trang.18390@gmail.com,PNJ,CEO,retail,250,0352602931
Hồ Văn Hùng,ho.van.hung.18391@cenland.vn,CenLand,Kế toán trưởng,software,250,0862446054
Đặng Thị Linh,dang.thi.linh.18392@topcv.vn,TopCV,Operations Manager,manufacturing,120,0910644540
Vũ Văn Sơn,vu.van.son.18393@pharmacity.vn,Pharmacity,Procurement Manager,ecommerce,50,0321760964
Bùi Hữu An,bui.huu.an.18394@gmail.com,Thaco Industries,Sales Director,manufacturing,1500,0350979213
Hoàng Quang Trang,hoang.quang.trang.18395@duytanplasti.vn,Duy Tan Plastics,CTO,software,25,0931209894
Đặng Thị Khánh,dang.thi.khanh.18396@vngcorporati.vn,VNG Corporation,Operations Manager,ecommerce,25,0709313006
Hồ Thị Tuấn,ho.thi.tuan.18397@gmail.com,Tiki,CEO,logistics,50,0700676987
Ngô Thị Châu,ngo.thi.chau.18398@kiotviet.vn,KiotViet,Sales Director,ecommerce,120,0357822377
Bùi Đức Việt,bui.duc.viet.18399@gmail.com,Vinamilk,CEO,education,500,0918533633
Hoàng Minh Oanh,hoang.minh.oanh.18400@gmail.com,TopCV,CFO,manufacturing,120,0901666222
Phan Hồng Châu,phan.hong.chau.18401@gmail.com,TopCV,Kế toán trưởng,manufacturing,500,0321307431
Đặng Đức Giang,dang.duc.giang.18402@momo.vn,MoMo,Head of Finance,healthcare,50,0862724761
Lý Xuân Giang,ly.xuan.giang.18403@gmail.com,The Coffee House,CFO,ecommerce,500,0355084043
Trần Xuân Sơn,tran.xuan.son.18404@gmail.com,Vinamilk,Marketing Manager,ecommerce,500,0900298875
Nguyễn Văn An,nguyen.van.an.18405@pnj.vn,PNJ,Procurement Manager,education,10,0907213599
Phan Văn Hùng,phan.van.hung.18406@gmail.com,Haravan,Marketing Manager,logistics,250,0962648644
Hồ Đức Sơn,ho.duc.son.18407@momo.vn,MoMo,Procurement Manager,fintech,250,0705673960
Võ Xuân Dũng,vo.xuan.dung.18408@thecoffeehou.vn,The Coffee House,CEO,software,50,0351121601
Lê Đức Nam,le.duc.nam.18409@gmail.com,Base.vn,CEO,fintech,120,0707551727
Lý Minh Oanh,ly.minh.oanh.18410@topcv.vn,TopCV,Head of Finance,healthcare,120,0972738970
Đặng Văn Châu,dang.van.chau.18411@vinmec.vn,Vinmec,Marketing Manager,software,50,0961425589
Ngô Quang Việt,ngo.quang.viet.18412@thecoffeehou.vn,The Coffee House,Operations Manager,ecommerce,500,0356341189
Bùi Minh Bình,bui.minh.binh.18413@vinamilk.vn,Vinamilk,Kế toán trưởng,fintech,10,0976897459
Phan Văn Dũng,phan.van.dung.18414@cenland.vn,CenLand,Product Manager,ecommerce,120,0936935830
Hoàng Minh Lan,hoang.minh.lan.18415@fptsoftware.vn,FPT Software,Marketing Manager,healthcare,10,0323140824
Dương Đức Khánh,duong.duc.khanh.18416@tiki.vn,Tiki,CTO,retail,500,0937708961
Phạm Minh Việt,pham.minh.viet.18417@momo.vn,MoMo,Head of Finance,fintech,10,0320474285
Hồ Văn Mai,ho.van.mai.18418@haravan.vn,Haravan,CFO,logistics,50,0320154278
Nguyễn Quang Phúc,nguyen.quang.phuc.18419@gemadeptlogi.vn,Gemadept Logistics,Product Manager,software,250,0865739252
Phạm Hồng Mai,pham.hong.mai.18420@gemadeptlogi.vn,Gemadept Logistics,Kế toán trưởng,logistics,120,0964503124
Hồ Thanh Dũng,ho.thanh.dung.18421@hoaphat.vn,Hoà Phát,Head of Finance,retail,120,0326198011
Dương Hữu An,duong.huu.an.18422@gmail.com,FPT Software,Procurement Manager,ecommerce,1500,0979676260
Dương Quang Việt,duong.quang.viet.18423@gmail.com,KiotViet,Kế toán trưởng,fintech,1500,0912359943
Nguyễn Ngọc Giang,nguyen.ngoc.giang.18424@topcv.vn,TopCV,Procurement Manager,ecommerce,250,0903358303
Đỗ Ngọc Khánh,do.ngoc.khanh.18425@momo.vn,MoMo,CTO,education,10,0965308178
Trần Đức Mai,tran.duc.mai.18426@gmail.com,Duy Tan Plastics,Procurement Manager,retail,10,0902153856
Vũ Văn Dũng,vu.van.dung.18427@cenland.vn,CenLand,Marketing Manager,ecommerce,250,0914583858
Vũ Hữu Việt,vu.huu.viet.18428@cenland.vn,CenLand,CEO,manufacturing,250,0935696922
Hoàng Ngọc Dũng,hoang.ngoc.dung.18429@gemadeptlogi.vn,Gemadept Logistics,Kế toán trưởng,healthcare,500,0324902926
Phan Minh Quân,phan.minh.quan.18430@vngcorporati.vn,VNG Corporation,Marketing Manager,education,50,0970910376
Đặng Ngọc Lan,dang.ngoc.lan.18431@thecoffeehou.vn,The Coffee House,CEO,fintech,50,0352127419
Ngô Văn Trang,ngo.van.trang.18432@gmail.com,Vinamilk,Sales Director,ecommerce,1500,0865680464
Lý Thị Oanh,ly.thi.oanh.18433@haravan.vn,Haravan,CEO,manufacturing,120,0325139634
Đỗ Hồng Linh,do.hong.linh.18434@gmail.com,TopCV,CTO,software,500,0972874775
Ngô Minh Phúc,ngo.minh.phuc.18435@topcv.vn,TopCV,Procurement Manager,retail,50,0979452442
Hồ Hồng Lan,ho.hong.lan.18436@pharmacity.vn,Pharmacity,CEO,education,25,0351628753
Phạm Quang Linh,pham.quang.linh.18437@gmail.com,Haravan,CFO,education,250,0979268867
Đặng Văn Mai,dang.van.mai.18438@gmail.com,Tiki,Kế toán trưởng,ecommerce,1500,0321836707
Võ Ngọc Mai,vo.ngoc.mai.18439@basevn.vn,Base.vn,Head of Finance,ecommerce,120,0938404706
Phan Văn Mai,phan.van.mai.18440@tiki.vn,Tiki,Product Manager,software,120,0910733189
Trần Hồng Hà,tran.hong.ha.18441@vinmec.vn,Vinmec,Marketing Manager,healthcare,50,0354351661
Lý Thị Tâm,ly.thi.tam.18442@thacoindustr.vn,Thaco Industries,Product Manager,ecommerce,120,0961573892
Phan Quang Hà,phan.quang.ha.18443@viettiengarm.vn,Viet Tien Garment,Product Manager,fintech,120,0972009101
Võ Thanh Mai,vo.thanh.mai.18444@gmail.com,PNJ,CEO,software,500,0707765193
Vũ Ngọc An,vu.ngoc.an.18445@topcv.vn,TopCV,Product Manager,software,1500,0702572136
Võ Minh Lan,vo.minh.lan.18446@cenland.vn,CenLand,Product Manager,logistics,1500,0966077952
Hoàng Ngọc Phúc,hoang.ngoc.phuc.18447@thecoffeehou.vn,The Coffee House,Operations Manager,retail,500,0978840557
Hoàng Thanh Quân,hoang.thanh.quan.18448@gmail.com,Hoà Phát,Procurement Manager,ecommerce,120,0706316092
Bùi Thanh Lan,bui.thanh.lan.18449@gemadeptlogi.vn,Gemadept Logistics,Kế toán trưởng,manufacturing,25,0328492373
Hoàng Ngọc Phúc,hoang.ngoc.phuc.18450@gmail.com,Pharmacity,Kế toán trưởng,retail,10,0909294383
Ngô Hồng Nam,ngo.hong.nam.18451@shopeevietna.vn,Shopee Vietnam,Sales Director,education,25,0918730703
Phạm Minh Khánh,pham.minh.khanh.18452@gmail.com,VNG Corporation,Operations Manager,healthcare,1500,0915620063
Đặng Đức Lan,dang.duc.lan.18453@hoaphat.vn,Hoà Phát,Kế toán trưởng,manufacturing,50,0910869927
Hồ Hữu Châu,ho.huu.chau.18454@gmail.com,Shopee Vietnam,Kế toán trưởng,manufacturing,500,0901699345
Hồ Thị Giang,ho.thi.giang.18455@momo.vn,MoMo,Sales Director,healthcare,120,0962230709
Hoàng Xuân Linh,hoang.xuan.linh.18456@gemadeptlogi.vn,Gemadept Logistics,Procurement Manager,software,1500,0970388876
Hoàng Xuân Hùng,hoang.xuan.hung.18457@gmail.com,Vinamilk,Sales Director,retail,50,0323192252
Phạm Minh Châu,pham.minh.chau.18458@hoaphat.vn,Hoà Phát,CFO,fintech,25,0962190002
Hoàng Văn Phúc,hoang.van.phuc.18459@gemadeptlogi.vn,Gemadept Logistics,Procurement Manager,logistics,500,0974282858
Hồ Hồng Khánh,ho.hong.khanh.18460@pnj.vn,PNJ,Marketing Manager,logistics,10,0938557068
Dương Thanh Linh,duong.thanh.linh.18461@fptsoftware.vn,FPT Software,Product Manager,ecommerce,50,0709256585
Đỗ Hồng Châu,do.hong.chau.18462@pnj.vn,PNJ,Procurement Manager,retail,50,0938896726
Bùi Quang Trang,bui.quang.trang.18463@basevn.vn,Base.vn,Kế toán trưởng,fintech,120,0971255684
Phan Ngọc Quân,phan.ngoc.quan.18464@kiotviet.vn,KiotViet,Marketing Manager,software,250,0351055051
Đặng Hồng An,dang.hong.an.18465@gmail.com,Shopee Vietnam,Product Manager,ecommerce,120,0861340374
Đặng Văn Giang,dang.van.giang.18466@gemadeptlogi.vn,Gemadept Logistics,Product Manager,manufacturing,50,0354137046
Dương Hữu Hùng,duong.huu.hung.18467@hoaphat.vn,Hoà Phát,Sales Director,manufacturing,50,0359086594
Phạm Thanh An,pham.thanh.an.18468@gmail.com,Tiki,Sales Director,retail,50,0356492169
Hồ Đức Lan,ho.duc.lan.18469@kiotviet.vn,KiotViet,Kế toán trưởng,software,120,0862954802
Lê Hữu Mai,le.huu.mai.18470@gmail.com,Pharmacity,Operations Manager,education,1500,0934096168
Đỗ Đức Dũng,do.duc.dung.18471@gmail.com,Shopee Vietnam,Procurement Manager,software,25,0933377558
Bùi Thị Phúc,bui.thi.phuc.18472@gmail.com,Tiki,Product Manager,fintech,120,0904754896
Trần Ngọc Khánh,tran.ngoc.khanh.18473@haravan.vn,Haravan,Marketing Manager,software,50,0865845177
Dương Minh Sơn,duong.minh.son.18474@gmail.com,Vinamilk,Product Manager,education,500,0860358186
Hồ Xuân Trang,ho.xuan.trang.18475@cenland.vn,CenLand,CEO,education,25,0350090165
Lý Quang Châu,ly.quang.chau.18476@vngcorporati.vn,VNG Corporation,Head of Finance,ecommerce,250,0914565408
Phan Văn Mai,phan.van.mai.18477@kiotviet.vn,KiotViet,Operations Manager,healthcare,120,0917304665
Võ Xuân Linh,vo.xuan.linh.18478@gmail.com,The Coffee House,Kế toán trưởng,ecommerce,50,0352098663
Phạm Đức Lan,pham.duc.lan.18479@hoaphat.vn,Hoà Phát,Kế toán trưởng,fintech,500,0900253005
Hoàng Hồng Trang,hoang.hong.trang.18480@vinamilk.vn,Vinamilk,Product Manager,retail,10,0971555909
Trần Minh Dũng,tran.minh.dung.18481@gmail.com,CenLand,CEO,logistics,250,0911477481
Vũ Ngọc Phúc,vu.ngoc.phuc.18482@tiki.vn,Tiki,CFO,education,25,0862090288
Phạm Văn Giang,pham.van.giang.18483@gmail.com,CenLand,Kế toán trưởng,fintech,1500,0359275659
Hồ Hữu Giang,ho.huu.giang.18484@cenland.vn,CenLand,Head of Finance,manufacturing,120,0919648120
Đỗ Văn Việt,do.van.viet.18485@gmail.com,PNJ,Marketing Manager,software,120,0327810409
Võ Hữu Lan,vo.huu.lan.18486@vngcorporati.vn,VNG Corporation,Head of Finance,manufacturing,120,0935231417
Phan Ngọc An,phan.ngoc.an.18487@gmail.com,Pharmacity,CTO,logistics,250,0974094594
Lý Xuân Dũng,ly.xuan.dung.18488@gmail.com,Tiki,CEO,healthcare,250,0918554475
Đặng Thị Hà,dang.thi.ha.18489@gmail.com,Haravan,Head of Finance,manufacturing,10,0971280491
Nguyễn Ngọc Tâm,nguyen.ngoc.tam.18490@fptsoftware.vn,FPT Software,Operations Manager,retail,250,0864986848
Phạm Thị Oanh,pham.thi.oanh.18491@gmail.com,Hoà Phát,Product Manager,retail,50,0908618611
Võ Quang Quân,vo.quang.quan.18492@gmail.com,The Coffee House,Operations Manager,logistics,1500,0353925051
Dương Thị Châu,duong.thi.chau.18493@gmail.com,Shopee Vietnam,CFO,software,10,0901608849
Hoàng Thanh Lan,hoang.thanh.lan.18494@vinmec.vn,Vinmec,CTO,retail,10,0866827524
Ngô Hữu Tuấn,ngo.huu.tuan.18495@basevn.vn,Base.vn,CEO,manufacturing,500,0707855351
Đặng Thị Bình,dang.thi.binh.18496@vinmec.vn,Vinmec,Marketing Manager,education,120,0328105380
Nguyễn Quang Phúc,nguyen.quang.phuc.18497@duytanplasti.vn,Duy Tan Plastics,Operations Manager,logistics,250,0325552999
Võ Thị Linh,vo.thi.linh.18498@momo.vn,MoMo,Product Manager,manufacturing,120,0963493379
Lý Thanh Sơn,ly.thanh.son.18499@gmail.com,TopCV,Operations Manager,education,1500,0865293414
Vũ Xuân Tâm,vu.xuan.tam.18500@gmail.com,Thaco Industries,Sales Director,ecommerce,25,0937391508
Đặng Ngọc An,dang.ngoc.an.18501@thecoffeehou.vn,The Coffee House,Product Manager,logistics,250,0869851452
Đặng Minh Hùng,dang.minh.hung.18502@cenland.vn,CenLand,CTO,fintech,1500,0916241741
Đỗ Quang Tuấn,do.quang.tuan.18503@viettiengarm.vn,Viet Tien Garment,Kế toán trưởng,retail,1500,0901242293
Ngô Hồng Linh,ngo.hong.linh.18504@tiki.vn,Tiki,Operations Manager,ecommerce,50,0864459941
Dương Minh Giang,duong.minh.giang.18505@gmail.com,Gemadept Logistics,CEO,manufacturing,10,0707372790
Võ Xuân Quân,vo.xuan.quan.18506@vinamilk.vn,Vinamilk,Procurement Manager,fintech,1500,0865508796
Lý Xuân Việt,ly.xuan.viet.18507@vngcorporati.vn,VNG Corporation,Procurement Manager,fintech,1500,0934421425
Phạm Hữu Linh,pham.huu.linh.18508@hoaphat.vn,Hoà Phát,Head of Finance,fintech,120,0936007751
Trần Minh Linh,tran.minh.linh.18509@gmail.com,KiotViet,Marketing Manager,fintech,250,0963057885
Phan Thanh Khánh,phan.thanh.khanh.18510@gmail.com,MoMo,CEO,healthcare,500,0323937700
Phạm Thị Quân,pham.thi.quan.18511@gmail.com,Tiki,CTO,healthcare,50,0708496167
Dương Văn Giang,duong.van.giang.18512@gmail.com,The Coffee House,Operations Manager,logistics,50,0325940065
Võ Đức Quân,vo.duc.quan.18513@pnj.vn,PNJ,Head of Finance,manufacturing,120,0354293494
Phạm Xuân Lan,pham.xuan.lan.18514@fptsoftware.vn,FPT Software,CEO,ecommerce,500,0708715506
Lê Ngọc Oanh,le.ngoc.oanh.18515@thecoffeehou.vn,The Coffee House,CTO,retail,1500,0906382926
Võ Ngọc Hùng,vo.ngoc.hung.18516@gemadeptlogi.vn,Gemadept Logistics,Kế toán trưởng,software,50,0900043913
Hoàng Hữu Hùng,hoang.huu.hung.18517@pharmacity.vn,Pharmacity,Product Manager,logistics,10,0320344252
Dương Xuân Hà,duong.xuan.ha.18518@gmail.com,Hoà Phát,Sales Director,fintech,10,0353690506
Ngô Ngọc Tâm,ngo.ngoc.tam.18519@basevn.vn,Base.vn,Operations Manager,manufacturing,10,0906219627
Nguyễn Quang Quân,nguyen.quang.quan.18520@basevn.vn,Base.vn,Kế toán trưởng,logistics,120,0975406610
Phạm Văn Dũng,pham.van.dung.18521@vinmec.vn,Vinmec,Operations Manager,retail,1500,0323436485
Hoàng Thị Châu,hoang.thi.chau.18522@haravan.vn,Haravan,Procurement Manager,software,120,0861627062
Phạm Thanh Mai,pham.thanh.mai.18523@shopeevietna.vn,Shopee Vietnam,Head of Finance,healthcare,25,0908992076
Nguyễn Minh Trang,nguyen.minh.trang.18524@kiotviet.vn,KiotViet,Kế toán trưởng,healthcare,120,0324623938
Hoàng Thanh Giang,hoang.thanh.giang.18525@gmail.com,Shopee Vietnam,Marketing Manager,ecommerce,1500,0707630175
Hoàng Văn Trang,hoang.van.trang.18526@tiki.vn,Tiki,CEO,manufacturing,250,0359213920
Đỗ Hữu Sơn,do.huu.son.18527@topcv.vn,TopCV,CFO,education,25,0933930853
Bùi Thanh Trang,bui.thanh.trang.18528@pnj.vn,PNJ,Head of Finance,healthcare,50,0964956199
Trần Quang Việt,tran.quang.viet.18529@vinamilk.vn,Vinamilk,Product Manager,education,250,0707444866
Dương Minh Lan,duong.minh.lan.18530@basevn.vn,Base.vn,Kế toán trưởng,ecommerce,1500,0705241019
Hồ Thanh Tâm,ho.thanh.tam.18531@momo.vn,MoMo,Sales Director,software,120,0700684045
Trần Thị Khánh,tran.thi.khanh.18532@pharmacity.vn,Pharmacity,Procurement Manager,healthcare,25,0359920224
Lý Thanh Lan,ly.thanh.lan.18533@duytanplasti.vn,Duy Tan Plastics,Product Manager,ecommerce,1500,0351629374
Hồ Xuân Giang,ho.xuan.giang.18534@gmail.com,KiotViet,Operations Manager,manufacturing,120,0700156067
Dương Hồng Trang,duong.hong.trang.18535@gmail.com,Vinamilk,Kế toán trưởng,logistics,250,0353970320
Ngô Quang Việt,ngo.quang.viet.18536@cenland.vn,CenLand,Marketing Manager,education,10,0707603343
Bùi Thị Hùng,bui.thi.hung.18537@vinamilk.vn,Vinamilk,Procurement Manager,fintech,25,0864689441
Phạm Đức Nam,pham.duc.nam.18538@thecoffeehou.vn,The Coffee House,Kế toán trưởng,manufacturing,250,0324678135
Nguyễn Quang Bình,nguyen.quang.binh.18539@pharmacity.vn,Pharmacity,Marketing Manager,retail,120,0323089297
Vũ Minh Quân,vu.minh.quan.18540@vinamilk.vn,Vinamilk,Head of Finance,healthcare,1500,0977616119
Đặng Ngọc Linh,dang.ngoc.linh.18541@fptsoftware.vn,FPT Software,Head of Finance,retail,25,0323452912
Vũ Quang Lan,vu.quang.lan.18542@kiotviet.vn,KiotViet,CEO,software,250,0966541594
Phạm Hồng Giang,pham.hong.giang.18543@gmail.com,Tiki,CEO,education,50,0906160800
Hồ Xuân Quân,ho.xuan.quan.18544@gmail.com,Hoà Phát,Head of Finance,education,500,0979938535
Phạm Quang An,pham.quang.an.18545@fptsoftware.vn,FPT Software,Sales Director,healthcare,120,0866822729
Đặng Xuân Lan,dang.xuan.lan.18546@gemadeptlogi.vn,Gemadept Logistics,CEO,fintech,120,0704963580
Võ Minh Oanh,vo.minh.oanh.18547@thecoffeehou.vn,The Coffee House,CEO,education,120,0706341460
Lê Hồng Bình,le.hong.binh.18548@momo.vn,MoMo,Marketing Manager,manufacturing,500,0321854016
Võ Văn Phúc,vo.van.phuc.18549@gmail.com,Duy Tan Plastics,Sales Director,ecommerce,1500,0907399454
Bùi Minh Giang,bui.minh.giang.18550@fptsoftware.vn,FPT Software,Product Manager,software,10,0968156368
Dương Đức Nam,duong.duc.nam.18551@haravan.vn,Haravan,CTO,software,500,0905540552
Phạm Thị Trang,pham.thi.trang.18552@gmail.com,CenLand,Operations Manager,logistics,10,0979918781
Phạm Ngọc Việt,pham.ngoc.viet.18553@topcv.vn,TopCV,Product Manager,healthcare,250,0917184985
Phạm Xuân Dũng,pham.xuan.dung.18554@vinmec.vn,Vinmec,CFO,healthcare,250,0964737152
Nguyễn Xuân Lan,nguyen.xuan.lan.18555@kiotviet.vn,KiotViet,Sales Director,healthcare,500,0353616920
Nguyễn Quang Việt,nguyen.quang.viet.18556@basevn.vn,Base.vn,Sales Director,software,10,0862447910
Lê Minh Lan,le.minh.lan.18557@pharmacity.vn,Pharmacity,Product Manager,ecommerce,50,0963186855
Trần Ngọc Khánh,tran.ngoc.khanh.18558@gmail.com,FPT Software,Operations Manager,retail,120,0914218747
Bùi Hồng Linh,bui.hong.linh.18559@gmail.com,FPT Software,Product Manager,healthcare,120,0708413000
Hoàng Hữu Tâm,hoang.huu.tam.18560@fptsoftware.vn,FPT Software,Procurement Manager,software,1500,0938960081
Dương Thanh Sơn,duong.thanh.son.18561@gmail.com,CenLand,Product Manager,education,120,0861202098
Phan Hữu Quân,phan.huu.quan.18562@viettiengarm.vn,Viet Tien Garment,Product Manager,logistics,10,0965169528
Dương Thị Châu,duong.thi.chau.18563@cenland.vn,CenLand,Procurement Manager,retail,120,0932884047
Võ Thị Mai,vo.thi.mai.18564@thecoffeehou.vn,The Coffee House,Procurement Manager,healthcare,500,0322977852
Lê Thanh Bình,le.thanh.binh.18565@cenland.vn,CenLand,CFO,retail,25,0963246545
Bùi Đức Châu,bui.duc.chau.18566@shopeevietna.vn,Shopee Vietnam,Procurement Manager,software,500,0974727738
Võ Hữu Lan,vo.huu.lan.18567@duytanplasti.vn,Duy Tan Plastics,Marketing Manager,retail,10,0860972099
Hồ Hữu Dũng,ho.huu.dung.18568@gmail.com,Gemadept Logistics,Procurement Manager,retail,1500,0934209875
Vũ Thanh Phúc,vu.thanh.phuc.18569@thecoffeehou.vn,The Coffee House,Kế toán trưởng,fintech,50,0325880584
Đỗ Ngọc Lan,do.ngoc.lan.18570@gmail.com,Duy Tan Plastics,Marketing Manager,fintech,120,0904497240
Đặng Đức Trang,dang.duc.trang.18571@kiotviet.vn,KiotViet,CFO,healthcare,25,0324565931
Đỗ Văn Bình,do.van.binh.18572@shopeevietna.vn,Shopee Vietnam,CEO,ecommerce,500,0916616560
Ngô Thanh Sơn,ngo.thanh.son.18573@hoaphat.vn,Hoà Phát,Procurement Manager,healthcare,120,0325005591
Trần Ngọc Lan,tran.ngoc.lan.18574@momo.vn,MoMo,Kế toán trưởng,education,25,0971062524
Đỗ Xuân Trang,do.xuan.trang.18575@vinmec.vn,Vinmec,Procurement Manager,retail,10,0901042998
Vũ Ngọc Hà,vu.ngoc.ha.18576@haravan.vn,Haravan,Marketing Manager,manufacturing,500,0973391024
Đặng Thị Oanh,dang.thi.oanh.18577@fptsoftware.vn,FPT Software,CTO,retail,10,0902075899
Dương Quang An,duong.quang.an.18578@basevn.vn,Base.vn,CFO,healthcare,25,0868417627
Phan Đức Quân,phan.duc.quan.18579@thecoffeehou.vn,The Coffee House,Sales Director,retail,10,0932576621
Hồ Thanh Lan,ho.thanh.lan.18580@haravan.vn,Haravan,Head of Finance,software,50,0973468974
Phan Minh An,phan.minh.an.18581@fptsoftware.vn,FPT Software,Operations Manager,healthcare,25,0709943678
Lê Xuân Tuấn,le.xuan.tuan.18582@basevn.vn,Base.vn,Marketing Manager,manufacturing,500,0861325166
Bùi Thị Mai,bui.thi.mai.18583@shopeevietna.vn,Shopee Vietnam,Head of Finance,ecommerce,250,0964058559
Đỗ Quang Tâm,do.quang.tam.18584@pharmacity.vn,Pharmacity,CTO,software,250,0961284636
Trần Văn An,tran.van.an.18585@haravan.vn,Haravan,Head of Finance,logistics,500,0936598822
Dương Minh Trang,duong.minh.trang.18586@gmail.com,PNJ,CFO,software,500,0973891746
Lê Hồng Hà,le.hong.ha.18587@vinamilk.vn,Vinamilk,Sales Director,education,120,0704303067
Võ Hồng Quân,vo.hong.quan.18588@thecoffeehou.vn,The Coffee House,CFO,healthcare,120,0327407436
Dương Hữu Châu,duong.huu.chau.18589@viettiengarm.vn,Viet Tien Garment,Operations Manager,manufacturing,1500,0966168925
Phan Văn Sơn,phan.van.son.18590@fptsoftware.vn,FPT Software,Marketing Manager,fintech,1500,0964090959
Ngô Quang An,ngo.quang.an.18591@pharmacity.vn,Pharmacity,CFO,manufacturing,1500,0326193468
Vũ Minh Linh,vu.minh.linh.18592@vinamilk.vn,Vinamilk,Kế toán trưởng,healthcare,250,0355357009
Đỗ Ngọc Oanh,do.ngoc.oanh.18593@duytanplasti.vn,Duy Tan Plastics,Procurement Manager,fintech,250,0865977524
Đỗ Hồng Châu,do.hong.chau.18594@thecoffeehou.vn,The Coffee House,Kế toán trưởng,retail,10,0326120345
Nguyễn Xuân Quân,nguyen.xuan.quan.18595@vinmec.vn,Vinmec,Sales Director,education,250,0918184515
Ngô Thanh Hà,ngo.thanh.ha.18596@kiotviet.vn,KiotViet,Marketing Manager,healthcare,25,0863675435
Võ Hồng An,vo.hong.an.18597@vinmec.vn,Vinmec,CEO,fintech,1500,0960192776
Trần Quang Quân,tran.quang.quan.18598@gmail.com,PNJ,Marketing Manager,ecommerce,120,0967926518
Nguyễn Thanh Lan,nguyen.thanh.lan.18599@gemadeptlogi.vn,Gemadept Logistics,CTO,education,250,0706988690
Hồ Xuân Tuấn,ho.xuan.tuan.18600@tiki.vn,Tiki,CEO,fintech,1500,0930193894
Vũ Ngọc Linh,vu.ngoc.linh.18601@duytanplasti.vn,Duy Tan Plastics,Head of Finance,retail,10,0914091820
Phan Xuân Châu,phan.xuan.chau.18602@thacoindustr.vn,Thaco Industries,Operations Manager,ecommerce,120,0973828599
Phan Văn Khánh,phan.van.khanh.18603@fptsoftware.vn,FPT Software,CFO,education,1500,0939573452
Võ Minh Tuấn,vo.minh.tuan.18604@fptsoftware.vn,FPT Software,CEO,healthcare,1500,0323807454
Hồ Minh Hà,ho.minh.ha.18605@pnj.vn,PNJ,Operations Manager,retail,10,0863007659
Đặng Minh Quân,dang.minh.quan.18606@gemadeptlogi.vn,Gemadept Logistics,Kế toán trưởng,fintech,25,0911288289
Đặng Đức Dũng,dang.duc.dung.18607@vngcorporati.vn,VNG Corporation,CTO,manufacturing,10,0938611876
Lê Thanh Khánh,le.thanh.khanh.18608@thacoindustr.vn,Thaco Industries,Kế toán trưởng,software,250,0326036141
Đặng Xuân An,dang.xuan.an.18609@cenland.vn,CenLand,Marketing Manager,education,1500,0908330116
Đặng Hữu Linh,dang.huu.linh.18610@vngcorporati.vn,VNG Corporation,Kế toán trưởng,education,25,0321437385
Phạm Thanh Hà,pham.thanh.ha.18611@vngcorporati.vn,VNG Corporation,Head of Finance,ecommerce,25,0912787734
Bùi Thị Quân,bui.thi.quan.18612@duytanplasti.vn,Duy Tan Plastics,Head of Finance,healthcare,500,0707763586
Dương Quang Mai,duong.quang.mai.18613@fptsoftware.vn,FPT Software,CTO,retail,1500,0960787546
Hồ Minh Tuấn,ho.minh.tuan.18614@gmail.com,Tiki,Head of Finance,manufacturing,500,0324467393
Hồ Đức Giang,ho.duc.giang.18615@vinamilk.vn,Vinamilk,CFO,fintech,120,0904002752
Võ Quang Nam,vo.quang.nam.18616@shopeevietna.vn,Shopee Vietnam,Product Manager,retail,250,0707360581
Vũ Văn Dũng,vu.van.dung.18617@cenland.vn,CenLand,Operations Manager,healthcare,1500,0860936737
Hoàng Thanh Mai,hoang.thanh.mai.18618@viettiengarm.vn,Viet Tien Garment,Head of Finance,retail,10,0354949295
Phạm Quang Sơn,pham.quang.son.18619@viettiengarm.vn,Viet Tien Garment,Sales Director,education,1500,0700752079
Lý Thanh Châu,ly.thanh.chau.18620@gmail.com,Tiki,Product Manager,retail,500,0937342661
Nguyễn Xuân Dũng,nguyen.xuan.dung.18621@shopeevietna.vn,Shopee Vietnam,Sales Director,ecommerce,120,0906607990
Hồ Đức Linh,ho.duc.linh.18622@gemadeptlogi.vn,Gemadept Logistics,Kế toán trưởng,software,500,0327281537
Lê Minh Quân,le.minh.quan.18623@kiotviet.vn,KiotViet,Kế toán trưởng,education,10,0902258379
Dương Thị Sơn,duong.thi.son.18624@gmail.com,PNJ,Head of Finance,healthcare,50,0917988793
Bùi Hồng Linh,bui.hong.linh.18625@tiki.vn,Tiki,Head of Finance,healthcare,500,0911311300
Phạm Hồng Oanh,pham.hong.oanh.18626@thacoindustr.vn,Thaco Industries,Sales Director,logistics,50,0913864916
Lê Ngọc Phúc,le.ngoc.phuc.18627@gmail.com,PNJ,Marketing Manager,education,250,0977643691
Lý Minh Giang,ly.minh.giang.18628@gmail.com,Shopee Vietnam,Product Manager,fintech,1500,0324568475
Đặng Quang Oanh,dang.quang.oanh.18629@cenland.vn,CenLand,Product Manager,education,250,0968474962
Đỗ Đức Trang,do.duc.trang.18630@pnj.vn,PNJ,Marketing Manager,fintech,1500,0907538731
Hoàng Đức Hùng,hoang.duc.hung.18631@shopeevietna.vn,Shopee Vietnam,Head of Finance,manufacturing,10,0354511551
Ngô Hồng Việt,ngo.hong.viet.18632@momo.vn,MoMo,CTO,manufacturing,1500,0866835140
Nguyễn Minh Oanh,nguyen.minh.oanh.18633@gemadeptlogi.vn,Gemadept Logistics,Sales Director,logistics,120,0700522302
Hồ Ngọc Tâm,ho.ngoc.tam.18634@vngcorporati.vn,VNG Corporation,Head of Finance,manufacturing,10,0866209407
Hoàng Xuân Châu,hoang.xuan.chau.18635@tiki.vn,Tiki,Product Manager,education,120,0901680581
Dương Xuân Bình,duong.xuan.binh.18636@vinmec.vn,Vinmec,Operations Manager,ecommerce,25,0935421428
Phan Thị Phúc,phan.thi.phuc.18637@gemadeptlogi.vn,Gemadept Logistics,Head of Finance,healthcare,10,0320102088
Phan Thị Bình,phan.thi.binh.18638@gemadeptlogi.vn,Gemadept Logistics,Kế toán trưởng,ecommerce,500,0960826003
Dương Thanh Mai,duong.thanh.mai.18639@gmail.com,Hoà Phát,Procurement Manager,retail,120,0357035271
Trần Thị Dũng,tran.thi.dung.18640@fptsoftware.vn,FPT Software,CEO,fintech,250,0911428954
Võ Xuân Bình,vo.xuan.binh.18641@thacoindustr.vn,Thaco Industries,Kế toán trưởng,logistics,25,0322165195
Đỗ Thị Bình,do.thi.binh.18642@shopeevietna.vn,Shopee Vietnam,Head of Finance,logistics,500,0969347304
Hồ Xuân Nam,ho.xuan.nam.18643@vinamilk.vn,Vinamilk,Sales Director,healthcare,250,0700173315
Hồ Minh Quân,ho.minh.quan.18644@gmail.com,Duy Tan Plastics,Sales Director,retail,1500,0964725666
Dương Minh Nam,duong.minh.nam.18645@gemadeptlogi.vn,Gemadept Logistics,Procurement Manager,retail,50,0939384614
Dương Hữu Tuấn,duong.huu.tuan.18646@tiki.vn,Tiki,CFO,retail,25,0868148248
Phạm Đức Dũng,pham.duc.dung.18647@viettiengarm.vn,Viet Tien Garment,Sales Director,ecommerce,120,0906071291
Lê Hồng Hùng,le.hong.hung.18648@tiki.vn,Tiki,CFO,software,25,0869378185
Trần Hồng Phúc,tran.hong.phuc.18649@vinmec.vn,Vinmec,Product Manager,logistics,50,0965404874
Trần Đức Bình,tran.duc.binh.18650@haravan.vn,Haravan,Operations Manager,manufacturing,1500,0705539258
Lý Xuân Mai,ly.xuan.mai.18651@gmail.com,Shopee Vietnam,CEO,fintech,50,0931858639
Vũ Hữu Sơn,vu.huu.son.18652@shopeevietna.vn,Shopee Vietnam,Product Manager,healthcare,1500,0351229597
Ngô Xuân Hà,ngo.xuan.ha.18653@cenland.vn,CenLand,Head of Finance,fintech,120,0320186380
Lê Đức Hùng,le.duc.hung.18654@kiotviet.vn,KiotViet,Marketing Manager,ecommerce,500,0937978573
Lê Minh Oanh,le.minh.oanh.18655@vinamilk.vn,Vinamilk,CTO,retail,250,0323924962
Lý Thị Tuấn,ly.thi.tuan.18656@vinamilk.vn,Vinamilk,Product Manager,manufacturing,50,0351479644
Võ Thanh Dũng,vo.thanh.dung.18657@gmail.com,Base.vn,Kế toán trưởng,manufacturing,10,0974708812
Lý Minh Việt,ly.minh.viet.18658@gmail.com,Vinmec,CEO,healthcare,10,0967834013
Nguyễn Thanh Tuấn,nguyen.thanh.tuan.18659@gmail.com,Tiki,Kế toán trưởng,healthcare,250,0708769195
Bùi Minh Châu,bui.minh.chau.18660@gmail.com,Thaco Industries,Sales Director,healthcare,50,0917329367
Nguyễn Xuân Giang,nguyen.xuan.giang.18661@gemadeptlogi.vn,Gemadept Logistics,Marketing Manager,retail,10,0915325894
Phạm Văn Hùng,pham.van.hung.18662@gmail.com,VNG Corporation,Marketing Manager,healthcare,250,0860098523
Trần Hồng Phúc,tran.hong.phuc.18663@basevn.vn,Base.vn,Product Manager,fintech,1500,0866369757
Phạm Hữu Bình,pham.huu.binh.18664@gmail.com,The Coffee House,CEO,logistics,1500,0910675259
Ngô Xuân Mai,ngo.xuan.mai.18665@pharmacity.vn,Pharmacity,Procurement Manager,software,10,0930639770
Bùi Thị Mai,bui.thi.mai.18666@pnj.vn,PNJ,CEO,manufacturing,250,0327422469
Lý Đức Hà,ly.duc.ha.18667@gmail.com,FPT Software,Operations Manager,software,10,0915693288
Bùi Quang Hùng,bui.quang.hung.18668@tiki.vn,Tiki,Head of Finance,logistics,50,0978257081
Bùi Đức Lan,bui.duc.lan.18669@gmail.com,VNG Corporation,Marketing Manager,fintech,1500,0861689168
Trần Văn Nam,tran.van.nam.18670@fptsoftware.vn,FPT Software,Sales Director,software,1500,0963521471
Dương Đức Phúc,duong.duc.phuc.18671@gmail.com,Base.vn,CFO,retail,10,0935820150
Phan Thanh An,phan.thanh.an.18672@vngcorporati.vn,VNG Corporation,CEO,software,250,0355931552
Vũ Văn Oanh,vu.van.oanh.18673@tiki.vn,Tiki,Sales Director,ecommerce,500,0705590706
Võ Thị Tuấn,vo.thi.tuan.18674@gmail.com,FPT Software,CTO,manufacturing,250,0701538329
Hoàng Hồng Trang,hoang.hong.trang.18675@vinmec.vn,Vinmec,Kế toán trưởng,manufacturing,250,0324564595
Đặng Hồng Hùng,dang.hong.hung.18676@vngcorporati.vn,VNG Corporation,Head of Finance,software,250,0356433752
Đặng Đức Nam,dang.duc.nam.18677@hoaphat.vn,Hoà Phát,CEO,manufacturing,120,0869221922
Nguyễn Hữu Oanh,nguyen.huu.oanh.18678@fptsoftware.vn,FPT Software,Sales Director,logistics,500,0357066743
Vũ Ngọc Dũng,vu.ngoc.dung.18679@topcv.vn,TopCV,Head of Finance,ecommerce,1500,0700506803
Lê Xuân Sơn,le.xuan.son.18680@pnj.vn,PNJ,Operations Manager,healthcare,120,0976846464
Vũ Minh Châu,vu.minh.chau.18681@fptsoftware.vn,FPT Software,Operations Manager,healthcare,500,0701974585
Phạm Hữu Mai,pham.huu.mai.18682@cenland.vn,CenLand,Operations Manager,ecommerce,250,0322195410
Hồ Xuân Tuấn,ho.xuan.tuan.18683@viettiengarm.vn,Viet Tien Garment,Kế toán trưởng,retail,25,0973087804
Dương Xuân Lan,duong.xuan.lan.18684@gemadeptlogi.vn,Gemadept Logistics,Operations Manager,education,500,0351395198
Bùi Minh Phúc,bui.minh.phuc.18685@gmail.com,VNG Corporation,Kế toán trưởng,software,1500,0963483013
Võ Đức Tuấn,vo.duc.tuan.18686@pnj.vn,PNJ,Marketing Manager,manufacturing,250,0860859744
Hồ Hữu Việt,ho.huu.viet.18687@hoaphat.vn,Hoà Phát,Procurement Manager,retail,250,0868015606
Hoàng Đức Phúc,hoang.duc.phuc.18688@viettiengarm.vn,Viet Tien Garment,Sales Director,ecommerce,1500,0973999370
Võ Xuân Dũng,vo.xuan.dung.18689@haravan.vn,Haravan,CEO,education,1500,0903700649
Hồ Xuân Quân,ho.xuan.quan.18690@vinamilk.vn,Vinamilk,CTO,fintech,120,0902783921
Vũ Quang Khánh,vu.quang.khanh.18691@kiotviet.vn,KiotViet,CFO,manufacturing,10,0901928973
Vũ Hồng Tuấn,vu.hong.tuan.18692@gmail.com,Duy Tan Plastics,Head of Finance,manufacturing,25,0358241821
Vũ Thị Nam,vu.thi.nam.18693@gmail.com,Hoà Phát,Kế toán trưởng,education,120,0322775021
Đặng Quang Hùng,dang.quang.hung.18694@gmail.com,FPT Software,CEO,education,1500,0962493227
Lê Quang Sơn,le.quang.son.18695@vngcorporati.vn,VNG Corporation,Head of Finance,logistics,500,0703572676
Lý Văn Khánh,ly.van.khanh.18696@thecoffeehou.vn,The Coffee House,Product Manager,ecommerce,250,0960381943
Đỗ Ngọc An,do.ngoc.an.18697@gmail.com,KiotViet,Marketing Manager,manufacturing,120,0321220446
Nguyễn Quang Phúc,nguyen.quang.phuc.18698@hoaphat.vn,Hoà Phát,Kế toán trưởng,education,10,0935619158
Dương Thanh Bình,duong.thanh.binh.18699@gmail.com,TopCV,Sales Director,healthcare,120,0325404493
Vũ Văn Hà,vu.van.ha.18700@gmail.com,TopCV,Marketing Manager,healthcare,1500,0918152496
Dương Quang Quân,duong.quang.quan.18701@gmail.com,VNG Corporation,Kế toán trưởng,healthcare,500,0864576533
Nguyễn Quang Trang,nguyen.quang.trang.18702@thecoffeehou.vn,The Coffee House,CEO,healthcare,250,0868107724
Hoàng Thị Linh,hoang.thi.linh.18703@gemadeptlogi.vn,Gemadept Logistics,Procurement Manager,software,250,0916521863
Vũ Đức Linh,vu.duc.linh.18704@gmail.com,Hoà Phát,CEO,logistics,120,0868842203
Ngô Xuân Nam,ngo.xuan.nam.18705@basevn.vn,Base.vn,Head of Finance,retail,10,0703246791
Nguyễn Minh Tuấn,nguyen.minh.tuan.18706@gmail.com,Tiki,CTO,software,120,0707283653
Vũ Hữu Hùng,vu.huu.hung.18707@shopeevietna.vn,Shopee Vietnam,Kế toán trưởng,education,10,0350215962
Dương Đức Trang,duong.duc.trang.18708@pnj.vn,PNJ,Kế toán trưởng,fintech,120,0356373315
Đỗ Ngọc Oanh,do.ngoc.oanh.18709@gmail.com,Pharmacity,CFO,healthcare,25,0939463778
Lý Thị Nam,ly.thi.nam.18710@gmail.com,Hoà Phát,CFO,software,120,0906435998
Vũ Minh Tuấn,vu.minh.tuan.18711@gmail.com,TopCV,CTO,software,50,0938821337
Phạm Đức Việt,pham.duc.viet.18712@gmail.com,The Coffee House,Procurement Manager,retail,25,0703163015
Võ Ngọc Quân,vo.ngoc.quan.18713@kiotviet.vn,KiotViet,Sales Director,education,25,0963600937
Đặng Xuân Oanh,dang.xuan.oanh.18714@basevn.vn,Base.vn,Marketing Manager,fintech,50,0862201669
Bùi Thị Phúc,bui.thi.phuc.18715@gmail.com,MoMo,CEO,logistics,1500,0867848423
Bùi Xuân Sơn,bui.xuan.son.18716@thacoindustr.vn,Thaco Industries,Operations Manager,logistics,500,0969951173
Phạm Ngọc Oanh,pham.ngoc.oanh.18717@vinmec.vn,Vinmec,CEO,software,250,0915280960
Phạm Quang Bình,pham.quang.binh.18718@fptsoftware.vn,FPT Software,CEO,education,1500,0917965699
Phạm Đức Phúc,pham.duc.phuc.18719@duytanplasti.vn,Duy Tan Plastics,Kế toán trưởng,healthcare,500,0937541172
Trần Văn Mai,tran.van.mai.18720@gmail.com,Vinmec,Product Manager,software,50,0916039587
Dương Ngọc Dũng,duong.ngoc.dung.18721@gmail.com,TopCV,Product Manager,healthcare,10,0862570347
Hoàng Văn Oanh,hoang.van.oanh.18722@haravan.vn,Haravan,CTO,software,250,0868304009
Vũ Xuân An,vu.xuan.an.18723@gemadeptlogi.vn,Gemadept Logistics,Kế toán trưởng,retail,25,0906193516
Đỗ Thị Sơn,do.thi.son.18724@kiotviet.vn,KiotViet,CEO,healthcare,10,0935911240
Hồ Minh An,ho.minh.an.18725@duytanplasti.vn,Duy Tan Plastics,Head of Finance,fintech,1500,0915810255
Ngô Thị Châu,ngo.thi.chau.18726@pnj.vn,PNJ,CFO,software,250,0354538313
Đặng Đức Lan,dang.duc.lan.18727@tiki.vn,Tiki,Product Manager,manufacturing,250,0325771904
Phan Thị An,phan.thi.an.18728@kiotviet.vn,KiotViet,Operations Manager,software,1500,0860463793
Đặng Văn Việt,dang.van.viet.18729@gmail.com,Tiki,Marketing Manager,manufacturing,25,0901574504
Vũ Thị Sơn,vu.thi.son.18730@gmail.com,Pharmacity,Product Manager,software,1500,0329972132
Vũ Văn Việt,vu.van.viet.18731@gmail.com,Base.vn,Head of Finance,healthcare,120,0869507864
Trần Ngọc Việt,tran.ngoc.viet.18732@gmail.com,TopCV,Kế toán trưởng,ecommerce,250,0916065921
Hoàng Văn Sơn,hoang.van.son.18733@gmail.com,Thaco Industries,Sales Director,healthcare,25,0350755159
Trần Văn Giang,tran.van.giang.18734@duytanplasti.vn,Duy Tan Plastics,Head of Finance,manufacturing,250,0977956586
Ngô Thị Bình,ngo.thi.binh.18735@momo.vn,MoMo,Sales Director,logistics,1500,0917369296
Ngô Hữu Tâm,ngo.huu.tam.18736@momo.vn,MoMo,CTO,software,1500,0906970416
Đỗ Văn Trang,do.van.trang.18737@gmail.com,Thaco Industries,Marketing Manager,retail,250,0938826215
Nguyễn Xuân Oanh,nguyen.xuan.oanh.18738@kiotviet.vn,KiotViet,CFO,logistics,10,0917885837
Nguyễn Minh Việt,nguyen.minh.viet.18739@vngcorporati.vn,VNG Corporation,Sales Director,education,120,0351384830
Phan Thị Lan,phan.thi.lan.18740@fptsoftware.vn,FPT Software,Operations Manager,fintech,25,0932876230
Bùi Thị Oanh,bui.thi.oanh.18741@fptsoftware.vn,FPT Software,CEO,retail,10,0908268526
Đặng Quang Hà,dang.quang.ha.18742@gmail.com,Hoà Phát,Procurement Manager,retail,50,0866201183
Ngô Văn Quân,ngo.van.quan.18743@pnj.vn,PNJ,CFO,software,120,0703936472
Lê Hồng Lan,le.hong.lan.18744@gmail.com,Pharmacity,CFO,software,500,0917089654
Dương Thanh Tuấn,duong.thanh.tuan.18745@thacoindustr.vn,Thaco Industries,CFO,logistics,25,0934291316
Lê Minh Hùng,le.minh.hung.18746@fptsoftware.vn,FPT Software,Procurement Manager,retail,50,0966447107
Phạm Quang Quân,pham.quang.quan.18747@viettiengarm.vn,Viet Tien Garment,Marketing Manager,healthcare,250,0911719698
Vũ Ngọc Bình,vu.ngoc.binh.18748@viettiengarm.vn,Viet Tien Garment,Head of Finance,education,50,0932258958
Phan Xuân Oanh,phan.xuan.oanh.18749@vinamilk.vn,Vinamilk,Product Manager,manufacturing,120,0702013797
Đặng Đức Quân,dang.duc.quan.18750@gmail.com,Hoà Phát,Operations Manager,retail,1500,0973979062
Đặng Xuân Nam,dang.xuan.nam.18751@gmail.com,Duy Tan Plastics,Procurement Manager,healthcare,500,0868717441
Bùi Hồng Việt,bui.hong.viet.18752@kiotviet.vn,KiotViet,Operations Manager,retail,120,0359228224
Nguyễn Xuân Oanh,nguyen.xuan.oanh.18753@vinmec.vn,Vinmec,Kế toán trưởng,retail,50,0354033516
Phạm Văn An,pham.van.an.18754@gmail.com,Pharmacity,Kế toán trưởng,logistics,1500,0320170651
Vũ Đức Linh,vu.duc.linh.18755@gemadeptlogi.vn,Gemadept Logistics,Kế toán trưởng,ecommerce,120,0353549768
Hoàng Hồng Quân,hoang.hong.quan.18756@gmail.com,TopCV,CTO,retail,250,0356732836
Ngô Thanh Mai,ngo.thanh.mai.18757@fptsoftware.vn,FPT Software,Sales Director,education,50,0916739994
Nguyễn Ngọc Khánh,nguyen.ngoc.khanh.18758@vinmec.vn,Vinmec,CEO,education,10,0968686935
Lý Thị Bình,ly.thi.binh.18759@vinmec.vn,Vinmec,Operations Manager,education,250,0977043597
Phạm Xuân Giang,pham.xuan.giang.18760@basevn.vn,Base.vn,Product Manager,healthcare,250,0970719339
Phan Hữu Lan,phan.huu.lan.18761@gmail.com,Hoà Phát,Kế toán trưởng,retail,10,0351774339
Vũ Quang Bình,vu.quang.binh.18762@pharmacity.vn,Pharmacity,Sales Director,ecommerce,25,0325983054
Võ Quang Châu,vo.quang.chau.18763@gmail.com,PNJ,CTO,retail,500,0910474273
Trần Văn Bình,tran.van.binh.18764@kiotviet.vn,KiotViet,Operations Manager,ecommerce,120,0869016365
Dương Văn Việt,duong.van.viet.18765@haravan.vn,Haravan,Product Manager,education,500,0970276980
Lý Ngọc Mai,ly.ngoc.mai.18766@topcv.vn,TopCV,CFO,fintech,10,0705808209
Lê Hồng Tuấn,le.hong.tuan.18767@duytanplasti.vn,Duy Tan Plastics,Procurement Manager,software,500,0865784939
Bùi Ngọc Oanh,bui.ngoc.oanh.18768@topcv.vn,TopCV,Kế toán trưởng,healthcare,250,0869443482
Dương Thanh Tâm,duong.thanh.tam.18769@gmail.com,Hoà Phát,Marketing Manager,ecommerce,1500,0356307053
Ngô Đức Sơn,ngo.duc.son.18770@hoaphat.vn,Hoà Phát,CFO,healthcare,250,0867469695
Lê Hồng Bình,le.hong.binh.18771@topcv.vn,TopCV,Sales Director,healthcare,10,0962995267
Đỗ Ngọc Linh,do.ngoc.linh.18772@cenland.vn,CenLand,Marketing Manager,retail,1500,0705011606
Lê Hữu Phúc,le.huu.phuc.18773@pharmacity.vn,Pharmacity,CEO,fintech,10,0862642132
Phạm Minh Bình,pham.minh.binh.18774@haravan.vn,Haravan,Product Manager,retail,50,0916884579
Dương Thanh Dũng,duong.thanh.dung.18775@haravan.vn,Haravan,CFO,healthcare,50,0354684792
Hoàng Xuân Dũng,hoang.xuan.dung.18776@vinamilk.vn,Vinamilk,Product Manager,retail,50,0865375305
Lê Xuân Hà,le.xuan.ha.18777@pharmacity.vn,Pharmacity,Operations Manager,software,120,0709129131
Hồ Ngọc Oanh,ho.ngoc.oanh.18778@cenland.vn,CenLand,CTO,manufacturing,500,0350000245
Hoàng Quang Nam,hoang.quang.nam.18779@gmail.com,Thaco Industries,Procurement Manager,ecommerce,10,0907490174
Vũ Văn Dũng,vu.van.dung.18780@thacoindustr.vn,Thaco Industries,Marketing Manager,software,120,0902011203
Hồ Hữu Giang,ho.huu.giang.18781@gmail.com,VNG Corporation,Marketing Manager,ecommerce,120,0358614146
Lý Thanh Việt,ly.thanh.viet.18782@basevn.vn,Base.vn,Operations Manager,ecommerce,250,0965776323
Hồ Hữu Mai,ho.huu.mai.18783@gemadeptlogi.vn,Gemadept Logistics,Head of Finance,retail,1500,0357242217
Lê Xuân Hùng,le.xuan.hung.18784@shopeevietna.vn,Shopee Vietnam,CEO,manufacturing,120,0702027763
Phan Hồng Lan,phan.hong.lan.18785@gmail.com,MoMo,CFO,manufacturing,250,0978852733
Đặng Đức Dũng,dang.duc.dung.18786@momo.vn,MoMo,CEO,logistics,50,0908946782
Lý Thị Tâm,ly.thi.tam.18787@pharmacity.vn,Pharmacity,CFO,logistics,500,0962256710
Nguyễn Thanh Trang,nguyen.thanh.trang.18788@kiotviet.vn,KiotViet,CEO,fintech,25,0909920243
Vũ Quang Tâm,vu.quang.tam.18789@fptsoftware.vn,FPT Software,Sales Director,software,25,0931526546
Phan Đức Việt,phan.duc.viet.18790@fptsoftware.vn,FPT Software,Procurement Manager,healthcare,120,0354771865
Lê Đức Quân,le.duc.quan.18791@fptsoftware.vn,FPT Software,Procurement Manager,education,120,0862855614
Lý Hữu Mai,ly.huu.mai.18792@shopeevietna.vn,Shopee Vietnam,Head of Finance,retail,1500,0705422702
Lê Hữu Việt,le.huu.viet.18793@haravan.vn,Haravan,Marketing Manager,software,1500,0909964436
Trần Hồng Phúc,tran.hong.phuc.18794@basevn.vn,Base.vn,Operations Manager,ecommerce,500,0863142540
Hoàng Ngọc Dũng,hoang.ngoc.dung.18795@vngcorporati.vn,VNG Corporation,Product Manager,healthcare,250,0915581166
Bùi Quang Hà,bui.quang.ha.18796@pharmacity.vn,Pharmacity,Kế toán trưởng,software,120,0902319965
Lý Hồng Lan,ly.hong.lan.18797@thacoindustr.vn,Thaco Industries,Sales Director,ecommerce,10,0903330659
Hoàng Hồng Linh,hoang.hong.linh.18798@gmail.com,Shopee Vietnam,Procurement Manager,education,1500,0353194376
Đỗ Quang Oanh,do.quang.oanh.18799@gmail.com,TopCV,Procurement Manager,ecommerce,1500,0357334922
Nguyễn Thị Linh,nguyen.thi.linh.18800@gmail.com,Vinmec,CFO,ecommerce,500,0705745894
Phan Thị Khánh,phan.thi.khanh.18801@gmail.com,Viet Tien Garment,Operations Manager,software,1500,0705509313
Bùi Xuân Hùng,bui.xuan.hung.18802@basevn.vn,Base.vn,Operations Manager,healthcare,1500,0860961580
Võ Hữu Oanh,vo.huu.oanh.18803@gemadeptlogi.vn,Gemadept Logistics,Product Manager,ecommerce,500,0354529506
Vũ Hồng Dũng,vu.hong.dung.18804@gmail.com,Pharmacity,Marketing Manager,manufacturing,250,0969114343
Lê Hữu Tâm,le.huu.tam.18805@thacoindustr.vn,Thaco Industries,Kế toán trưởng,software,500,0703253317
Nguyễn Xuân Dũng,nguyen.xuan.dung.18806@vngcorporati.vn,VNG Corporation,Marketing Manager,healthcare,50,0902994427
Trần Xuân An,tran.xuan.an.18807@cenland.vn,CenLand,CTO,ecommerce,250,0977651373
Đỗ Hồng Linh,do.hong.linh.18808@gmail.com,FPT Software,CEO,manufacturing,500,0963314578
Lê Ngọc Linh,le.ngoc.linh.18809@gmail.com,Duy Tan Plastics,Head of Finance,logistics,50,0706736422
Nguyễn Xuân Hùng,nguyen.xuan.hung.18810@vngcorporati.vn,VNG Corporation,CFO,software,250,0901401327
Đặng Hữu Bình,dang.huu.binh.18811@gmail.com,Duy Tan Plastics,Marketing Manager,healthcare,120,0916280629
Hồ Văn Châu,ho.van.chau.18812@gmail.com,Viet Tien Garment,Sales Director,manufacturing,10,0962396387
Hồ Thị Oanh,ho.thi.oanh.18813@shopeevietna.vn,Shopee Vietnam,Product Manager,ecommerce,120,0939959407
Phạm Hữu Trang,pham.huu.trang.18814@thecoffeehou.vn,The Coffee House,Product Manager,manufacturing,500,0914898890
Hồ Đức An,ho.duc.an.18815@pnj.vn,PNJ,CFO,healthcare,50,0328439718
Đỗ Ngọc Linh,do.ngoc.linh.18816@gmail.com,Pharmacity,Procurement Manager,education,250,0905162979
Bùi Hồng Lan,bui.hong.lan.18817@vinamilk.vn,Vinamilk,Procurement Manager,software,250,0321205512
Lê Đức Hà,le.duc.ha.18818@basevn.vn,Base.vn,CTO,manufacturing,25,0356046123
Vũ Quang Mai,vu.quang.mai.18819@gemadeptlogi.vn,Gemadept Logistics,Sales Director,manufacturing,120,0866740848
Dương Thanh Hùng,duong.thanh.hung.18820@basevn.vn,Base.vn,Kế toán trưởng,manufacturing,500,0324441683
Vũ Văn An,vu.van.an.18821@duytanplasti.vn,Duy Tan Plastics,Head of Finance,retail,1500,0860711254
Hồ Ngọc Dũng,ho.ngoc.dung.18822@thecoffeehou.vn,The Coffee House,Head of Finance,education,25,0918666028
Nguyễn Minh Lan,nguyen.minh.lan.18823@basevn.vn,Base.vn,Operations Manager,software,250,0704312313
Võ Đức Trang,vo.duc.trang.18824@gmail.com,CenLand,Kế toán trưởng,fintech,500,0329967235
Hoàng Ngọc Hùng,hoang.ngoc.hung.18825@hoaphat.vn,Hoà Phát,Marketing Manager,logistics,120,0357619833
Ngô Minh Quân,ngo.minh.quan.18826@vinamilk.vn,Vinamilk,Operations Manager,logistics,50,0934541840
Nguyễn Xuân Bình,nguyen.xuan.binh.18827@fptsoftware.vn,FPT Software,Procurement Manager,logistics,10,0909823275
Lê Văn An,le.van.an.18828@gmail.com,VNG Corporation,CEO,fintech,500,0904414501
Dương Thanh Khánh,duong.thanh.khanh.18829@gmail.com,Vinmec,Marketing Manager,education,250,0358775555
Trần Xuân Phúc,tran.xuan.phuc.18830@basevn.vn,Base.vn,Operations Manager,healthcare,500,0931103196
Hoàng Hữu Mai,hoang.huu.mai.18831@shopeevietna.vn,Shopee Vietnam,Sales Director,education,250,0933112469
Phạm Hữu Châu,pham.huu.chau.18832@thacoindustr.vn,Thaco Industries,CEO,logistics,500,0869553456
Phan Xuân Trang,phan.xuan.trang.18833@haravan.vn,Haravan,Marketing Manager,manufacturing,1500,0910044412
Đặng Thị Oanh,dang.thi.oanh.18834@kiotviet.vn,KiotViet,Marketing Manager,retail,50,0708128996
Trần Hồng Dũng,tran.hong.dung.18835@pharmacity.vn,Pharmacity,CEO,education,25,0932229529
Lê Thị An,le.thi.an.18836@haravan.vn,Haravan,CFO,software,500,0860806399
Lê Đức Dũng,le.duc.dung.18837@gmail.com,Thaco Industries,Procurement Manager,manufacturing,10,0930395832
Lê Hữu Quân,le.huu.quan.18838@duytanplasti.vn,Duy Tan Plastics,Operations Manager,retail,250,0354956405
Lê Ngọc Hà,le.ngoc.ha.18839@thacoindustr.vn,Thaco Industries,Marketing Manager,logistics,250,0357208402
Lý Ngọc Khánh,ly.ngoc.khanh.18840@kiotviet.vn,KiotViet,CEO,healthcare,1500,0972044350
Võ Văn Lan,vo.van.lan.18841@viettiengarm.vn,Viet Tien Garment,Procurement Manager,logistics,10,0327091556
Hoàng Quang Tuấn,hoang.quang.tuan.18842@tiki.vn,Tiki,Operations Manager,software,120,0909567926
Hồ Ngọc Dũng,ho.ngoc.dung.18843@kiotviet.vn,KiotViet,Procurement Manager,education,250,0358203390
Nguyễn Minh An,nguyen.minh.an.18844@gmail.com,FPT Software,Sales Director,retail,120,0914590353
Dương Văn Việt,duong.van.viet.18845@gmail.com,Viet Tien Garment,Operations Manager,software,250,0326843517
Phan Hồng Lan,phan.hong.lan.18846@vngcorporati.vn,VNG Corporation,Kế toán trưởng,healthcare,120,0351802023
Đặng Thị Dũng,dang.thi.dung.18847@cenland.vn,CenLand,Marketing Manager,software,250,0357891216
Đặng Ngọc Trang,dang.ngoc.trang.18848@pharmacity.vn,Pharmacity,Sales Director,education,10,0358719417
Đỗ Quang Nam,do.quang.nam.18849@tiki.vn,Tiki,Kế toán trưởng,manufacturing,10,0967109146
Phạm Ngọc Nam,pham.ngoc.nam.18850@topcv.vn,TopCV,Operations Manager,healthcare,10,0914436267
Võ Hữu An,vo.huu.an.18851@pnj.vn,PNJ,Marketing Manager,software,500,0704745408
Đặng Hữu Việt,dang.huu.viet.18852@basevn.vn,Base.vn,Product Manager,software,120,0864276292
Nguyễn Hữu An,nguyen.huu.an.18853@viettiengarm.vn,Viet Tien Garment,Marketing Manager,education,10,0919558780
Dương Quang Mai,duong.quang.mai.18854@gmail.com,Tiki,Product Manager,ecommerce,25,0702963591
Trần Thị Hùng,tran.thi.hung.18855@gmail.com,Gemadept Logistics,Kế toán trưởng,healthcare,1500,0976228555
Võ Minh Trang,vo.minh.trang.18856@cenland.vn,CenLand,Operations Manager,logistics,500,0356264967
Lê Thanh Sơn,le.thanh.son.18857@gmail.com,Hoà Phát,Marketing Manager,fintech,25,0974559906
Phan Thị Tâm,phan.thi.tam.18858@haravan.vn,Haravan,Marketing Manager,logistics,250,0909738682
Phạm Thanh Tuấn,pham.thanh.tuan.18859@gmail.com,MoMo,Product Manager,healthcare,1500,0919308394
Dương Quang Nam,duong.quang.nam.18860@pharmacity.vn,Pharmacity,Sales Director,fintech,250,0930435561
Lý Xuân Châu,ly.xuan.chau.18861@shopeevietna.vn,Shopee Vietnam,Head of Finance,education,500,0704589262
Hồ Minh Linh,ho.minh.linh.18862@vngcorporati.vn,VNG Corporation,Product Manager,retail,50,0962910202
Đặng Hữu Mai,dang.huu.mai.18863@cenland.vn,CenLand,CEO,education,1500,0706911819
Nguyễn Hồng Lan,nguyen.hong.lan.18864@cenland.vn,CenLand,Sales Director,retail,250,0919447069
Ngô Thanh Hà,ngo.thanh.ha.18865@fptsoftware.vn,FPT Software,Operations Manager,ecommerce,120,0709248506
Hồ Quang Oanh,ho.quang.oanh.18866@viettiengarm.vn,Viet Tien Garment,CEO,education,25,0868458495
Hoàng Thị An,hoang.thi.an.18867@kiotviet.vn,KiotViet,Kế toán trưởng,education,25,0937108438
Lý Văn Tâm,ly.van.tam.18868@gmail.com,Tiki,Kế toán trưởng,fintech,50,0961492255
Vũ Hữu Dũng,vu.huu.dung.18869@fptsoftware.vn,FPT Software,Marketing Manager,retail,10,0354416586
Dương Đức Châu,duong.duc.chau.18870@fptsoftware.vn,FPT Software,Product Manager,logistics,120,0918874342
Vũ Hữu Trang,vu.huu.trang.18871@pnj.vn,PNJ,Kế toán trưởng,manufacturing,25,0973282400
Nguyễn Đức Hùng,nguyen.duc.hung.18872@viettiengarm.vn,Viet Tien Garment,CEO,ecommerce,50,0325532045
Hồ Đức Giang,ho.duc.giang.18873@pnj.vn,PNJ,Procurement Manager,fintech,1500,0905991294
Đỗ Xuân Châu,do.xuan.chau.18874@pnj.vn,PNJ,Kế toán trưởng,ecommerce,25,0931760218
Hồ Văn Khánh,ho.van.khanh.18875@viettiengarm.vn,Viet Tien Garment,Product Manager,fintech,25,0978761637
Phạm Ngọc Khánh,pham.ngoc.khanh.18876@viettiengarm.vn,Viet Tien Garment,Procurement Manager,manufacturing,25,0352935707
Trần Hữu Oanh,tran.huu.oanh.18877@fptsoftware.vn,FPT Software,Head of Finance,retail,120,0968469744
Lê Quang Châu,le.quang.chau.18878@pharmacity.vn,Pharmacity,Marketing Manager,fintech,250,0350084602
Vũ Quang Khánh,vu.quang.khanh.18879@basevn.vn,Base.vn,Product Manager,ecommerce,1500,0962806753
Hoàng Văn Mai,hoang.van.mai.18880@tiki.vn,Tiki,Kế toán trưởng,education,500,0938679952
Hoàng Quang Tuấn,hoang.quang.tuan.18881@thecoffeehou.vn,The Coffee House,CTO,retail,50,0978090783
Nguyễn Minh Khánh,nguyen.minh.khanh.18882@gmail.com,TopCV,Marketing Manager,logistics,10,0917337001
Vũ Minh Bình,vu.minh.binh.18883@gmail.com,Pharmacity,CFO,retail,120,0906328861
Lê Minh Quân,le.minh.quan.18884@gmail.com,Viet Tien Garment,Procurement Manager,ecommerce,500,0701766375
Võ Xuân Tâm,vo.xuan.tam.18885@gmail.com,Thaco Industries,Head of Finance,education,1500,0903276320
Ngô Văn Bình,ngo.van.binh.18886@vinmec.vn,Vinmec,Operations Manager,ecommerce,250,0901725849
Trần Thanh Tuấn,tran.thanh.tuan.18887@kiotviet.vn,KiotViet,Kế toán trưởng,education,500,0918323826
Đỗ Xuân Nam,do.xuan.nam.18888@vngcorporati.vn,VNG Corporation,Procurement Manager,logistics,500,0704529096
Nguyễn Hồng Tâm,nguyen.hong.tam.18889@gmail.com,Base.vn,Marketing Manager,manufacturing,25,0322094734
Lê Đức Châu,le.duc.chau.18890@vinamilk.vn,Vinamilk,Operations Manager,ecommerce,25,0971051618
Ngô Hữu Hà,ngo.huu.ha.18891@kiotviet.vn,KiotViet,CEO,manufacturing,25,0919964954
Đỗ Hữu Quân,do.huu.quan.18892@cenland.vn,CenLand,Sales Director,retail,250,0321760372
Phạm Hữu Lan,pham.huu.lan.18893@vinamilk.vn,Vinamilk,CEO,education,500,0906927139
Võ Hữu Tâm,vo.huu.tam.18894@hoaphat.vn,Hoà Phát,Product Manager,ecommerce,10,0358438487
Bùi Hồng Hùng,bui.hong.hung.18895@gmail.com,KiotViet,CEO,fintech,1500,0934933192
Ngô Hồng Dũng,ngo.hong.dung.18896@hoaphat.vn,Hoà Phát,Sales Director,education,25,0939860810
Bùi Ngọc Tâm,bui.ngoc.tam.18897@pnj.vn,PNJ,Operations Manager,ecommerce,25,0972267166
Phan Hồng Trang,phan.hong.trang.18898@haravan.vn,Haravan,Kế toán trưởng,education,10,0967918975
Võ Đức Bình,vo.duc.binh.18899@gmail.com,The Coffee House,CTO,manufacturing,500,0969066223
Vũ Thị Trang,vu.thi.trang.18900@gemadeptlogi.vn,Gemadept Logistics,Head of Finance,education,50,0352149688
Dương Đức Lan,duong.duc.lan.18901@gmail.com,KiotViet,Procurement Manager,retail,1500,0967348469
Hồ Hồng Dũng,ho.hong.dung.18902@gmail.com,FPT Software,Sales Director,healthcare,50,0351386064
Võ Ngọc Oanh,vo.ngoc.oanh.18903@shopeevietna.vn,Shopee Vietnam,Kế toán trưởng,software,50,0973152216
Phạm Hữu Dũng,pham.huu.dung.18904@gmail.com,Base.vn,Marketing Manager,fintech,25,0358244718
Dương Quang Linh,duong.quang.linh.18905@basevn.vn,Base.vn,Product Manager,retail,250,0327644816
Dương Xuân Tâm,duong.xuan.tam.18906@momo.vn,MoMo,Sales Director,logistics,1500,0866166375
Bùi Hữu Linh,bui.huu.linh.18907@tiki.vn,Tiki,CTO,software,500,0976315448
Nguyễn Đức Oanh,nguyen.duc.oanh.18908@basevn.vn,Base.vn,Product Manager,logistics,120,0975813808
Đặng Đức Việt,dang.duc.viet.18909@gmail.com,CenLand,Operations Manager,software,10,0966440832
Nguyễn Ngọc Trang,nguyen.ngoc.trang.18910@thecoffeehou.vn,The Coffee House,Head of Finance,retail,50,0865469979
Hồ Thị Trang,ho.thi.trang.18911@basevn.vn,Base.vn,Head of Finance,healthcare,120,0701104340
Nguyễn Đức Phúc,nguyen.duc.phuc.18912@pharmacity.vn,Pharmacity,Marketing Manager,logistics,25,0701648542
Đỗ Hồng Giang,do.hong.giang.18913@duytanplasti.vn,Duy Tan Plastics,CTO,education,500,0971516942
Đặng Thị Mai,dang.thi.mai.18914@thacoindustr.vn,Thaco Industries,Head of Finance,fintech,250,0918260034
Dương Xuân Bình,duong.xuan.binh.18915@gmail.com,CenLand,Product Manager,manufacturing,500,0324118737
Ngô Văn Mai,ngo.van.mai.18916@shopeevietna.vn,Shopee Vietnam,Marketing Manager,education,1500,0974080420
Phạm Hồng Sơn,pham.hong.son.18917@gmail.com,MoMo,Operations Manager,software,10,0916775169
Dương Văn Trang,duong.van.trang.18918@gmail.com,Vinmec,Marketing Manager,healthcare,1500,0708141884
Võ Xuân Hùng,vo.xuan.hung.18919@gmail.com,Vinamilk,Kế toán trưởng,manufacturing,50,0351889306
Lê Xuân Oanh,le.xuan.oanh.18920@basevn.vn,Base.vn,CFO,software,10,0968971468
Hồ Quang Linh,ho.quang.linh.18921@gmail.com,KiotViet,CEO,retail,120,0701182147
Lê Hồng Phúc,le.hong.phuc.18922@fptsoftware.vn,FPT Software,Procurement Manager,fintech,50,0866297662
Vũ Ngọc Nam,vu.ngoc.nam.18923@viettiengarm.vn,Viet Tien Garment,Marketing Manager,healthcare,250,0328241224
Bùi Quang Trang,bui.quang.trang.18924@gmail.com,MoMo,CTO,fintech,25,0704568315
Bùi Quang Tâm,bui.quang.tam.18925@gmail.com,Haravan,Head of Finance,ecommerce,250,0964334223
Dương Đức Lan,duong.duc.lan.18926@gmail.com,Pharmacity,Head of Finance,logistics,120,0938816976
Phạm Hữu Dũng,pham.huu.dung.18927@topcv.vn,TopCV,Operations Manager,retail,120,0355080656
Phạm Thị Hùng,pham.thi.hung.18928@pharmacity.vn,Pharmacity,Sales Director,retail,500,0965907221
Vũ Hồng Châu,vu.hong.chau.18929@kiotviet.vn,KiotViet,Marketing Manager,manufacturing,250,0861177711
Vũ Hữu Mai,vu.huu.mai.18930@gmail.com,Thaco Industries,Marketing Manager,retail,25,0912232657
Đặng Thanh Phúc,dang.thanh.phuc.18931@vinamilk.vn,Vinamilk,CEO,software,500,0326270407
Ngô Hữu Châu,ngo.huu.chau.18932@vngcorporati.vn,VNG Corporation,Head of Finance,healthcare,500,0907048780
Dương Thanh Nam,duong.thanh.nam.18933@viettiengarm.vn,Viet Tien Garment,CTO,ecommerce,250,0320861101
Nguyễn Văn Việt,nguyen.van.viet.18934@thacoindustr.vn,Thaco Industries,Head of Finance,manufacturing,120,0320104198
Đỗ Ngọc Dũng,do.ngoc.dung.18935@topcv.vn,TopCV,CTO,manufacturing,1500,0934361797
Lý Hữu Sơn,ly.huu.son.18936@gemadeptlogi.vn,Gemadept Logistics,CFO,healthcare,50,0938985335
Nguyễn Thanh Giang,nguyen.thanh.giang.18937@shopeevietna.vn,Shopee Vietnam,Kế toán trưởng,retail,250,0931050125
Nguyễn Đức Phúc,nguyen.duc.phuc.18938@gmail.com,Pharmacity,Head of Finance,education,250,0358385077
Hồ Văn Mai,ho.van.mai.18939@gmail.com,Vinamilk,Kế toán trưởng,ecommerce,25,0329890493
Phan Quang Trang,phan.quang.trang.18940@topcv.vn,TopCV,CFO,fintech,1500,0905537198
Lý Thanh Việt,ly.thanh.viet.18941@fptsoftware.vn,FPT Software,Sales Director,ecommerce,120,0939085139
Phạm Hồng Tuấn,pham.hong.tuan.18942@gmail.com,Base.vn,Sales Director,education,120,0707753817
Trần Xuân Bình,tran.xuan.binh.18943@gmail.com,FPT Software,Operations Manager,manufacturing,10,0900239334
Lê Minh Việt,le.minh.viet.18944@vngcorporati.vn,VNG Corporation,Marketing Manager,retail,1500,0869835434
Trần Thị Lan,tran.thi.lan.18945@gmail.com,Shopee Vietnam,CEO,healthcare,120,0707128524
Trần Quang Oanh,tran.quang.oanh.18946@hoaphat.vn,Hoà Phát,Procurement Manager,fintech,250,0864810224
Trần Minh Hùng,tran.minh.hung.18947@gemadeptlogi.vn,Gemadept Logistics,Operations Manager,ecommerce,120,0975864136
Phạm Xuân Mai,pham.xuan.mai.18948@thacoindustr.vn,Thaco Industries,CFO,fintech,500,0861418269
Đặng Đức Quân,dang.duc.quan.18949@gmail.com,Pharmacity,CFO,healthcare,120,0320835151
Phan Đức An,phan.duc.an.18950@fptsoftware.vn,FPT Software,Procurement Manager,manufacturing,500,0706097444
Lý Hữu An,ly.huu.an.18951@duytanplasti.vn,Duy Tan Plastics,Product Manager,logistics,1500,0901955266
Võ Văn Hà,vo.van.ha.18952@gmail.com,Haravan,Sales Director,software,50,0967950564
Trần Thị Dũng,tran.thi.dung.18953@gmail.com,Viet Tien Garment,Operations Manager,software,50,0918467874
Lê Xuân Trang,le.xuan.trang.18954@hoaphat.vn,Hoà Phát,CFO,manufacturing,10,0975549386
Dương Ngọc Nam,duong.ngoc.nam.18955@gmail.com,Haravan,CEO,fintech,250,0978419527
Vũ Đức Tâm,vu.duc.tam.18956@thacoindustr.vn,Thaco Industries,Head of Finance,fintech,50,0353613229
Lý Đức Tuấn,ly.duc.tuan.18957@vngcorporati.vn,VNG Corporation,Procurement Manager,retail,25,0705172263
Trần Đức Quân,tran.duc.quan.18958@pnj.vn,PNJ,Kế toán trưởng,healthcare,500,0704087851
Đặng Xuân Lan,dang.xuan.lan.18959@duytanplasti.vn,Duy Tan Plastics,CFO,healthcare,50,0324180362
Đỗ Xuân Quân,do.xuan.quan.18960@cenland.vn,CenLand,Product Manager,fintech,10,0962291369
Ngô Văn Dũng,ngo.van.dung.18961@fptsoftware.vn,FPT Software,Head of Finance,logistics,250,0974612349
Phạm Hữu Tuấn,pham.huu.tuan.18962@gmail.com,FPT Software,Operations Manager,manufacturing,25,0328456305
Phạm Xuân Tâm,pham.xuan.tam.18963@viettiengarm.vn,Viet Tien Garment,CTO,manufacturing,10,0935175387
Đặng Hữu Tuấn,dang.huu.tuan.18964@gmail.com,Vinamilk,Sales Director,retail,500,0900101182
Nguyễn Minh Nam,nguyen.minh.nam.18965@thecoffeehou.vn,The Coffee House,Head of Finance,software,500,0901688686
Phan Văn Hùng,phan.van.hung.18966@gmail.com,KiotViet,CTO,fintech,50,0861295345
Vũ Hữu Sơn,vu.huu.son.18967@topcv.vn,TopCV,Product Manager,healthcare,250,0978840498
Nguyễn Ngọc Việt,nguyen.ngoc.viet.18968@pnj.vn,PNJ,Marketing Manager,education,120,0866318163
Bùi Thị Sơn,bui.thi.son.18969@momo.vn,MoMo,Head of Finance,education,25,0869075812
Hoàng Hữu Phúc,hoang.huu.phuc.18970@gmail.com,CenLand,CFO,retail,25,0910047048
Phạm Ngọc Hùng,pham.ngoc.hung.18971@cenland.vn,CenLand,CEO,healthcare,250,0869003164
Đặng Hồng Nam,dang.hong.nam.18972@haravan.vn,Haravan,Head of Finance,logistics,250,0866994796
Phạm Ngọc Quân,pham.ngoc.quan.18973@gmail.com,MoMo,Operations Manager,retail,10,0973783995
Trần Hữu Nam,tran.huu.nam.18974@gmail.com,KiotViet,Operations Manager,ecommerce,500,0868122772
Hoàng Hồng An,hoang.hong.an.18975@vinmec.vn,Vinmec,Procurement Manager,retail,1500,0962342484
Trần Hồng Linh,tran.hong.linh.18976@topcv.vn,TopCV,CEO,ecommerce,120,0868769213
Nguyễn Đức Tâm,nguyen.duc.tam.18977@gmail.com,Hoà Phát,Product Manager,software,50,0918930413
Hoàng Hồng Sơn,hoang.hong.son.18978@vngcorporati.vn,VNG Corporation,Sales Director,healthcare,250,0359567748
Hoàng Ngọc Linh,hoang.ngoc.linh.18979@momo.vn,MoMo,Sales Director,software,10,0708641066
Lê Đức Mai,le.duc.mai.18980@vngcorporati.vn,VNG Corporation,Kế toán trưởng,ecommerce,1500,0930123720
Hồ Văn Nam,ho.van.nam.18981@vinmec.vn,Vinmec,Operations Manager,retail,50,0908565591
Nguyễn Hồng Trang,nguyen.hong.trang.18982@shopeevietna.vn,Shopee Vietnam,Product Manager,fintech,120,0359148993
Nguyễn Quang Khánh,nguyen.quang.khanh.18983@gmail.com,VNG Corporation,Marketing Manager,fintech,10,0914249870
Bùi Ngọc Châu,bui.ngoc.chau.18984@gmail.com,Base.vn,Kế toán trưởng,logistics,1500,0917352121
Nguyễn Hồng Lan,nguyen.hong.lan.18985@duytanplasti.vn,Duy Tan Plastics,Head of Finance,retail,1500,0967190678
Vũ Hồng Giang,vu.hong.giang.18986@gmail.com,Viet Tien Garment,Operations Manager,fintech,250,0916071772
Vũ Thị Tuấn,vu.thi.tuan.18987@fptsoftware.vn,FPT Software,Kế toán trưởng,retail,50,0864528925
Dương Đức Dũng,duong.duc.dung.18988@gmail.com,Pharmacity,Procurement Manager,education,1500,0967987401
Lý Hữu Sơn,ly.huu.son.18989@pharmacity.vn,Pharmacity,Operations Manager,healthcare,500,0904883845
Phan Đức Lan,phan.duc.lan.18990@pharmacity.vn,Pharmacity,CEO,fintech,10,0861984970
Nguyễn Thanh Việt,nguyen.thanh.viet.18991@kiotviet.vn,KiotViet,CFO,ecommerce,50,0321920359
Hồ Thị Lan,ho.thi.lan.18992@gmail.com,PNJ,Head of Finance,healthcare,10,0909606530
Bùi Hồng Tuấn,bui.hong.tuan.18993@pharmacity.vn,Pharmacity,Sales Director,retail,250,0967450071
Ngô Minh Tuấn,ngo.minh.tuan.18994@gmail.com,Haravan,Head of Finance,retail,10,0916801134
Lý Quang Mai,ly.quang.mai.18995@basevn.vn,Base.vn,Sales Director,logistics,10,0861552712
Bùi Ngọc Phúc,bui.ngoc.phuc.18996@vinmec.vn,Vinmec,Head of Finance,healthcare,10,0937069704
Trần Thanh Hùng,tran.thanh.hung.18997@gmail.com,KiotViet,Head of Finance,logistics,250,0327388879
Bùi Văn Nam,bui.van.nam.18998@haravan.vn,Haravan,CFO,ecommerce,50,0902419285
Vũ Thanh Việt,vu.thanh.viet.18999@gmail.com,The Coffee House,Procurement Manager,ecommerce,25,0964170131
Lý Thanh Sơn,ly.thanh.son.19000@shopeevietna.vn,Shopee Vietnam,Operations Manager,manufacturing,250,0968111493
Đặng Hữu Giang,dang.huu.giang.19001@pnj.vn,PNJ,Kế toán trưởng,software,10,0706233280
Bùi Thanh Tâm,bui.thanh.tam.19002@gmail.com,Pharmacity,CTO,manufacturing,25,0934394049
Đỗ Quang Mai,do.quang.mai.19003@gmail.com,TopCV,Operations Manager,ecommerce,25,0355750840
Đặng Xuân An,dang.xuan.an.19004@cenland.vn,CenLand,Sales Director,retail,500,0906559123
Phan Ngọc Khánh,phan.ngoc.khanh.19005@cenland.vn,CenLand,Procurement Manager,healthcare,500,0971670111
Võ Hồng Giang,vo.hong.giang.19006@vngcorporati.vn,VNG Corporation,Operations Manager,fintech,25,0359002466
Vũ Minh Tâm,vu.minh.tam.19007@pharmacity.vn,Pharmacity,CTO,manufacturing,25,0974662569
Đỗ Minh Khánh,do.minh.khanh.19008@hoaphat.vn,Hoà Phát,Sales Director,ecommerce,250,0909949401
Lý Thanh Việt,ly.thanh.viet.19009@gmail.com,MoMo,CFO,manufacturing,120,0914065357
Nguyễn Minh Việt,nguyen.minh.viet.19010@gmail.com,KiotViet,Kế toán trưởng,healthcare,500,0979341226
Đặng Đức Khánh,dang.duc.khanh.19011@viettiengarm.vn,Viet Tien Garment,Kế toán trưởng,software,25,0965170792
Ngô Hồng Dũng,ngo.hong.dung.19012@pharmacity.vn,Pharmacity,Sales Director,logistics,1500,0965546213
Ngô Xuân Bình,ngo.xuan.binh.19013@thecoffeehou.vn,The Coffee House,Procurement Manager,software,120,0961766567
Hoàng Quang Oanh,hoang.quang.oanh.19014@gmail.com,MoMo,Marketing Manager,retail,10,0960796483
Bùi Thanh Nam,bui.thanh.nam.19015@thecoffeehou.vn,The Coffee House,Product Manager,healthcare,120,0911342842
Hồ Xuân Hà,ho.xuan.ha.19016@gmail.com,Tiki,Product Manager,manufacturing,250,0350519720
Lê Minh Châu,le.minh.chau.19017@topcv.vn,TopCV,Marketing Manager,ecommerce,250,0963843645
Đỗ Quang An,do.quang.an.19018@thacoindustr.vn,Thaco Industries,CFO,manufacturing,25,0919575432
Bùi Thanh Châu,bui.thanh.chau.19019@hoaphat.vn,Hoà Phát,CFO,education,50,0977601097
Trần Thị Sơn,tran.thi.son.19020@vinamilk.vn,Vinamilk,CFO,healthcare,50,0350467494
Võ Văn Châu,vo.van.chau.19021@basevn.vn,Base.vn,Product Manager,software,25,0915457912
Đặng Thị Tuấn,dang.thi.tuan.19022@shopeevietna.vn,Shopee Vietnam,Procurement Manager,retail,50,0935839661
Hoàng Thanh Nam,hoang.thanh.nam.19023@haravan.vn,Haravan,Product Manager,manufacturing,250,0903026647
Dương Minh Linh,duong.minh.linh.19024@shopeevietna.vn,Shopee Vietnam,CTO,education,250,0865458112
Đặng Đức Sơn,dang.duc.son.19025@hoaphat.vn,Hoà Phát,CTO,manufacturing,250,0978761013
Ngô Thị Linh,ngo.thi.linh.19026@duytanplasti.vn,Duy Tan Plastics,Operations Manager,fintech,250,0912932563
Trần Thị Nam,tran.thi.nam.19027@fptsoftware.vn,FPT Software,CEO,logistics,25,0973397867
Đặng Thị Bình,dang.thi.binh.19028@gmail.com,Thaco Industries,Marketing Manager,fintech,1500,0903783515
Bùi Minh Nam,bui.minh.nam.19029@gmail.com,The Coffee House,Kế toán trưởng,ecommerce,1500,0709667813
Lê Xuân Linh,le.xuan.linh.19030@kiotviet.vn,KiotViet,CFO,education,50,0861917210
Hồ Văn Nam,ho.van.nam.19031@momo.vn,MoMo,Head of Finance,manufacturing,1500,0864844412
Dương Hồng Mai,duong.hong.mai.19032@vngcorporati.vn,VNG Corporation,Marketing Manager,fintech,50,0701766232
Lê Minh Linh,le.minh.linh.19033@viettiengarm.vn,Viet Tien Garment,Head of Finance,ecommerce,25,0324456243
Bùi Thị Hùng,bui.thi.hung.19034@thecoffeehou.vn,The Coffee House,Product Manager,education,120,0703911744
Nguyễn Hồng Mai,nguyen.hong.mai.19035@vinamilk.vn,Vinamilk,Kế toán trưởng,retail,1500,0912190916
Bùi Xuân Tuấn,bui.xuan.tuan.19036@basevn.vn,Base.vn,Sales Director,education,10,0862741134
Phan Ngọc Tuấn,phan.ngoc.tuan.19037@cenland.vn,CenLand,Procurement Manager,retail,25,0705777781
Hoàng Xuân Châu,hoang.xuan.chau.19038@vinamilk.vn,Vinamilk,CFO,fintech,50,0939916847
Dương Thị Bình,duong.thi.binh.19039@gmail.com,Thaco Industries,CEO,logistics,10,0355726960
Lý Hữu Tâm,ly.huu.tam.19040@haravan.vn,Haravan,Head of Finance,ecommerce,50,0937172397
Vũ Hồng Việt,vu.hong.viet.19041@viettiengarm.vn,Viet Tien Garment,Operations Manager,manufacturing,1500,0970168208
Đỗ Thị Quân,do.thi.quan.19042@gmail.com,VNG Corporation,CFO,healthcare,25,0357652854
Dương Thị An,duong.thi.an.19043@gmail.com,Vinamilk,CFO,education,120,0916963765
Đỗ Thị Sơn,do.thi.son.19044@gmail.com,Shopee Vietnam,CTO,software,25,0915719225
Hoàng Quang Trang,hoang.quang.trang.19045@momo.vn,MoMo,Kế toán trưởng,healthcare,500,0354520172
Dương Minh Bình,duong.minh.binh.19046@fptsoftware.vn,FPT Software,Kế toán trưởng,education,10,0327881008
Hoàng Xuân Trang,hoang.xuan.trang.19047@vinmec.vn,Vinmec,CEO,software,120,0964850027
Dương Ngọc Dũng,duong.ngoc.dung.19048@gemadeptlogi.vn,Gemadept Logistics,CEO,ecommerce,10,0903454349
Dương Minh Châu,duong.minh.chau.19049@vngcorporati.vn,VNG Corporation,CEO,ecommerce,10,0964957767
Dương Văn Việt,duong.van.viet.19050@gmail.com,Gemadept Logistics,CEO,education,50,0321329647
Lê Quang Nam,le.quang.nam.19051@gmail.com,Base.vn,Operations Manager,logistics,25,0966948245
Lê Minh Việt,le.minh.viet.19052@gmail.com,The Coffee House,Sales Director,healthcare,1500,0970751317
Võ Thị Việt,vo.thi.viet.19053@momo.vn,MoMo,Marketing Manager,manufacturing,250,0930764045
Hồ Thanh Mai,ho.thanh.mai.19054@gmail.com,Base.vn,Marketing Manager,healthcare,25,0705358632
Lê Thanh Châu,le.thanh.chau.19055@basevn.vn,Base.vn,CFO,logistics,250,0972851282
Dương Đức Sơn,duong.duc.son.19056@hoaphat.vn,Hoà Phát,Marketing Manager,retail,250,0903496791
Dương Minh An,duong.minh.an.19057@duytanplasti.vn,Duy Tan Plastics,Marketing Manager,retail,10,0358798560
Phạm Văn Linh,pham.van.linh.19058@basevn.vn,Base.vn,Head of Finance,manufacturing,250,0328928135
Bùi Thanh Lan,bui.thanh.lan.19059@vngcorporati.vn,VNG Corporation,Operations Manager,healthcare,1500,0966297035
Phan Hữu Quân,phan.huu.quan.19060@thacoindustr.vn,Thaco Industries,Operations Manager,ecommerce,500,0864023881
Phan Minh Bình,phan.minh.binh.19061@duytanplasti.vn,Duy Tan Plastics,Head of Finance,retail,25,0968956062
Phan Thị Nam,phan.thi.nam.19062@gmail.com,Vinamilk,Kế toán trưởng,healthcare,1500,0703577275
Võ Hữu Mai,vo.huu.mai.19063@thecoffeehou.vn,The Coffee House,CFO,logistics,25,0329793051
Bùi Thị Sơn,bui.thi.son.19064@viettiengarm.vn,Viet Tien Garment,Head of Finance,retail,10,0901148953
Bùi Ngọc Phúc,bui.ngoc.phuc.19065@thacoindustr.vn,Thaco Industries,Sales Director,manufacturing,250,0357336863
Hồ Thanh Nam,ho.thanh.nam.19066@hoaphat.vn,Hoà Phát,CFO,ecommerce,120,0358019234
Trần Đức Hùng,tran.duc.hung.19067@gmail.com,Viet Tien Garment,CEO,software,500,0901059970
Ngô Văn Hùng,ngo.van.hung.19068@pharmacity.vn,Pharmacity,Operations Manager,manufacturing,1500,0906695691
Đặng Hồng Nam,dang.hong.nam.19069@thecoffeehou.vn,The Coffee House,CTO,ecommerce,500,0934813972
Đỗ Hồng Quân,do.hong.quan.19070@gmail.com,Vinamilk,Procurement Manager,logistics,120,0707192352
Vũ Thị Châu,vu.thi.chau.19071@gmail.com,Viet Tien Garment,CTO,fintech,25,0354221428
Phạm Hồng Mai,pham.hong.mai.19072@gmail.com,PNJ,Operations Manager,education,25,0705408064
Phạm Hữu Trang,pham.huu.trang.19073@gmail.com,KiotViet,Product Manager,software,120,0900323748
Bùi Hồng An,bui.hong.an.19074@gmail.com,Vinamilk,Sales Director,fintech,250,0973734101
Ngô Hữu Tâm,ngo.huu.tam.19075@gmail.com,CenLand,CTO,healthcare,500,0707682315
Lý Quang Hà,ly.quang.ha.19076@basevn.vn,Base.vn,CFO,healthcare,25,0903148455
Phạm Xuân Khánh,pham.xuan.khanh.19077@gmail.com,Duy Tan Plastics,Operations Manager,manufacturing,25,0906268971
Hồ Thị Sơn,ho.thi.son.19078@vngcorporati.vn,VNG Corporation,Marketing Manager,manufacturing,500,0351919371
Võ Thị Châu,vo.thi.chau.19079@shopeevietna.vn,Shopee Vietnam,Operations Manager,software,120,0977672672
Lê Hữu Phúc,le.huu.phuc.19080@cenland.vn,CenLand,Kế toán trưởng,education,500,0961199263
Hồ Quang Sơn,ho.quang.son.19081@pharmacity.vn,Pharmacity,Head of Finance,ecommerce,120,0909708239
Lý Thanh Việt,ly.thanh.viet.19082@haravan.vn,Haravan,Kế toán trưởng,logistics,120,0864903585
Phạm Ngọc Lan,pham.ngoc.lan.19083@fptsoftware.vn,FPT Software,Sales Director,fintech,25,0862530865
Bùi Hữu Linh,bui.huu.linh.19084@gmail.com,FPT Software,CTO,healthcare,250,0973270177
Phạm Thị Sơn,pham.thi.son.19085@vinmec.vn,Vinmec,Procurement Manager,education,10,0973903025
Phan Minh Bình,phan.minh.binh.19086@momo.vn,MoMo,Head of Finance,software,25,0937857006
Lê Đức Khánh,le.duc.khanh.19087@cenland.vn,CenLand,CTO,ecommerce,120,0937960916
Trần Văn Tâm,tran.van.tam.19088@shopeevietna.vn,Shopee Vietnam,Head of Finance,software,500,0359353744
Vũ Minh Hà,vu.minh.ha.19089@gmail.com,CenLand,Marketing Manager,healthcare,25,0960515967
Ngô Ngọc Việt,ngo.ngoc.viet.19090@fptsoftware.vn,FPT Software,CEO,education,500,0327335864
Vũ Quang Linh,vu.quang.linh.19091@fptsoftware.vn,FPT Software,Product Manager,software,1500,0910260163
Phan Đức Trang,phan.duc.trang.19092@gmail.com,Tiki,CFO,manufacturing,10,0908151555
Phạm Hồng Việt,pham.hong.viet.19093@gmail.com,Base.vn,Head of Finance,fintech,25,0905672506
Lý Thị Nam,ly.thi.nam.19094@gmail.com,Viet Tien Garment,Operations Manager,retail,120,0964795379
Phan Quang Phúc,phan.quang.phuc.19095@vinamilk.vn,Vinamilk,CTO,fintech,50,0962955577
Bùi Ngọc Phúc,bui.ngoc.phuc.19096@haravan.vn,Haravan,CEO,education,1500,0914179579
Đỗ Thanh Mai,do.thanh.mai.19097@gmail.com,KiotViet,Head of Finance,software,25,0977392559
Phạm Thanh Hùng,pham.thanh.hung.19098@haravan.vn,Haravan,Operations Manager,fintech,250,0900501966
Đặng Hồng Quân,dang.hong.quan.19099@gmail.com,The Coffee House,Head of Finance,logistics,25,0359602112
Phạm Thanh Tuấn,pham.thanh.tuan.19100@viettiengarm.vn,Viet Tien Garment,CTO,logistics,10,0971383294
Võ Minh Bình,vo.minh.binh.19101@gmail.com,Vinamilk,Sales Director,logistics,10,0909876086
Ngô Quang Mai,ngo.quang.mai.19102@pnj.vn,PNJ,Head of Finance,manufacturing,500,0706481808
Nguyễn Minh Giang,nguyen.minh.giang.19103@tiki.vn,Tiki,Procurement Manager,logistics,50,0969633487
Phan Minh Lan,phan.minh.lan.19104@gmail.com,CenLand,Sales Director,retail,250,0328641552
Ngô Thị Nam,ngo.thi.nam.19105@basevn.vn,Base.vn,CFO,healthcare,1500,0353347048
Võ Quang Lan,vo.quang.lan.19106@gmail.com,Pharmacity,Kế toán trưởng,ecommerce,25,0971591166
Võ Thanh Nam,vo.thanh.nam.19107@momo.vn,MoMo,Head of Finance,education,1500,0915760847
Phạm Văn An,pham.van.an.19108@vngcorporati.vn,VNG Corporation,CEO,software,500,0930825873
Nguyễn Ngọc Tuấn,nguyen.ngoc.tuan.19109@duytanplasti.vn,Duy Tan Plastics,Sales Director,fintech,1500,0902768648
Phan Minh Tuấn,phan.minh.tuan.19110@gmail.com,Pharmacity,CTO,education,1500,0933471877
Bùi Xuân Hùng,bui.xuan.hung.19111@thacoindustr.vn,Thaco Industries,Procurement Manager,education,500,0931152373
Nguyễn Văn Hà,nguyen.van.ha.19112@hoaphat.vn,Hoà Phát,Head of Finance,logistics,10,0908365071
Trần Ngọc Mai,tran.ngoc.mai.19113@gmail.com,Base.vn,Marketing Manager,education,25,0356412329
Ngô Ngọc Quân,ngo.ngoc.quan.19114@cenland.vn,CenLand,Marketing Manager,retail,50,0979473639
Hồ Quang Oanh,ho.quang.oanh.19115@vinmec.vn,Vinmec,Marketing Manager,manufacturing,250,0919823570
Lê Thị Bình,le.thi.binh.19116@tiki.vn,Tiki,CTO,retail,120,0359914571
Đỗ Hữu Trang,do.huu.trang.19117@topcv.vn,TopCV,Operations Manager,healthcare,1500,0901216444
Đỗ Văn Tuấn,do.van.tuan.19118@vinmec.vn,Vinmec,Marketing Manager,fintech,500,0323370574
Lê Thị Phúc,le.thi.phuc.19119@hoaphat.vn,Hoà Phát,CEO,software,50,0703285671
Đặng Đức Châu,dang.duc.chau.19120@vngcorporati.vn,VNG Corporation,CTO,manufacturing,250,0351490304
Đỗ Văn Trang,do.van.trang.19121@vinmec.vn,Vinmec,Kế toán trưởng,software,50,0709549825
Võ Hồng Châu,vo.hong.chau.19122@haravan.vn,Haravan,Operations Manager,ecommerce,1500,0709408400
Võ Hữu Hà,vo.huu.ha.19123@basevn.vn,Base.vn,CTO,manufacturing,50,0939590792
Đặng Minh Linh,dang.minh.linh.19124@vinmec.vn,Vinmec,Operations Manager,ecommerce,250,0705687633
Trần Hồng An,tran.hong.an.19125@gmail.com,CenLand,Procurement Manager,fintech,25,0863866606
Bùi Hữu Hà,bui.huu.ha.19126@tiki.vn,Tiki,Marketing Manager,software,1500,0937629850
Trần Thanh Châu,tran.thanh.chau.19127@gmail.com,Vinmec,Sales Director,fintech,1500,0350059270
Trần Minh Dũng,tran.minh.dung.19128@tiki.vn,Tiki,Marketing Manager,education,120,0351971045
Nguyễn Minh Châu,nguyen.minh.chau.19129@vinmec.vn,Vinmec,Product Manager,fintech,50,0975880002
Phạm Đức Khánh,pham.duc.khanh.19130@vngcorporati.vn,VNG Corporation,CTO,education,120,0970440756
Bùi Văn Mai,bui.van.mai.19131@gmail.com,KiotViet,Sales Director,healthcare,120,0973156518
Vũ Thanh Quân,vu.thanh.quan.19132@gmail.com,Viet Tien Garment,Head of Finance,retail,25,0901461914
Ngô Quang Dũng,ngo.quang.dung.19133@basevn.vn,Base.vn,CTO,logistics,10,0327054918
Phạm Quang Lan,pham.quang.lan.19134@pnj.vn,PNJ,Marketing Manager,software,500,0358175400
Phạm Xuân Tâm,pham.xuan.tam.19135@viettiengarm.vn,Viet Tien Garment,Head of Finance,logistics,120,0936872642
Hoàng Ngọc Quân,hoang.ngoc.quan.19136@gmail.com,Shopee Vietnam,CTO,software,250,0968457589
Hoàng Ngọc Hà,hoang.ngoc.ha.19137@shopeevietna.vn,Shopee Vietnam,Sales Director,retail,10,0917665581
Vũ Văn Linh,vu.van.linh.19138@gmail.com,Viet Tien Garment,Operations Manager,retail,50,0353876799
Bùi Ngọc Tâm,bui.ngoc.tam.19139@gmail.com,CenLand,Head of Finance,retail,250,0971580985
Hồ Đức An,ho.duc.an.19140@gmail.com,CenLand,Head of Finance,manufacturing,120,0353826344
Hoàng Hồng Lan,hoang.hong.lan.19141@thecoffeehou.vn,The Coffee House,Kế toán trưởng,fintech,10,0702897395
Nguyễn Thị Dũng,nguyen.thi.dung.19142@kiotviet.vn,KiotViet,Procurement Manager,software,10,0869754005
Bùi Minh Sơn,bui.minh.son.19143@thacoindustr.vn,Thaco Industries,CFO,software,50,0702556762
Hoàng Hữu Phúc,hoang.huu.phuc.19144@vinmec.vn,Vinmec,Head of Finance,education,120,0938257661
Đỗ Thị An,do.thi.an.19145@thacoindustr.vn,Thaco Industries,Head of Finance,manufacturing,10,0351524564
Ngô Ngọc Tuấn,ngo.ngoc.tuan.19146@vngcorporati.vn,VNG Corporation,CFO,ecommerce,50,0356848054
Phạm Hồng Sơn,pham.hong.son.19147@vngcorporati.vn,VNG Corporation,CTO,logistics,250,0915860361
Dương Thanh Bình,duong.thanh.binh.19148@gemadeptlogi.vn,Gemadept Logistics,CTO,manufacturing,1500,0937957928
Lý Thanh Nam,ly.thanh.nam.19149@momo.vn,MoMo,Operations Manager,software,120,0973727829
Nguyễn Hồng An,nguyen.hong.an.19150@gmail.com,FPT Software,Product Manager,software,250,0350659054
Trần Minh Hùng,tran.minh.hung.19151@hoaphat.vn,Hoà Phát,Product Manager,retail,25,0355319773
Hồ Xuân Bình,ho.xuan.binh.19152@gemadeptlogi.vn,Gemadept Logistics,CTO,logistics,1500,0911388774
Võ Ngọc Tâm,vo.ngoc.tam.19153@gmail.com,Pharmacity,Procurement Manager,ecommerce,50,0328420298
Lý Hữu Khánh,ly.huu.khanh.19154@haravan.vn,Haravan,CTO,fintech,1500,0860824103
Đặng Ngọc Trang,dang.ngoc.trang.19155@haravan.vn,Haravan,CTO,manufacturing,1500,0970456991
Đỗ Minh Oanh,do.minh.oanh.19156@thecoffeehou.vn,The Coffee House,Product Manager,ecommerce,120,0860864630
Phan Xuân Linh,phan.xuan.linh.19157@gmail.com,KiotViet,Head of Finance,fintech,10,0960152789
Dương Ngọc Nam,duong.ngoc.nam.19158@haravan.vn,Haravan,Marketing Manager,retail,120,0353586517
Bùi Hồng Nam,bui.hong.nam.19159@gmail.com,PNJ,Product Manager,manufacturing,250,0328076851
Đặng Ngọc Bình,dang.ngoc.binh.19160@tiki.vn,Tiki,Operations Manager,education,50,0931348606
Hồ Quang Hùng,ho.quang.hung.19161@gmail.com,KiotViet,CEO,fintech,25,0862705171
Hồ Thanh An,ho.thanh.an.19162@gmail.com,PNJ,Operations Manager,ecommerce,120,0864532315
Hồ Hồng Tâm,ho.hong.tam.19163@viettiengarm.vn,Viet Tien Garment,Product Manager,manufacturing,10,0867820566
Trần Xuân Tâm,tran.xuan.tam.19164@fptsoftware.vn,FPT Software,Procurement Manager,retail,1500,0930867523
Phạm Văn Giang,pham.van.giang.19165@gmail.com,KiotViet,CEO,education,50,0908382508
Võ Thị Hùng,vo.thi.hung.19166@tiki.vn,Tiki,Operations Manager,retail,500,0969145390
Võ Ngọc Tuấn,vo.ngoc.tuan.19167@fptsoftware.vn,FPT Software,Sales Director,retail,120,0356619052
Lý Thanh Hùng,ly.thanh.hung.19168@vinmec.vn,Vinmec,Kế toán trưởng,ecommerce,10,0708503595
Dương Thị Quân,duong.thi.quan.19169@thacoindustr.vn,Thaco Industries,Marketing Manager,logistics,250,0325024526
Bùi Văn Phúc,bui.van.phuc.19170@gmail.com,Shopee Vietnam,CFO,education,1500,0974970678
Hoàng Thanh Bình,hoang.thanh.binh.19171@vinmec.vn,Vinmec,Procurement Manager,software,500,0867279845
Đặng Quang Tuấn,dang.quang.tuan.19172@basevn.vn,Base.vn,Sales Director,software,500,0911458438
Lê Hữu Sơn,le.huu.son.19173@gemadeptlogi.vn,Gemadept Logistics,CTO,retail,500,0960313652
Đỗ Hồng Oanh,do.hong.oanh.19174@thacoindustr.vn,Thaco Industries,Product Manager,manufacturing,120,0708302173
Trần Minh Mai,tran.minh.mai.19175@vinmec.vn,Vinmec,Procurement Manager,ecommerce,25,0325958909
Trần Quang Giang,tran.quang.giang.19176@gemadeptlogi.vn,Gemadept Logistics,CEO,manufacturing,50,0326085063
Đỗ Thanh An,do.thanh.an.19177@gmail.com,Tiki,Kế toán trưởng,fintech,500,0910515754
Lý Hữu Khánh,ly.huu.khanh.19178@gmail.com,PNJ,Sales Director,education,120,0938296262
Nguyễn Xuân Lan,nguyen.xuan.lan.19179@basevn.vn,Base.vn,Kế toán trưởng,healthcare,10,0359582823
Hồ Thanh Nam,ho.thanh.nam.19180@gmail.com,Thaco Industries,CFO,education,25,0974193330
Đỗ Đức An,do.duc.an.19181@shopeevietna.vn,Shopee Vietnam,CFO,manufacturing,1500,0707122007
Ngô Đức Dũng,ngo.duc.dung.19182@momo.vn,MoMo,Sales Director,logistics,250,0351750378
Trần Văn Trang,tran.van.trang.19183@gemadeptlogi.vn,Gemadept Logistics,Sales Director,logistics,50,0930042929
Ngô Minh Châu,ngo.minh.chau.19184@gmail.com,TopCV,CFO,healthcare,50,0931643874
Nguyễn Hồng Hùng,nguyen.hong.hung.19185@gmail.com,The Coffee House,Operations Manager,software,1500,0358982798
Đỗ Hồng Trang,do.hong.trang.19186@gmail.com,Tiki,CFO,healthcare,25,0932942027
Ngô Văn Mai,ngo.van.mai.19187@pharmacity.vn,Pharmacity,Product Manager,healthcare,50,0902380179
Trần Đức Nam,tran.duc.nam.19188@gmail.com,The Coffee House,Head of Finance,ecommerce,10,0915586027
Bùi Ngọc Giang,bui.ngoc.giang.19189@gmail.com,Viet Tien Garment,CEO,ecommerce,120,0911707365
Võ Đức Quân,vo.duc.quan.19190@basevn.vn,Base.vn,CTO,manufacturing,500,0962793657
Hoàng Đức Quân,hoang.duc.quan.19191@pnj.vn,PNJ,Kế toán trưởng,education,50,0934601253
Bùi Xuân Phúc,bui.xuan.phuc.19192@momo.vn,MoMo,Kế toán trưởng,manufacturing,50,0911672474
Lý Hồng Bình,ly.hong.binh.19193@basevn.vn,Base.vn,Operations Manager,education,10,0707969932
Dương Hữu Oanh,duong.huu.oanh.19194@vinmec.vn,Vinmec,Head of Finance,healthcare,250,0702570184
Phan Ngọc Hà,phan.ngoc.ha.19195@pnj.vn,PNJ,CFO,manufacturing,1500,0902470127
Trần Đức Quân,tran.duc.quan.19196@gmail.com,Gemadept Logistics,CTO,manufacturing,50,0907080643
Lê Minh Trang,le.minh.trang.19197@vinamilk.vn,Vinamilk,Head of Finance,logistics,120,0868436263
Lý Ngọc Bình,ly.ngoc.binh.19198@gemadeptlogi.vn,Gemadept Logistics,CTO,fintech,120,0905675385
Lê Thanh Linh,le.thanh.linh.19199@gmail.com,Vinmec,CFO,ecommerce,250,0706576869
Phan Văn Châu,phan.van.chau.19200@haravan.vn,Haravan,CFO,education,25,0863783489
Vũ Hồng Linh,vu.hong.linh.19201@vngcorporati.vn,VNG Corporation,Operations Manager,ecommerce,50,0705866936
Trần Quang Dũng,tran.quang.dung.19202@gmail.com,Thaco Industries,Marketing Manager,retail,10,0864439870
Dương Thanh Hà,duong.thanh.ha.19203@duytanplasti.vn,Duy Tan Plastics,Product Manager,fintech,25,0359062801
Ngô Thanh Bình,ngo.thanh.binh.19204@duytanplasti.vn,Duy Tan Plastics,CTO,logistics,25,0704869658
Vũ Thị Sơn,vu.thi.son.19205@topcv.vn,TopCV,Kế toán trưởng,logistics,500,0967638083
Hồ Đức Lan,ho.duc.lan.19206@viettiengarm.vn,Viet Tien Garment,Procurement Manager,healthcare,1500,0324826910
Phan Hữu Phúc,phan.huu.phuc.19207@gmail.com,Hoà Phát,Kế toán trưởng,education,500,0321180680
Lê Thị Nam,le.thi.nam.19208@tiki.vn,Tiki,CEO,ecommerce,10,0936857168
Đặng Đức Quân,dang.duc.quan.19209@thecoffeehou.vn,The Coffee House,Product Manager,healthcare,1500,0964932639
Bùi Thị Tâm,bui.thi.tam.19210@viettiengarm.vn,Viet Tien Garment,Kế toán trưởng,education,1500,0971863220
Bùi Thanh Châu,bui.thanh.chau.19211@gemadeptlogi.vn,Gemadept Logistics,Kế toán trưởng,fintech,250,0707291931
Phạm Thị Khánh,pham.thi.khanh.19212@cenland.vn,CenLand,CTO,software,50,0903236304
Võ Thị Nam,vo.thi.nam.19213@momo.vn,MoMo,Procurement Manager,manufacturing,250,0916555417
Hoàng Thanh Lan,hoang.thanh.lan.19214@tiki.vn,Tiki,CFO,manufacturing,10,0708097349
Vũ Ngọc Khánh,vu.ngoc.khanh.19215@hoaphat.vn,Hoà Phát,CFO,ecommerce,120,0909543740
Hoàng Hồng Khánh,hoang.hong.khanh.19216@tiki.vn,Tiki,Product Manager,healthcare,1500,0974572751
Võ Minh Giang,vo.minh.giang.19217@shopeevietna.vn,Shopee Vietnam,Marketing Manager,fintech,10,0355246780
Đỗ Ngọc Sơn,do.ngoc.son.19218@gmail.com,Base.vn,Marketing Manager,retail,25,0972589677
Lê Hồng Oanh,le.hong.oanh.19219@haravan.vn,Haravan,CFO,retail,120,0701026651
Nguyễn Quang Phúc,nguyen.quang.phuc.19220@cenland.vn,CenLand,Marketing Manager,fintech,10,0707222506
Đỗ Hồng Linh,do.hong.linh.19221@viettiengarm.vn,Viet Tien Garment,Sales Director,healthcare,25,0972177164
Nguyễn Thanh Khánh,nguyen.thanh.khanh.19222@shopeevietna.vn,Shopee Vietnam,Operations Manager,ecommerce,25,0701798692
Hoàng Thị Oanh,hoang.thi.oanh.19223@gmail.com,Gemadept Logistics,CFO,education,120,0901402986
Bùi Hồng An,bui.hong.an.19224@gmail.com,Haravan,Operations Manager,manufacturing,50,0905494352
Võ Thanh Linh,vo.thanh.linh.19225@vinmec.vn,Vinmec,CFO,retail,120,0935773968
Vũ Văn An,vu.van.an.19226@gmail.com,MoMo,Product Manager,manufacturing,10,0706664206
Lý Đức Tuấn,ly.duc.tuan.19227@gmail.com,MoMo,Product Manager,education,250,0868799440
Đỗ Minh Tuấn,do.minh.tuan.19228@gmail.com,Vinamilk,Operations Manager,manufacturing,10,0909876348
Dương Quang Tâm,duong.quang.tam.19229@vngcorporati.vn,VNG Corporation,CFO,healthcare,25,0327900313
Đỗ Quang Phúc,do.quang.phuc.19230@topcv.vn,TopCV,Sales Director,software,250,0705048286
Lý Hồng Lan,ly.hong.lan.19231@momo.vn,MoMo,Product Manager,retail,25,0975193065
Võ Đức Châu,vo.duc.chau.19232@gmail.com,Vinamilk,Kế toán trưởng,fintech,25,0963541050
Hoàng Xuân Nam,hoang.xuan.nam.19233@kiotviet.vn,KiotViet,CFO,healthcare,1500,0978678174
Bùi Hữu Việt,bui.huu.viet.19234@kiotviet.vn,KiotViet,CEO,manufacturing,50,0968407866
Võ Hữu Lan,vo.huu.lan.19235@topcv.vn,TopCV,Procurement Manager,healthcare,1500,0863752066
Nguyễn Xuân Sơn,nguyen.xuan.son.19236@vinamilk.vn,Vinamilk,Kế toán trưởng,manufacturing,250,0973230098
Trần Văn Dũng,tran.van.dung.19237@tiki.vn,Tiki,CFO,healthcare,1500,0919325774
Võ Ngọc Bình,vo.ngoc.binh.19238@gmail.com,VNG Corporation,CTO,manufacturing,1500,0900884052
Vũ Thanh Phúc,vu.thanh.phuc.19239@pnj.vn,PNJ,Procurement Manager,fintech,250,0965743285
Đỗ Hữu Lan,do.huu.lan.19240@gmail.com,Hoà Phát,CEO,healthcare,500,0970991423
Hồ Đức Trang,ho.duc.trang.19241@gemadeptlogi.vn,Gemadept Logistics,CFO,logistics,250,0902979606
Ngô Đức Dũng,ngo.duc.dung.19242@topcv.vn,TopCV,CEO,retail,500,0328748850
Dương Văn Khánh,duong.van.khanh.19243@gmail.com,Thaco Industries,CFO,healthcare,50,0321451598
Lý Thị Tâm,ly.thi.tam.19244@gmail.com,MoMo,Operations Manager,fintech,10,0701455240
Võ Xuân Linh,vo.xuan.linh.19245@vinamilk.vn,Vinamilk,Procurement Manager,ecommerce,1500,0706386770
Trần Văn Châu,tran.van.chau.19246@tiki.vn,Tiki,CEO,retail,50,0358355373
Lê Thanh Trang,le.thanh.trang.19247@kiotviet.vn,KiotViet,CEO,manufacturing,500,0912203401
Phạm Quang Lan,pham.quang.lan.19248@thacoindustr.vn,Thaco Industries,Operations Manager,fintech,10,0972753171
Nguyễn Đức Châu,nguyen.duc.chau.19249@viettiengarm.vn,Viet Tien Garment,Product Manager,fintech,10,0972590409
Đỗ Xuân Hùng,do.xuan.hung.19250@vngcorporati.vn,VNG Corporation,Operations Manager,logistics,250,0915450011
Lê Quang Dũng,le.quang.dung.19251@gmail.com,CenLand,CFO,software,120,0864061148
Võ Thị Linh,vo.thi.linh.19252@basevn.vn,Base.vn,CTO,fintech,25,0906643888
Đặng Xuân Linh,dang.xuan.linh.19253@thacoindustr.vn,Thaco Industries,CFO,education,10,0703998328
Trần Đức Oanh,tran.duc.oanh.19254@cenland.vn,CenLand,Product Manager,software,250,0930037384
Hoàng Ngọc Trang,hoang.ngoc.trang.19255@momo.vn,MoMo,Marketing Manager,manufacturing,50,0328129420
Ngô Văn Bình,ngo.van.binh.19256@gmail.com,Tiki,Head of Finance,fintech,10,0355024396
Phạm Xuân Giang,pham.xuan.giang.19257@fptsoftware.vn,FPT Software,Kế toán trưởng,software,250,0909236104
Bùi Minh An,bui.minh.an.19258@viettiengarm.vn,Viet Tien Garment,Sales Director,education,25,0935339802
Phan Hữu Tâm,phan.huu.tam.19259@vinmec.vn,Vinmec,Product Manager,logistics,120,0704309389
Lê Minh Tâm,le.minh.tam.19260@gmail.com,Duy Tan Plastics,Procurement Manager,software,25,0355319696
Phạm Xuân Mai,pham.xuan.mai.19261@gmail.com,Gemadept Logistics,Head of Finance,manufacturing,120,0919162863
Lê Văn Lan,le.van.lan.19262@tiki.vn,Tiki,Kế toán trưởng,ecommerce,25,0913410888
Phan Hữu Tâm,phan.huu.tam.19263@momo.vn,MoMo,Operations Manager,manufacturing,120,0866413927
Bùi Văn Hà,bui.van.ha.19264@vinmec.vn,Vinmec,Product Manager,logistics,500,0973357808
Vũ Thanh Tâm,vu.thanh.tam.19265@fptsoftware.vn,FPT Software,CTO,retail,500,0358015429
Đỗ Thanh Hà,do.thanh.ha.19266@hoaphat.vn,Hoà Phát,CEO,healthcare,50,0901405356
Nguyễn Văn Hà,nguyen.van.ha.19267@thacoindustr.vn,Thaco Industries,CFO,healthcare,250,0936460683
Phạm Thanh An,pham.thanh.an.19268@duytanplasti.vn,Duy Tan Plastics,Head of Finance,manufacturing,10,0862622602
Ngô Thanh Mai,ngo.thanh.mai.19269@gmail.com,Viet Tien Garment,CTO,software,10,0700031687
Phan Thanh Quân,phan.thanh.quan.19270@gmail.com,Vinmec,CFO,retail,50,0866373634
Bùi Hồng Bình,bui.hong.binh.19271@thecoffeehou.vn,The Coffee House,Operations Manager,retail,500,0866624630
Dương Xuân Dũng,duong.xuan.dung.19272@duytanplasti.vn,Duy Tan Plastics,CEO,ecommerce,10,0967167744
Hồ Hồng Nam,ho.hong.nam.19273@gmail.com,VNG Corporation,Marketing Manager,retail,50,0971832528
Phan Minh Trang,phan.minh.trang.19274@shopeevietna.vn,Shopee Vietnam,Marketing Manager,fintech,250,0965804991
Nguyễn Xuân Tâm,nguyen.xuan.tam.19275@thacoindustr.vn,Thaco Industries,Kế toán trưởng,fintech,1500,0937807293
Ngô Hữu Quân,ngo.huu.quan.19276@pharmacity.vn,Pharmacity,Procurement Manager,manufacturing,25,0979111163
Bùi Đức Bình,bui.duc.binh.19277@thecoffeehou.vn,The Coffee House,Product Manager,fintech,50,0930296642
Hoàng Quang Hùng,hoang.quang.hung.19278@haravan.vn,Haravan,Sales Director,retail,25,0963180238
Lê Đức Tâm,le.duc.tam.19279@cenland.vn,CenLand,Product Manager,ecommerce,25,0961767927
Phạm Thị An,pham.thi.an.19280@vinamilk.vn,Vinamilk,Procurement Manager,retail,1500,0964778759
Hoàng Văn An,hoang.van.an.19281@kiotviet.vn,KiotViet,CTO,fintech,500,0861907588
Dương Đức Phúc,duong.duc.phuc.19282@kiotviet.vn,KiotViet,Kế toán trưởng,fintech,25,0936326364
Lý Đức Tuấn,ly.duc.tuan.19283@vinamilk.vn,Vinamilk,Operations Manager,education,50,0936313023
Đặng Ngọc Trang,dang.ngoc.trang.19284@haravan.vn,Haravan,CEO,fintech,500,0320634439
Võ Đức Tuấn,vo.duc.tuan.19285@vinamilk.vn,Vinamilk,CEO,education,10,0973587281
Ngô Xuân Quân,ngo.xuan.quan.19286@gmail.com,Pharmacity,Procurement Manager,fintech,50,0917896034
Ngô Thanh Hùng,ngo.thanh.hung.19287@gmail.com,Hoà Phát,Sales Director,ecommerce,50,0960385763
Bùi Minh Châu,bui.minh.chau.19288@gmail.com,Viet Tien Garment,Marketing Manager,fintech,25,0913717832
Võ Minh Lan,vo.minh.lan.19289@haravan.vn,Haravan,CFO,retail,1500,0931305306
Ngô Thanh Tâm,ngo.thanh.tam.19290@fptsoftware.vn,FPT Software,Operations Manager,ecommerce,25,0966674677
Phạm Hữu Hà,pham.huu.ha.19291@gmail.com,Duy Tan Plastics,Head of Finance,education,120,0707025274
Dương Hữu Lan,duong.huu.lan.19292@vinmec.vn,Vinmec,CTO,manufacturing,500,0938515013
Đặng Thanh Quân,dang.thanh.quan.19293@gmail.com,Hoà Phát,Product Manager,retail,500,0975301241
Lý Hữu Hùng,ly.huu.hung.19294@vngcorporati.vn,VNG Corporation,CFO,logistics,25,0351544966
Phan Quang Dũng,phan.quang.dung.19295@vinmec.vn,Vinmec,Sales Director,education,1500,0969705359
Trần Thanh Việt,tran.thanh.viet.19296@vinmec.vn,Vinmec,Procurement Manager,healthcare,25,0706171005
Đỗ Hồng Hà,do.hong.ha.19297@cenland.vn,CenLand,Kế toán trưởng,manufacturing,1500,0968904216
Dương Xuân Lan,duong.xuan.lan.19298@pnj.vn,PNJ,Procurement Manager,retail,10,0919642185
Võ Hồng Quân,vo.hong.quan.19299@gmail.com,Haravan,Product Manager,fintech,250,0960698325
HO XUAN CHAU,hoxuanchau6@gmail.com,Vinmec,Kế toán trưởng,education,50,0327870440
DANG THANH TAM,dangthanhtam7@gmail.com,Pharmacity,CFO,logistics,10,0935178057
NGO VAN AN,ngovanan9@gmail.com,Base.vn,CTO,software,120,0354135992
NGO QUANG TUAN,ngoquangtuan15@gmail.com,Viet Tien Garment,Marketing Manager,ecommerce,500,0974805307
PHAM NGOC LAN,phamngoclan17@gmail.com,MoMo,Procurement Manager,fintech,500,0919509375
TRAN THI CHAU,tranthichau18@gmail.com,MoMo,CEO,healthcare,10,0971279409
PHAM THANH KHANH,phamthanhkhanh20@gmail.com,Duy Tan Plastics,Head of Finance,software,25,0863850708
DANG MINH KHANH,dangminhkhanh23@gmail.com,PNJ,CEO,manufacturing,25,0979166249
NGO THI MAI,ngothimai29@gmail.com,Base.vn,Kế toán trưởng,software,25,0706601001
DUONG QUANG NAM,duongquangnam33@gmail.com,Shopee Vietnam,Sales Director,fintech,10,0967287680
VU HONG GIANG,vuhonggiang35@gmail.com,Base.vn,Marketing Manager,manufacturing,25,0972217294
LE XUAN QUAN,lexuanquan36@gmail.com,The Coffee House,Operations Manager,education,50,0976286845
LE MINH QUAN,leminhquan37@gmail.com,Thaco Industries,CEO,software,120,0702458105
PHAN DUC SON,phanducson38@gmail.com,Vinmec,Sales Director,education,1500,0908065960
NGO VAN LAN,ngovanlan41@gmail.com,Gemadept Logistics,Procurement Manager,logistics,25,0910515881
NGUYEN MINH NAM,nguyenminhnam47@gmail.com,Vinmec,CEO,retail,500,0703578483
DANG THI OANH,dangthioanh54@gmail.com,Thaco Industries,Head of Finance,software,120,0865236844
LE QUANG LAN,lequanglan58@gmail.com,Vinamilk,Operations Manager,fintech,10,0357215925
LY HUU PHUC,lyhuuphuc60@gmail.com,Base.vn,CFO,logistics,50,0702887220
NGUYEN XUAN LINH,nguyenxuanlinh61@gmail.com,Duy Tan Plastics,Kế toán trưởng,healthcare,1500,0907506239
HO XUAN LAN,hoxuanlan65@gmail.com,Pharmacity,Head of Finance,ecommerce,120,0911934933
DANG VAN DUNG,dangvandung69@gmail.com,VNG Corporation,CTO,software,10,0961741673
BUI HONG LAN,buihonglan73@gmail.com,Viet Tien Garment,CFO,retail,10,0359880498
DANG THANH HA,dangthanhha74@gmail.com,Haravan,Product Manager,ecommerce,1500,0907506766
LY HUU BINH,lyhuubinh79@gmail.com,VNG Corporation,Procurement Manager,fintech,25,0937580081
LY THI VIET,lythiviet84@gmail.com,VNG Corporation,CEO,logistics,25,0936054193
HOANG THANH TUAN,hoangthanhtuan85@gmail.com,Shopee Vietnam,Product Manager,manufacturing,120,0978475058
VO HONG GIANG,vohonggiang94@gmail.com,Base.vn,Marketing Manager,manufacturing,250,0976955654
NGO HONG HUNG,ngohonghung97@gmail.com,Duy Tan Plastics,Sales Director,retail,10,0706143969
HOANG THANH LAN,hoangthanhlan100@gmail.com,The Coffee House,CTO,software,25,0909659671
DO VAN KHANH,dovankhanh111@gmail.com,KiotViet,Procurement Manager,education,25,0359536356
HOANG THANH MAI,hoangthanhmai112@gmail.com,Gemadept Logistics,Operations Manager,fintech,120,0970750879
DUONG MINH NAM,duongminhnam115@gmail.com,Thaco Industries,CTO,healthcare,1500,0905676566
NGO DUC GIANG,ngoducgiang122@gmail.com,Base.vn,Kế toán trưởng,ecommerce,1500,0702805821
HO THANH TRANG,hothanhtrang123@gmail.com,MoMo,CEO,ecommerce,10,0320450693
PHAN MINH OANH,phanminhoanh126@gmail.com,MoMo,Product Manager,retail,120,0930007799
DO NGOC VIET,dongocviet130@gmail.com,Haravan,Product Manager,retail,250,0703522022
HO HONG SON,hohongson131@gmail.com,Haravan,Sales Director,ecommerce,500,0962717306
DUONG QUANG DUNG,duongquangdung136@gmail.com,Gemadept Logistics,Marketing Manager,fintech,1500,0903254446
VO VAN KHANH,vovankhanh139@gmail.com,Vinamilk,Procurement Manager,manufacturing,250,0919140113
HO DUC TRANG,hoductrang141@gmail.com,Base.vn,CTO,software,10,0867164092
DO HUU QUAN,dohuuquan143@gmail.com,Pharmacity,Kế toán trưởng,logistics,10,0866655112
NGUYEN THANH DUNG,nguyenthanhdung144@gmail.com,Pharmacity,Kế toán trưởng,education,250,0967419872
DANG DUC OANH,dangducoanh146@gmail.com,Vinamilk,Marketing Manager,logistics,1500,0700300420
BUI NGOC TAM,buingoctam147@gmail.com,VNG Corporation,CEO,manufacturing,1500,0917458337
NGUYEN HUU HUNG,nguyenhuuhung152@gmail.com,Vinamilk,CFO,manufacturing,50,0972405687
TRAN MINH SON,tranminhson153@gmail.com,CenLand,CEO,manufacturing,120,0912372882
HO XUAN MAI,hoxuanmai157@gmail.com,TopCV,Head of Finance,healthcare,1500,0902233242
VO THANH TUAN,vothanhtuan159@gmail.com,Tiki,CTO,healthcare,120,0351916083
BUI HONG GIANG,buihonggiang160@gmail.com,PNJ,Operations Manager,manufacturing,25,0964136597
NGO THI MAI,ngothimai161@gmail.com,Shopee Vietnam,Kế toán trưởng,retail,50,0963949969
LY HUU QUAN,lyhuuquan162@gmail.com,Shopee Vietnam,CEO,fintech,120,0967363272
VO DUC OANH,voducoanh163@gmail.com,MoMo,Marketing Manager,manufacturing,250,0907099836
LY XUAN PHUC,lyxuanphuc164@gmail.com,FPT Software,Marketing Manager,manufacturing,120,0913839156
DO HUU SON,dohuuson165@gmail.com,Viet Tien Garment,CEO,fintech,25,0355755187
HO THI NAM,hothinam171@gmail.com,PNJ,Head of Finance,education,120,0964578223
DUONG DUC BINH,duongducbinh173@gmail.com,Pharmacity,CFO,manufacturing,500,0861295832
LY HUU LINH,lyhuulinh175@gmail.com,Haravan,CEO,fintech,120,0971448994
TRAN XUAN MAI,tranxuanmai177@gmail.com,The Coffee House,CEO,fintech,1500,0977070959
HOANG DUC QUAN,hoangducquan181@gmail.com,PNJ,Sales Director,education,250,0936916461
LE VAN LAN,levanlan183@gmail.com,Viet Tien Garment,Product Manager,software,250,0355235843
LY VAN DUNG,lyvandung192@gmail.com,Vinamilk,Product Manager,retail,50,0326884795
DO QUANG KHANH,doquangkhanh193@gmail.com,Shopee Vietnam,Kế toán trưởng,ecommerce,120,0357755678
NGO QUANG VIET,ngoquangviet195@gmail.com,Vinmec,Product Manager,retail,50,0961551428
LE HUU NAM,lehuunam200@gmail.com,CenLand,CTO,retail,500,0967006933
PHAM QUANG SON,phamquangson209@gmail.com,Duy Tan Plastics,Sales Director,logistics,120,0701579073
DANG VAN OANH,dangvanoanh214@gmail.com,Tiki,Procurement Manager,fintech,250,0939939923
VU MINH HUNG,vuminhhung216@gmail.com,Pharmacity,Marketing Manager,software,1500,0706534658
HOANG HUU HUNG,hoanghuuhung217@gmail.com,Tiki,CFO,healthcare,500,0353236153
VU HONG QUAN,vuhongquan220@gmail.com,CenLand,CTO,healthcare,120,0705705747
NGUYEN THI SON,nguyenthison222@gmail.com,Shopee Vietnam,CEO,ecommerce,10,0320485319
HO MINH SON,hominhson224@gmail.com,Tiki,Procurement Manager,healthcare,120,0962926849
TRAN XUAN MAI,tranxuanmai228@gmail.com,TopCV,Procurement Manager,logistics,10,0329299844
PHAN VAN NAM,phanvannam230@gmail.com,VNG Corporation,Operations Manager,software,250,0972559943
DANG THI MAI,dangthimai231@gmail.com,Tiki,Operations Manager,education,120,0861354607
LE DUC DUNG,leducdung232@gmail.com,CenLand,Product Manager,ecommerce,25,0934277697
HO HONG GIANG,hohonggiang235@gmail.com,Base.vn,CTO,retail,120,0912934106
DO QUANG HUNG,doquanghung240@gmail.com,Shopee Vietnam,Head of Finance,software,50,0866499738
HO THANH LINH,hothanhlinh241@gmail.com,Haravan,Sales Director,retail,120,0702116031
HO NGOC TUAN,hongoctuan243@gmail.com,VNG Corporation,Head of Finance,healthcare,10,0350124983
DANG THI TRANG,dangthitrang248@gmail.com,Gemadept Logistics,Kế toán trưởng,fintech,1500,0964850016
BUI MINH HUNG,buiminhhung249@gmail.com,VNG Corporation,Marketing Manager,education,120,0354008893
NGO THI GIANG,ngothigiang252@gmail.com,Shopee Vietnam,Head of Finance,healthcare,250,0969500512
VU XUAN TAM,vuxuantam256@gmail.com,Base.vn,CTO,healthcare,1500,0979442538
LY THANH AN,lythanhan272@gmail.com,CenLand,Kế toán trưởng,retail,500,0862023244
DO THI QUAN,dothiquan276@gmail.com,Tiki,CEO,fintech,1500,0356620285
TRAN DUC LINH,tranduclinh277@gmail.com,MoMo,Head of Finance,healthcare,25,0967567805
LY NGOC TUAN,lyngoctuan280@gmail.com,Gemadept Logistics,CEO,healthcare,10,0968272772
VO THANH MAI,vothanhmai285@gmail.com,Vinmec,Product Manager,education,25,0970885373
HOANG THANH VIET,hoangthanhviet292@gmail.com,Hoà Phát,Marketing Manager,software,10,0919609316
VO THANH LAN,vothanhlan293@gmail.com,Shopee Vietnam,Marketing Manager,manufacturing,50,0324979269
HO MINH QUAN,hominhquan294@gmail.com,Gemadept Logistics,Operations Manager,software,10,0911829004
BUI THANH CHAU,buithanhchau295@gmail.com,Hoà Phát,CFO,fintech,25,0708162007
TRAN HONG NAM,tranhongnam298@gmail.com,MoMo,Sales Director,retail,25,0905047856
NGO THI PHUC,ngothiphuc302@gmail.com,Vinamilk,CFO,fintech,120,0961717716
TRAN VAN GIANG,tranvangiang307@gmail.com,Duy Tan Plastics,CTO,logistics,120,0915235931
VO VAN SON,vovanson309@gmail.com,Thaco Industries,Product Manager,software,500,0869097852
LY NGOC AN,lyngocan313@gmail.com,TopCV,CEO,logistics,50,0934163968
DANG THANH VIET,dangthanhviet315@gmail.com,Thaco Industries,Operations Manager,education,120,0350447297
HO NGOC MAI,hongocmai316@gmail.com,Hoà Phát,CEO,education,250,0354119712
HO NGOC CHAU,hongocchau318@gmail.com,The Coffee House,Operations Manager,education,120,0709559277
PHAM XUAN GIANG,phamxuangiang329@gmail.com,MoMo,Sales Director,software,250,0932671609
HOANG QUANG LAN,hoangquanglan334@gmail.com,Shopee Vietnam,Sales Director,healthcare,120,0931980873
TRAN VAN TUAN,tranvantuan338@gmail.com,TopCV,CFO,education,50,0705123198
PHAN MINH BINH,phanminhbinh343@gmail.com,Haravan,Procurement Manager,retail,10,0706249020
LE XUAN TUAN,lexuantuan346@gmail.com,Shopee Vietnam,CEO,fintech,25,0919031705
DANG NGOC TUAN,dangngoctuan351@gmail.com,Base.vn,Head of Finance,manufacturing,500,0935795445
NGO DUC TRANG,ngoductrang352@gmail.com,The Coffee House,CEO,software,1500,0902691467
TRAN THI GIANG,tranthigiang355@gmail.com,The Coffee House,Procurement Manager,manufacturing,120,0933263900
NGUYEN HONG LINH,nguyenhonglinh365@gmail.com,PNJ,Marketing Manager,healthcare,250,0904783462
PHAN HONG HA,phanhongha368@gmail.com,Vinmec,CFO,ecommerce,25,0869503859
LY VAN DUNG,lyvandung371@gmail.com,Tiki,CTO,ecommerce,50,0913760239
HOANG VAN TRANG,hoangvantrang379@gmail.com,Thaco Industries,CEO,education,1500,0868514176
NGO HONG CHAU,ngohongchau392@gmail.com,PNJ,Product Manager,manufacturing,25,0706261748
TRAN DUC LINH,tranduclinh393@gmail.com,The Coffee House,Product Manager,software,25,0975416769
PHAN MINH HA,phanminhha394@gmail.com,Viet Tien Garment,Product Manager,healthcare,120,0964891784
LY DUC HA,lyducha398@gmail.com,Duy Tan Plastics,Kế toán trưởng,education,500,0910955673
PHAN VAN HUNG,phanvanhung402@gmail.com,KiotViet,Operations Manager,fintech,120,0904731597
HOANG MINH HA,hoangminhha407@gmail.com,MoMo,Kế toán trưởng,ecommerce,50,0938515274
LY VAN DUNG,lyvandung408@gmail.com,CenLand,CEO,retail,1500,0975079011
HOANG NGOC VIET,hoangngocviet410@gmail.com,Pharmacity,CEO,healthcare,250,0914906036
VO NGOC VIET,vongocviet413@gmail.com,TopCV,Head of Finance,ecommerce,25,0703271635
VU HUU GIANG,vuhuugiang414@gmail.com,Pharmacity,CEO,healthcare,50,0971947616
PHAN HUU OANH,phanhuuoanh422@gmail.com,Tiki,Head of Finance,software,50,0320758740
PHAM DUC OANH,phamducoanh423@gmail.com,Hoà Phát,CEO,logistics,1500,0707117525
NGO DUC SON,ngoducson429@gmail.com,CenLand,Head of Finance,logistics,250,0862665736
PHAN XUAN CHAU,phanxuanchau437@gmail.com,VNG Corporation,Operations Manager,manufacturing,250,0350132626
LY VAN TAM,lyvantam439@gmail.com,Gemadept Logistics,Procurement Manager,healthcare,10,0860131268
DANG MINH DUNG,dangminhdung443@gmail.com,CenLand,CTO,retail,10,0919608915
VO QUANG OANH,voquangoanh444@gmail.com,Vinmec,Kế toán trưởng,retail,500,0325595072
VU VAN TRANG,vuvantrang446@gmail.com,Duy Tan Plastics,Product Manager,healthcare,120,0977632599
HOANG VAN VIET,hoangvanviet447@gmail.com,Gemadept Logistics,Kế toán trưởng,education,10,0961809543
PHAN XUAN BINH,phanxuanbinh451@gmail.com,Gemadept Logistics,Procurement Manager,ecommerce,500,0352394187
PHAM XUAN DUNG,phamxuandung458@gmail.com,Vinamilk,CTO,logistics,500,0969446976
DANG THANH AN,dangthanhan472@gmail.com,MoMo,Procurement Manager,manufacturing,50,0963219076
TRAN THI VIET,tranthiviet473@gmail.com,Vinamilk,CTO,software,500,0907225760
HOANG THI HA,hoangthiha474@gmail.com,PNJ,Procurement Manager,healthcare,50,0863293767
HO HONG OANH,hohongoanh475@gmail.com,Tiki,Head of Finance,healthcare,25,0919050282
DUONG XUAN LAN,duongxuanlan476@gmail.com,VNG Corporation,Head of Finance,ecommerce,120,0961038298
DO QUANG NAM,doquangnam477@gmail.com,Vinamilk,Kế toán trưởng,ecommerce,25,0912879063
VU NGOC LAN,vungoclan478@gmail.com,Pharmacity,Operations Manager,ecommerce,250,0968285726
DO VAN KHANH,dovankhanh483@gmail.com,Tiki,Operations Manager,ecommerce,1500,0909067719
DUONG THANH TUAN,duongthanhtuan486@gmail.com,Pharmacity,CTO,ecommerce,500,0356326690
LE QUANG TRANG,lequangtrang490@gmail.com,Gemadept Logistics,Procurement Manager,ecommerce,1500,0966266213
BUI QUANG VIET,buiquangviet491@gmail.com,The Coffee House,CTO,ecommerce,500,0975840242
HOANG MINH DUNG,hoangminhdung496@gmail.com,Thaco Industries,CTO,fintech,500,0964690117
VU MINH TRANG,vuminhtrang10001@gmail.com,Viet Tien Garment,Procurement Manager,healthcare,120,0969398252
BUI VAN TAM,buivantam10002@gmail.com,Vinamilk,CEO,software,10,0701787153
DANG NGOC HA,dangngocha10003@gmail.com,TopCV,Operations Manager,fintech,50,0708366122
VO NGOC TAM,vongoctam10004@gmail.com,KiotViet,Head of Finance,manufacturing,10,0703963810
HO VAN SON,hovanson10005@gmail.com,Vinamilk,Kế toán trưởng,healthcare,10,0969297062
HO DUC TRANG,hoductrang10009@gmail.com,Base.vn,CTO,ecommerce,10,0862362205
VO DUC OANH,voducoanh10014@gmail.com,FPT Software,Kế toán trưởng,education,1500,0864832709
DO MINH KHANH,dominhkhanh10020@gmail.com,CenLand,CEO,ecommerce,50,0861264057
DUONG HUU SON,duonghuuson10024@gmail.com,FPT Software,Head of Finance,ecommerce,10,0356998741
PHAN HONG CHAU,phanhongchau10026@gmail.com,TopCV,Marketing Manager,logistics,10,0861440801
DO DUC MAI,doducmai10030@gmail.com,The Coffee House,Sales Director,fintech,25,0908499105
PHAM HONG MAI,phamhongmai10031@gmail.com,CenLand,CEO,education,500,0708197339
DANG HONG NAM,danghongnam10033@gmail.com,Haravan,CEO,logistics,1500,0863810283
HOANG VAN HA,hoangvanha10036@gmail.com,MoMo,Procurement Manager,retail,1500,0866437555
DANG HUU AN,danghuuan10037@gmail.com,Tiki,CEO,manufacturing,25,0701163923
TRAN XUAN MAI,tranxuanmai10038@gmail.com,Base.vn,Head of Finance,ecommerce,1500,0916690271
TRAN HONG SON,tranhongson10040@gmail.com,KiotViet,Sales Director,fintech,10,0353055733
DO HONG TAM,dohongtam10043@gmail.com,Shopee Vietnam,Product Manager,education,120,0906908899
BUI THANH OANH,buithanhoanh10046@gmail.com,Hoà Phát,Operations Manager,software,1500,0708923215
BUI HUU AN,buihuuan10048@gmail.com,Viet Tien Garment,Product Manager,retail,120,0930971511
TRAN HUU OANH,tranhuuoanh10049@gmail.com,FPT Software,CTO,retail,50,0904506800
TRAN DUC TAM,tranductam10050@gmail.com,KiotViet,Operations Manager,logistics,500,0868719738
LE MINH LAN,leminhlan10051@gmail.com,Thaco Industries,Product Manager,retail,25,0359098093
TRAN VAN TAM,tranvantam10054@gmail.com,FPT Software,Marketing Manager,healthcare,500,0919084119
PHAN HONG OANH,phanhongoanh10056@gmail.com,VNG Corporation,Product Manager,healthcare,250,0700664208
HOANG QUANG NAM,hoangquangnam10057@gmail.com,VNG Corporation,Head of Finance,software,1500,0917248994
TRAN NGOC MAI,tranngocmai10065@gmail.com,Haravan,CFO,retail,120,0979251092
PHAN THI TAM,phanthitam10074@gmail.com,Haravan,Sales Director,retail,250,0860984401
HOANG THANH LAN,hoangthanhlan10077@gmail.com,PNJ,Head of Finance,healthcare,1500,0970726603
VU DUC CHAU,vuducchau10082@gmail.com,Pharmacity,Head of Finance,logistics,500,0918528147
PHAM MINH VIET,phamminhviet10086@gmail.com,Viet Tien Garment,Sales Director,healthcare,500,0356366878
NGO THI PHUC,ngothiphuc10094@gmail.com,CenLand,Operations Manager,software,500,0936181534
TRAN THANH VIET,tranthanhviet10097@gmail.com,Duy Tan Plastics,Product Manager,retail,1500,0901256288
VU XUAN AN,vuxuanan10100@gmail.com,Thaco Industries,Procurement Manager,fintech,1500,0351439323
VO NGOC CHAU,vongocchau10103@gmail.com,MoMo,Operations Manager,education,50,0978004776
VU QUANG CHAU,vuquangchau10110@gmail.com,Duy Tan Plastics,Operations Manager,software,120,0708526801
VO MINH LAN,vominhlan10114@gmail.com,Haravan,Sales Director,ecommerce,250,0352482932
LE NGOC TUAN,lengoctuan10116@gmail.com,Vinmec,Kế toán trưởng,education,1500,0909663438
DUONG THI OANH,duongthioanh10120@gmail.com,KiotViet,Head of Finance,fintech,50,0321207697
VU MINH VIET,vuminhviet10124@gmail.com,Duy Tan Plastics,Head of Finance,healthcare,25,0905129794
LY XUAN SON,lyxuanson10126@gmail.com,FPT Software,Sales Director,software,250,0353633050
VO THI MAI,vothimai10130@gmail.com,Vinamilk,Head of Finance,manufacturing,1500,0709645029
NGO HUU TAM,ngohuutam10135@gmail.com,TopCV,Sales Director,education,500,0977856456
DANG VAN MAI,dangvanmai10137@gmail.com,MoMo,CEO,manufacturing,120,0917436230
PHAN HONG VIET,phanhongviet10138@gmail.com,Hoà Phát,Marketing Manager,logistics,120,0350993149
PHAM NGOC QUAN,phamngocquan10139@gmail.com,PNJ,Product Manager,education,25,0974947495
DUONG HUU HUNG,duonghuuhung10142@gmail.com,Vinamilk,Kế toán trưởng,fintech,25,0937747430
VU THI BINH,vuthibinh10144@gmail.com,VNG Corporation,Sales Director,ecommerce,25,0701248505
LY QUANG GIANG,lyquanggiang10145@gmail.com,Thaco Industries,CEO,logistics,50,0354292300
PHAM VAN TUAN,phamvantuan10147@gmail.com,Duy Tan Plastics,CTO,manufacturing,120,0329603813
DO HONG OANH,dohongoanh10148@gmail.com,VNG Corporation,Marketing Manager,retail,50,0323106237
BUI MINH KHANH,buiminhkhanh10151@gmail.com,KiotViet,CTO,ecommerce,50,0869123235
HOANG VAN NAM,hoangvannam10152@gmail.com,Base.vn,Operations Manager,education,10,0359115115
NGO MINH HUNG,ngominhhung10156@gmail.com,Vinmec,Kế toán trưởng,manufacturing,250,0701616687